,text,sentiment
38761,"Старый отель, находится недалеко от метро (5 минут пешком от станции Владыкино) тихое место.. ... Наша комната была чистая с хорошей звукоизоляцией... соседей мы не слышали .... хороший завтрак, много различных салатов, много фруктов, есть несколько видов каш, любой может найти себе что то по вкусу.. персонал доброжелательный .. отношение цены и качества -идеальный.. вобщем осталось приятное впечатление...",0
9482,"Только вот никаких грузоперевозок по ней нет нигде, даже в Китае. С таким же успехом перевозки осуществляются самолетом, но при этом это и выгодно
",0
1021,"Этот автомобиль впечатляет во всех отношениях. Купил его себе мой дядя и он в полном восторге! Когда я впервые проехала на этом автомобиле, то просто не хотела расставаться с ним)... Проходит он в самых ""страшных"" местах - через грязь и кочки, по которым мы на другом автомобиле вообще предпочитаем не ездить, так как не раз уже не могли выбраться. Дорогу держит хорошо.Разгоняется очень быстро и скорость при этом совсем не чувствуется. Машина идет уверенно. Никаких шумов в салоне не слышно.Расход топлива маленький - 8 - 10 литров по городу, на трассе и того меньше.Салон мне очень нравится - все сделано с умом. Комфортно и удобно. ""Я хочу такой же!"" - заявила я мужу, а он и не против, так что как только мы сможем позволить себе такой же автомобиль, то непременно его купим! ",1
15496," Чеховъ "" .  Очень милое заведение .  Барышни-официантки просто загляденье ! ( Порадовали глаз соответствием общей концепции - скромные , вежливые , приятной наружности . Восхитило особенно - отсутствие косметики и убранные волосы . Кому как - а для меня это признак хорошего вкуса . Плюсом юбки в пол и белые фартучки - чудо ! ) Русскую кухню люблю .  Порадовали . ( Пожалуй , только квашенной капустке хрусткости не хватало , но это мелочи . ) Приятная атмосфера , забавные мелочи интерьера вспоминаются с улыбкой .  Рекомендую , кто не был .  ",1
8859,"Что сказать ..... Даже не хочется обсуждать .  Просто плюсы и минусы .  Плюсы : 1 . приветливый и терпиливый персонал ( но не обученный ) . 2 . когда я там был - на плазмах крутили МТV Dance , очень редкий канал , не часто встретишь в барах СПб , очень стильное и в меру эротичное видео - часто девушки в бикини , подтанцовка гоа-гоа и почие примочки .  Уставился , даже перед женой и друзьями не ловко было .  Звук в самом баре был другой , не с плазм , так что если это их концепт , то мне очень по душе . 3 .  Есть развлекуха для детей - фломастеры , раскраски , коктейли молочные в качестве бонуса в детских стаканах - мелочь , а приятно . 4 .  Кухня приемлема - суши на уровне , правда тунец есть не стал , очень сухой и подозрительный попался .  Минусов больше , такова , по всей видимости , человеческая натура : 1 .  Убило накрытие : суши на европейских тарелках ( просто серпом по я .... ) , приборы в пивном бокале , обвернутые салфеткой .  В этот же бокал до кучи палочки и трубочки для коктейлей .  Просто салфеток на столе нет .  О качестве стекла-посуды-приборов я просто не говорю .  Какой-нибудь "" газеты "" с надписью "" Громов "" под еду нет - все на стол .  Зато зубочисток в шоте - мечта даниста . 2 .  Бесят автоматические краны в туалете - ОТКУДА они ( хозяева , управляющие , сантехники ) знают какой температурой я люблю мыть руки !!!!!!! 3 .  Свет - его очень мало , меню читаешь и напрягаешься .  Плавающая свеча на столе не спасает . 4 .  Окна на кухню , через которые видно все кухонное помещение и таджички с купленными мед. книжками или вообще без таких - не радуют . 5 .  Пиво - для пивного бара очень мало ( 3 сорта фирменного , из которого реально только 2 , и три сорта импортного , плюс две позиции бутылочного ) .  Тогда назовитесь по другому .  Суши и антисуши "" Громуша "" , например . 6 .  В конце принесли сдачу на 1200 рублей меньше , вот тогда я понял , зачем так мало света .  P.S. По ожиданиям думал потрачу около 3000 , в итоге уложился на двоих с женой в 1500 , при этом поели суши и да я выпил немного ( 0,5 Ирландское темное , забыл название , но в этом баре очень достойное со стойкой сливочной пенкой и 100 мл граппы ) .  Ребята , Вы потраченных денег стоите , но не больше .  Спасибо .  ",0
46240,"Как везде на Патонге заселяют после 14. С заселением проблем не было. Было несколько минусов. В номере не работал сейф,но по нашей просьбе все исправили. Мало мебели в номере было.Пришлост просить ещё 1стул,принесли) В остальном все в норме.Уборка нормальная. Завтраки тоже. Чистый бассейн. Купались там в дождь) Номера не большие,но мы были вдвоём с подругой,нас не напрягало. Очень понравилось,что кондей дул в ноги. Часто заболеваю от них, поэтому для меня это было важно ) Депозит взяли 100 баксов. По большому счёту нас все устроило.",0
30173,"Прексрасные, чистые, европейские комфортные номера. Гости могут посещать сауну, бассейн, хаммам и тренажерный зал – так что лучше захватить купальник заранее. Несмотря на расположение отеля вблизи шоссе, в номере абсолютно не слышно шума. Прекрасный завтрак, отзывчивый персонал, удобная большая парковка на территории отеля. В 10 минутах ходьбы большой парк Покровское-Стрешнево с родниками и большой территорие й для прогулок и отдыха",1
67856,"Перенесли на завтра, забыли предупредить
Я в шоке от этой стоматологии! Такого наплевательского отношения к пациентам я еще ни разу, нигде не встречал. Здесь ниже уже написано, про несоответствие обозначенных цен и цен «на выходе», но я из-за этого, не стал бы устраивать скандал, и писать отзыв. А вот когда ты приходишь устанавливать коронку по записи, в оговоренное на прошлом приеме время, — а тебе говорят: Мы Вас перенесли на завтра, извините, что забыли вам позвонить, администратор в этом виноват, мы его накажем. То есть, даже извинится пытались, не за то, что в одностороннем порядке перенесли прием, а лишь за то, что не предупредили об этом.
Вы скажете: Что за бред? Такого не может быть. Ну так вот я, сегодня столкнулся с такой ситуацией. Как выяснилось пришла пациентка, которой, надо было срочно. А я куда денусь на середине работ? Все равно ж, у них доделывать придется, — не начинать же в другой клинике, с самого начала. Вот такое вот отношение…
",2
4155,"))  Ну не уроды наш гнилой народец!!!! Ни доказательств, ни расследования, ни суда ещё нет, а они уже человека в педофилы записали и пинают его что есть мочи. Пипец, а не страна.  А кто девушка? жертва? всё время говорят девушка и всё, она жила сними? родственница?  Опять какое-то говно из Промо вывалилось.  Но комментарий здесь оставили)))   Да кому он нужен, кроме Темы.  че там обоссанный пейсак опять прокукарекал  тесак? это тот хуй которого в мочу окунули?  Ну чо блять твари Нашисткие Приуныли?Притухли мразоты?А ведь я ещё картинку здесь даже вставить не могу...  я бы Адагамова с удовольствием посмотрел не только в передача Тесака, но и на шершавом колу где-нибудь на Красной Площади. Жалкая, хлипкая, безвольная, мерзкая гнида. И на тебе - блоггер номер 1, член КСО, белоленточник.Мудачье, да вас же как баранов чурки и басурмане перережут, если такие хлипкие оморфные люди будут управлять этой страной и диктовать ей куда идти.Просто насадят на кукан, и будут вертеть посвистывая",0
29165,"Полностью не согласна с отрицательными отзывами
Хотелось бы выразить благодарность Лисициной Галине Николаевне! А также всему персоналу! Очень приятный человек, компетентный врач! Открытая, все четко объясняет (разжевывает), даже в свои нерабочие дни она готова дать совет и проконсультировать! Очень удобно, что все, как говорится, включено в кабинете, не нужно отдельно записываться на узи или анализы, нужно просто прийти и по мере необходимости вам проведут нужные процедуры, так сказать! Я попала совсем случайно в АЭЛИТУ и меня не выгнали, хотя я и не записывалась! Работают и по выходным, всегда подстраиваются под пациентов! Про бахилы и чистоту я вообще молчу. Там все идеально! Кому там бахилы пришлось покупать? Непонятно! Совершенно не навязывают никаких препаратов, процедур, вы все сами видите по результатам анализов в процессе лечения, если есть необходимость в этом, врач всегда скажет! Лично у меня было множество проблем: и киста, и нарушения менструального цикла, и гормональный сбой. Благодаря Галине Николаевне, мы миновали все это в очень короткие сроки, а сейчас планируем беременность! И я всем советую, кто думает о своем здоровье, о детишках посетить эту клинику! Вам действительно помогут!
",1
14670,"Я очень рада , что открылась Гинза на Юго-западе .  Отличное место , все оооочень вкусно !  Мясо готовят божественно .  Малиновый морс , это шедевр .  Хожу сюда минимум раз в неделю с самого открытия .  Сервис на чистую 10 .  Съела всего одно блюдо не вкусное и то , сама виновата , не разобралась , из чего именно это блюдо .  Заменили без проблем , даже не платила за неудачное блюдо !  Вы молодцы ! вам чистая 10 .  На Ленинском проспекте , Вам нет равных .  Из минусов только - парковка .  ",1
26878,"Внешний вид кафе ( язык не повернется назвать "" это "" рестораном ) располагает к уюту и приятной атмосфере потенциального гостя , но внутри все оказалось немного иначе .  Во-первых , совсем не понравилось то , что помещение постоянно патрулиурют мухи , во-вторых , цены в этом кафе "" аховые "" , за такие деньги можно 2 раза сходить в находящийся неподалеку ресторан Севгилим .  Шикарное помещение , великолепный обслуживающий персонал , а главное , приемлемые цены !  Вообщем-то на кафешку среднего класса потянет ...  ",2
4046,"Останавливаясь в этом отеле приготовьтесь к тому что в номере вас будут ждать грязные полы, неисправный туалет, ванная со слоем извести, отвратительный рецепшн. Не верьте рекламе на сайте, это всё выдумка. Многим нравятся завтраки. Да, они и вправду были неплохими, но главное в гостинице - это обслуживание и как выглядит номер, поэтому общая оценка - 1 из 5.",2
44744,"В целом все понравилось, не буду расписывать про отель,тут уже и так много написано,что он зелёный и ухоженный, напишу про персонал отеля-все девушки на ресепшн отзывчивы и приветливы, за исключением мужчины Дона-он надменный и высокомерный,как будто к нему приехала 7 вода на киселе и это его очень злит...может быть он только к русским относится так-видела несколько русскоговорящих пар которых он заселял ,а нам он ещё и предложил доплатить за номер,хотя мы изначально брали не дешевый вариант ...ниже уже читала такой же отзыв и полностью согласна,что это лохотрон!Из-за Дона оценку снизила",0
55360,"Очень понравился роддом
Рожала в роддоме 18.02.2011. Очень понравился роддом, отношение отличное, что в патологии, что на родах, никто ни разу не нахамил, не накричал. Роды принимала акушерка Наталья Николаевна ( Фамилии не помню)отнеслась как к родной дочери, и водичку подаст и успокоит и пошутит. Детские врачи тоже отзывчивые, на все вопросы отвечают с охотой, всё показывают и рассказывают. Рожала абсолютно бесплатно.
",1
13259,"Спасибо работникам реанимационного отделения
Большая благодарность врачам и медсестрам реанимационного отделения! Спасибо Яцино Д. К. профессионал своего дела, врач который спасает людей! Всем работникам спасибо за вашу работу, за вежливое доброе отношение и сочувствие!
",1
22418,"НЕСТЕРОВ Роман Андреевич –  следователь по особо важным делам 2 отдела по расследованию особо важных дел (о преступлениях против государственной власти и в сфере экономики) следственного управления Следственного комитета по Волгоградской области ..Этот Нестеров?  Скоро будет статья  За знакомство с Навальным   А Вы как думали - ордена почёта только за красивые глазки дают? Заслужить надо!  а сколько ему лет?  Вот уроды!  Каким образом он пособничество по ст.310 собирается сочинить?Диспозиция статьи подразумевает, что разглашение данных предварительного расследования возможно только лицом, предупрежденным в установленном законом порядке о недопустимости их разглашения. Следовательно, для привлечения к уголовной ответственности журналиста, не получавшего такого предупреждения не возможно, равно нет правовых оснований для отмены свидетельства о регистрации  Новой газеты .  Дай им волю, они запретили бы все СМИ и социальные сети.   А что, нормально, Ирек.",0
66602,"Я счастлива
Я всю жизнь мечтала о ровных белых зубах. То, что это возможно, я знала. Много стоматологов предлагало свое лечение. Были сомнения, но в этой клинике невероятная атмосфера добра и понимания. Я нашла своего доктора! Спасибо Вам, Андрей Андреевич Опарко. Процветания и здоровья всей вашей семье!
",1
11355,"Благодарность лечащему врачу Алексеевой Алле Сергеевне и медсестрам
Я находилась на стационарном лечении в период с 18 апреля по 8 мая во 2-м отделении Терапии.
Я не смогу найти лучших слов благодарности, она лечит и делом, и словом, помогает и успокаивает, очень внимательно и с пониманием относится к каждому своему пациенту. Это Врач с большой буквы, врач от Бога. Я прожила 85 лет, за мою долгую жизнь встречались хорошие врачи, но такой специалист и прекрасный человек повстречался и помог мне впервые!
Я благодарю ее за все: за оказанную помощь, за назначенное лечение, которое мне помогло, за терпение, и я стала себя чувствовать гораздо лучше, побольше бы таких отличных и грамотных врачей, как Алла Сергеевна!
Также я хочу выразить благодарность медсестрам Сияховой Алле, Яковлевой Светлане, Ламакиной Кристине и Поповой Надежде (медсестре процедурного кабинета). Большое им Спасибо за внимательное и уважительное отношение к нам, вашим пациентам.
",1
13241,"Проблема в том, что маленький ребенок, иной раз чуть ли не до шести-семи лет, в запале просто упускает момент, когда надо попроситься в туалет. Поэтому не вижу ничего криминального в том, чтобы надевать на ребенка подгузник при походе в такие места.
",0
3615,"Срок введения обязательных пенсионных взносов работодателя (ОПВР) в Казахстане могут перенести. Об этом журналистам в Астане сегодня сообщила министр здравоохранения и социального развития Казахстана Тамара Дуйсенова.   Поправки в законодательство по вопросам пенсионного обеспечения, предполагающие введение условно-накопительной компоненты пенсионной системы за счет установления дополнительных пятипроцентных обязательных пенсионных взносов работодателя, были приняты в августе 2015 года. В проекте закона датой введения этих дополнительных пяти процентов обязательных пенсионных взносов значилось 1 января 2018 года.   По ее словам, имеются предложения о переносе ОПВР на сроки от одного года до двух лет. «Мы с учетом финансовой ситуации, стратегии экономического развития, которые сейчас разрабатываем с министерством национальной экономики, вместе рассмотрим и сообщим», — сказала Дуйсенова журналистам.   Согласно законодательству Казахстана, работающие граждане страны обязаны ежемесячно отчислять 10 процентов своей заработной платы в Единый накопительный пенсионный фонд (ЕНПФ). Предполагается, что выплаты по пятипроцентным отчислениям не будут считаться собственностью работника, и будут находиться в активе ЕНПФ.   В прошлом месяце силовыми органами была начата проверка по факту приобретения ЕНПФ облигаций частной компании «за счет собственных средств». Под арест взят Руслан Ерденаев, возглавлявший до задержания ЕНПФ, и директор департамента управления рисками Муса Бахтов, а также руководство частной компании, облигации которой были приобретены пенсионным фондом. ",2
33746,"Очень долго не могла определится с отелем приезжала на пару дней, Аквамарин то что надо очень чисто уютно тепло, вежливый персонал, очень круто спасибо Вам все на высшем уровне, номер был 316 суперио самый простой но очень классный , и уютный спасибо Вам☺️☺️☺️",1
19769,"Большое спасибо моему гинекологу
В целом впечатление о Центре положительное, ""цены не кусаются"". Хожу к гинекологу Сибилевой Анне Владимировне, доктор замечательный, очень отзывчивая, внимательная. Планирую в дальнейшем наблюдаться исключительно в этом центре.
",1
40109,"Останавливался в этой гостинице 8 раз в 2016 году, постоянный клиент.На первый взгляд, неплохое соотношение цена / качество, удобное расположение, плохая организация сервисных процессов, недружественный персонал.Отдельный комментарий по поводу бара в вечерние часы: бармен(ша) просто катастрофа, отсутствует на рабочем месте по 15-20 мин., вызвонить её невозможно. Подобная ситуация повторялась три раза. Большинство гостей не ждёт, а просто уходит.Охранник не следит за порядком на уличной территории гостиницы, предпочитая подслушивать разговоры гостей. Служба охраны требует однозначно другой организации.При последнем пребывании заселялся в гостиницу рано утром, около 4 часов утра, владелец золотой карты Accor, согласно условиям, имею право на ранний заезд.Дежурный менеджер г-жа Оксана Котляр предложила оплатить полный день по тарифу выше того, по которому я бронировал на странице Accor.Нулевая готовность помочь, недружественная коммуникация.Не было сил на пререкания, просто очень хотелось спать после двух полетов.Больше не буду останавливаться в этой гостинице и не буду рекомендовать ее моим друзьям.",2
10173,"Хочу выразить благодарность!
Лечилась в 5 хирургии в 2009 году. Хочу выразить большую благодарность Ивахову Г. Б. -врач ОТЛИЧНЫЙ. Спасибо большое!
",1
48076,"Ребята, не вкоем случае не берите отель, Пегас или кто там еще будет втюхивать. Стыд, срам, вонь, и неуважение за ваши деньги.Отдельно компании Пегас - верх не профессионализма и безответственного отношения. В случае любой ситуации на них не надейтесь.",2
478,"Отмечали в этом ресторане юбилей сотрудницы составом 35 человек .  Два раза ездили оговаривали меню , при этом мы предупредили , что никаких ограничений , предлагайте нам , мы закажем и оплатим , главное , чтобы гости были сыты !  Нас убедили , что того , что мы заказали более , чем достаточно ...  На деле оказалось всё по-другому ...  Порции с салатами оказались мизерными , их нереально было разделить на шестерых человек ( за одним столиком нас сидело именно столько ) .. чисто символически все попробовали по ложечке и на этом оказалось ВСЁ !  Больше нам ничего не доносили .. оставалось с нетерпением ждать горячего !!! Дождались .. Кутабы , крошечные , прозрачные , непонятно чем начинённые .. на шестерых человек - шесть штучек .. съели даже не распробовав !  Когда же принесли шашлык и овощи-гриль все воспряли духом .. НО ! оказалось , что рано радоваться ...  То что казалось горой мяса , на самом деле было не что иное , как несколько кусочков шашлыка , искусно замаскированных и похороненных под обилием картофеля , умело зажаренного в цвет с мясом !  Три помидорки .. пара долек печёного болгарского перца .. три крошечных кусочка красной рыбки ( никак не ожидали , что порция рыбного шашлыка в "" Лесном "" столь мизерна ) ...  Морс по 350 рублей за кувшин - это тоже роскошь , как будто они там лично выращивают ягоды , из которых он готовится ...  А малюсенькая бутылочка воды , на один стаканчик , стоимостью 50 рублей ...  Почему не разрешить хотя бы тогда свои соки ?  Ведь на банкет было потрачено ОЧЕНЬ НЕМАЛО !!!! Да , были хорошие фруктовые тарелки - спелая черешня , абрикосы , яблоки , и даже тооооненькие ломтики ананаса .  Но сами понимаете , мужчины , которые пьют крепкие спиртные напитки не могут заедать весь вечер их фруктами , огурцами и помидорами !!!! Короче , нас спасло хорошее настроение , танцы ( раз кушать нечего ) и наш неиссякаемый оптимизм !  Кстати , отгороженная ширмами , часть террасы была обещана в наше полное распоряжение , на деле же на ней постоянно кушали и отдыхали другие посетители ресторана !  Так что мы туда больше ни ногой !  Потому что кроме интересного интерьера посмотреть-то там не начто и поесть нечего ...  ",0
7500,"Офтальмолог Бакунина Наталья Александровна
Выражаю благодарность врачу-офтальмологу Бакуниной Наталье Александровне! До Нового Года успешно проведена операция по замене хрусталика. Через 2 месяца также успешно проведена операция по замене второго хрусталика. Благодаря Наталье Александровне у меня 100 % зрение! Спасибо большое всему лечащему персоналу за внимательность, заботу и профессионализм!
Личная благодарность и уважение Бакуниной Наталье Александровне! Здоровья и успехов во всех делах! Рекомендую всем, кто нуждается!

С уважением,
Александр Евгеньевич Макавеев.
Полковник Федеральной Таможенной Службы России.
",1
19849,"Узи и биохимия
Когда надо сделать узи или биохимию крови годовалому ребёнку, ездим только туда. Узист - наша знакомая врач, которую рекомендовала знакомая врач из Морозовской больницы. Очень нравится, подробно смотрит. В нашей районной таких нет специалистов. На счёт биохимии, у нас вообще отказываются брать кровь у детей до 3-х лет. Полгода назад попробовали - пришлось 3 раза приходить! Все вены ребёнку искололи, никак поймать вену не могли, и в итоге крови толком не хватило, начался спазм! В СМ-доктор же берут быстро, с первого раза, и ребёнок даже ручкой машет на прощние. К другим врачам не обращаемся, у нас хороший педиатр в районной поликлинике.
",1
15538,"мне не понравилось . интерьер симпатичный на 4 + , обслуживание отвратительное , половина меню отсутствует , а очень хотелось попробовать имбирный лимонад .  Сказали , что японская кухня не работает , но через час увидел как кому-то несли роллы .  Нам принесли повторно заказ , и на наши слова , что мы это заказывали один раз-официантка нам ответила , что два , поставила блюдо и ушла без лишних комментариев , совок короче !  Кухня ничего , но стоимость зашкаливает .  Ценник сравним с гинзой , но качество явно не на эти деньги ( ИТОГ : хорошо , что есть гардероб  ",0
58624,"Врачи контролировали весь процесс
Рожала 24 апреля 2010 в 17 роддоме бесплатно, первые роды. Считаю что это один из лучших роддомов Москвы. Поступила в 6-40, родила в 16-00 дочку. Отношение в предродовом отделении нормальное, после осмотра и подписания документов отвели в родовой бокс, лежала там одна, врачи контролировали весь процесс. Сделали эпидуральную анестезию, также вводили окситоцин для стимуляции, прежде чем что-то делать врачи спрашивали согласие в письменном виде, но я прислушивалась к их мнению, роды прошли нормально, на потугах врач не присутствовал, ушел на срочную операцию, но были две окушерки, которые приняли роды и не отходили, подсказывали что делать, как дышать, и в каких позах пережидать схватки. Я переживала, что не смогу сама родить, так как я миниатюрной комплекции, больше переживала насчет узкого таза, но ребенок прошол как положено, родила уже на 6-8 потуге, есть только небольшой разрывчик снаружи, но это ерунда, зашивали под анестезией. Как только родилась дочка, положили ее на живот, минут на 5-10, пока обрезали пуповину, потом всех отвозят в коридор и лежишь 2 часа под контролем врачей, если все нормально, переводят в послеродовое отделение, меня перевели через 2 часа. В послеродовом хорошие условия, в палатах по два человека, есть душ и туалет, это очень важно так как пришлось лежать 4 дня. Отношение ко всем одинаковое, отличие контрактников только в одноместных палатах с телевизором. Детские врачи конечно не долго задерживаются на обходе, не успеваешь задать все вопросы, но в целом все понравилось. По поводу врачей все на высшем уровне, огромная благодарность Корбуту Андрею Владимировичу, врачу который дежурил на родах, Сергею Михайловичу, и акушерке, Елене Викторовне, и другой Елене, отчество не знаю. На вторые роды, только в 17 роддом.
",1
3021,"о Навальный - политик, у него такое амплуа. Не ставить под сомнение итоги этих выборах при 51% и поздравить Собянина это для него, как для политика, в современнной российкой реалии, было бы ошибочно. Но и к революции никто не призывает уже и это правильно.  Небольшой вопрос - а в приличных странах происходит систематический подкуп избирателей продуктовыми наборами, полное доминирование одного кандидата в СМИ и рекламе и политические дела против оппозиционного кандидата?Я думаю, риторика про раскулачивание Пжив не нравится только Пжив. Вы тоже из их числа?  Какие, блядь, западные стандарты? Западные стардарты в стране, где оппозиционеры сидят в тюрьме, диктатор раздал своим друзьям половину экономики, а за призыв прогнать оного диктатора дают двушечку?   А Навальный что, электоральный географ, социолог, или еще кто-то? Политики постоянно переоценивают свой рейтинг.  Ну а как вы объясняете странное исчезновение и магическое возвращение?  Я понимаю почему там повышенный процент за Навального, но, видимо, автор считает, что там статистически что-то не то.   Навальный - политик, у него такое амплуа  - о чем я и говорю. Амплуа борцуна-люстратора имеет свой электоральный поток. Хочешь получить большинство? - смягчай позицию - это железное совершенно правило",0
1581,"Тут же были посты от учащегося на пилота, на 130 летает - он рассказывал, чем они отличаются.",0
8586,"ух захватывает!  Подождем.Согласен,захватывает.Тут   где-то   читал  в  сети  один   капитан  3  ранга ,уже  на  пенсии,  вспоминал  как  его   готовили   на   новострой,  мапл  - Северодвинск-.Он   на  пенсии, а    корабль  все   испытывают   и   числят  новостроем.  Вот поэтому планы и вызывают скептицизм.Кстати,читал,что из всей серии тех пассажирских теплоходов,на плаву только А.Тарасова.Ее шведы купили,приспособили к плаванию во льдах и катают туристов в Гренландию.Хороший теплоход,качественный",1
40482,"Бронировала отель на 1 ночь.Удобно, что сутки считаются от часа заезда. Трансфер тоже весьма кстати, т.к. отель расположен вроде недалеко, но самостоятельно добраться нереально. Кафе очень уютное, обслуживание быстрое, приветливое. Номер достался в мансарде, что не совсем удобно, т.к. на окне нет занавески. В целом впечатление приятное, хорошая альтернатива ночевке в аэропорту.",1
64543,"Удалили зубы
Жульничают, не составляют договор! Обманным путём, пользуясь непонятными медицинскими терминами нагнав страху, мне удалили 6 зубов, которые не вызывали жалоб. Потом поставили протезы. Верхний вываливался изо рта даже при разговоре, а нижний через два часа сломался во время еды. Я до сих пор в шоке. Пришлось ставить импланты, правда в другой клинике! Все ещё надеюсь, что деньги мне вернут.
",2
9156,"Модернизация
В газете "" Региональные вести"" за 8.02.2012 года прочитал информацию о Коломенской ЦРБ. Ужас! Куда идём???
",2
30275,"Хочу сказать спасибо
Всей семьей уже несколько лет наблюдаемся в этом центре и могу сказать только хорошее. Особо хотелось бы выделить Черных Галину Анатольевну. Она первоклассный специалист и не раз выручала и помогала. Всегда внимательна к клиентам. С уважением.
",1
1191,"днако!Познавательно, да  ну да, Восток дело тонкое, даже жрицы любви уважаемая каста, вот мне очень симпатизирует вот такая  звездочка , очень необычная японка, не могли бы вкратце рассказать о ней? ??? ????????, бодибилдер, но не перекачана  Спасибо.  Рад помочь.Отдельно хочу обратить внимание на то, что фотографии гейся, по своей стилистике, в большинстве своем явно восходят к  изображениям известнейших гейш , распространенным в гравюрах уки-ё. Почти всегда это парадные портреты. И даже для жанровых фотографий можно найти аналоги в уки-ё.В то же время фотографии ойран, это либо явно жанровые сценки, либо постановки в стиле нарождающейся европейской эротики/порнографии. Кстати сказать, девушка с распущенными волосами и макияжем имитирующим  европейское лицо - категорически не может быть гейся (да и майко) -для них это высшей степени не прилично. Только ойран. Традиционализм японцев в этой области запределен и сейчас, что уж говорить про XIX в",1
19848,"Благодарность бригаде
Здравствуйте! Хочу выразить свою благодарность сотрудникам детской клиники «СМ – Доктор»: диспетчеру по приему вызовов Бугаевой Елене Юрьевне, быстро и профессионально принявшей вызов на выезд бригады детской скорой помощи, а также бригаде № 3: фельдшерам Мухтаровой Бахоре Маматкуловне и Лаврентьеву Ивану Олеговичу, водителю Долгову Павлу Борисовичу, приезжавшей ночью на вызов 13.12.12 к моему маленькому сыну. Фельдшер Мухтарова Б. М. за 2 минуты смогла «наладить» контакт с 3-х летним ребенком, быстро и профессионально осмотреть ребенка, поставить диагноз и назначить соответствующую терапию. Все было грамотно, уверенно и на позитиве. Большое спасибо. Наша семья желает всему персоналу клиники здоровья, душевного комфорта, удачи и финансовой стабильности в наступающем году.
",1
46861,"Я всегда выбираю отели исходя из бюджета и очень тщательно выбираю место. Мне важно, чтобы на Пхукете это был хороший пляж, недалеко от моря. Ну и, конечно, чтобы было недорого. Бамбу хаус меня очень впечатлил. Отличный отельчик. Небольшой, но! Расположен на Кароне. Минуты 4 до пляжа. Отличный ресторан. Бассейн махонький, но мне он и не нужен, с учетом, какой пляж в Кароне. Понравился интерьер отеля. Номера небольшие, но очень стильненькие и безупречно чисто. В третий мой приезд мне достался неудачный номер, я не могла уснуть после перелета, мне мешал насос или генератор какой-то за окном, а спать с кондёром я не люблю. Мне тут же предоставили номер просто поспать ночь, а утром со всеми чемоданами и спутниками переселили в нормальный номер.",1
18108,"Не соглашусь с вами , Грабли и близко не столовка .  Вы только взгляните , какие там залы .  Ну где вы в столовых видели подобное ?  И блюда там как самые простые так и довольно сложные по специальным рецептам !  Может вас смущает их принцип фри фло где подразумевается самообслуживание ?  Так ведь так даже удобней и быстрее !  И то что цены ненамного выше чем в столовой это огромный плюс ведь качество блюд на высоте !  ",2
35883,"Не рекомендую
Разводилово на деньги в чистом виде и вдобавок цель не вылечить пациента, а залечить, чтобы побольше лекарств всучить в их дорогой аптеке, которая находится при центре на 1905 года. Такое ощущение, что клятва Гиппократу и не давали.
",2
67931,"Благодарю сотрудников стоматологии Тари
Самсоновой Татьяне Владимировне - СПАСИБО! СПАСИБО! СПАСИБО! ВЫ ВРАЧ ОТ БОГА!
",1
14743,"Условия не главное
Сама больница и атмосфера в ней просто ужасные! Но все это ничто, по сравнению с профессионализмом врачей, а для меня это и есть во главе всего. Ну и пусть ужасные условия, тараканы, жуткие соседи по палате в виде наркоманок и алкоголичек, но для меня ведь важнее здоровье моего ребенка. Врач успешно поставила диагноз и подобрала лечение. Медсестры очень вежливые и отлично справляются со своей работой. По крайней мере, таков мой опыт в этой больнице.
",1
30241,"Хотелось бы к чему-нибудь придраться, но отель оставил только приятные впечатления. Начиная с фирменных печенюшек на ресепшн и заканчивая трансфером до метро и Белорусского вокзала. Персонал приветлив и внимателен. Готовы решить ваши проблемы. Завтрак обилен (может чуть больше разнообразия, но это проблема всех шведских столов). Официанты и место помогут найти и кофе свежий принесут. От отеля до метро пешком 10 минут, но если позаботиться заранее, то можно воспользоваться бесплатным трансфером. Ну и обязательны к посещению тренажерный зал и спа-зона. Номера? Может кому-то надо больше, но для деловой поездки, когда утром ушел - вернулся поздно, номер даже с перебором. Пока писал вспомнил, что омрачило впечатление - не стабильный интернет. Спасибо, что wi-fi бесплатный, но качество скачет очень сильно. ",1
31238,"Огромное спасибо
Выражаю огромную благодарность сотрудникам стоматологии ""Новая медицина"" (на Пушкина) Боковой Марине Николаевне, Лиманскому Владимиру и Лиманской Марине. Благодаря чудесным рукам этих людей у моих родных теперь здоровые зубы. А благодаря огромному терпению Марины Николаевны дочь не боится лечить зубы.
Хотелось бы особо отметить ортодонта Бахтееву Альбину Хайдяровну и детского стоматолога Губареву Марину Алексеевну.
Уважаемые специалисты, у вас золотые руки и ангельское терпение. Успехов вам в работе и спокойных пациентов!
",1
37838,"Сплошные понты
Вялые, не готовые помочь. Вообще, отношение к скорости, оперативности решения вопросов странное. Сложилось впечатление, что я в государственной поликлинике, врач на звонки не отвечает, ресепшен перепутали в базе мобильный номер, на требование заменить врача не среагировали - на сегодня уже 2 дня, а мы, на минуточку с жалобами на ЗДОРОВЬЕ обращаемся. Трижды звонила просила в базе исправить мой мобильный - нет! Ужасное место, где, вероятно хорошо лечиться от бесплодия и править форму лица или просто избавляться от денег, которые нашли на дороге. Категорически не рекомендую в острых случаях!
",2
15627,"Останавливались всего на одну ночь. Что сказать - все на уровне. Номер аккуратный, чистый, все работает как надо, все на месте. Просили одну большую кровать, но было по факту две сдвинутые вместе кровати, но неудобств не вызвало.",1
13799,"Первую беременность подпортила нервная врачиха из ЖК,  во второй раз была поумнее, да и врач попалась спокойная и вообще ощущала себя богиней =)))   Да, немножко обидно, если больше такое не повторится =)))  Поддерживаю Марину на все сто - как беременная женщина может быть некрасивой?!!! Я себя беременной очень любила! Мы с мужем поехали в магазин, купили несколько платьев для беременных и я всю беременность ходила как конфетка! Вам тоже могу посоветовать купить красивую вещь и настроение сразу улучшится)) особенно, если купить платье)) я вообще брюки редко ношу, платье или юбка придают столько женственности!Мы даже на 8 месяца наняли фотографа и устроили фотосессию в парке! Такие фотки красивые- не передать! Шевеления меня немного раздражали в последний месяц, когда реально было больно, пока доча пихалась пятками)) но я с ней разговаривала, гладила животик и она успокаивалась))  Сталкивались :) я тоже ненавидела себя, будучи беременной. Ходила как слон, лишний глоток воды боялась выпить - отеки были невероятные. Если кто-то говорил, что я хорошо выгляжу, мне хотелось его убить. А, как-то поехали в лес, месяце на 8м уже, потом после просмотра фото я рыдала весь день, думала, что никогда больше не стану нормальным человеком)) страшно завидую тем, кто любит свою беременность. Это все при том, что беременность была осознанной и ребенок  желанным.  Мне свою беременность страшно вспоминать, три врача и все с разными назначениями. На скорой с мигалкой и по встречке ложиться на сохранение, сильнейшее кровотечение в больнице, в субботу вечером, когда врачей нет и медсестра отказывается позвать дежурного, а вышедший в понедельник врач сообщает, что по его мнению у меня рак и мне надо срочно оперироваться.  Как потом лежала дома под свою ответственность и не шла к врачам, чтобы опять не положили в больницу. Потом защемление нерва и боль при каждом шаге (как раз когда проходить всех специалистов).",0
5789,"Период проживания с 5 по 10 мая 2013 года. Отель сразу понравился - на вид вполне современный, симпатичная улочка. От метро Urgell (красная ветка) идти минут 10 от силы (кстати у самого метро мы нашли чудесный ресторанчик Zian, но о нем в другом отзыве).До всего самого необходимого ехать всего по несколько маленьких остановок:в двух станциях метро влево находится площадь Испания - там можно взойти на Монтжуик, вечером насладиться поющим фонтаном, а также посетить музей. В трех станциях в другую сторону Passieg De Gracia - отличное место, откуда можно начать прогулку по одноименной торговой улице или же углубиться в Готический квартал и Рамблу. Также с этой улицы отходит автобус до аутлет деревушки La Roca Village.Ресепшен отеля вежливый и помогает во многих вопросах: по их собственной инициативе распечатали нам расписание электричек, чтобы удобнее доехать до Жироны. Отлично говорят по-английски.Нам попался номер 404 - прямо над входом с видом на улицу. Комнатка вполне себе чистая, полы без пятен и ванная приличная (даже с биде). Размер номера приемлемый, влез даже небольшой диванчик, куда мы удачно сваливали свои покупки. Был даже мини-холодильник, что не могло не порадовать. Кондиционер включали когда на улице становилось слишком шумно и мы закрывали окно.Завтрак неплохой - были разнообразные колбасы, в том числе и хамон, сыр, хлопья, по 6 видов плюшек и пирогов, тосты, фрукты, соки. Но не хватало чего-то ""горячего"", возможно, омлета. Но за 6 евро грех жаловаться, поэтому это не минус, а скорее пожелание.Итог: очень довольны отелем и при следующем посещении Барселоны обязательно воспользуемся его услугами вновь.",1
459,"Я останавливался во многих отелях за эти годы; этот выделяется превосходным, предупредительным и приятным персоналом - все без исключения были доброжелательны, рады помочь, им удавалось устроить кофе рано утром, помогали заряжать мобильный телефон и т.д. И завтрак прекрасен. Расположение абсолютно не проблематичное - общественный транспорт легко доступен примерно в 10 минутах. Я, не задумываясь, остановился бы здесь снова. Прекрасно, и громкие аплодисменты всем сотрудникам.",0
59345,"Грубое отношение и обман
Отдел компании Линзмастер в Метрополисе. Сплошной лохотрон и надувательство. 1) Очки за час - враньё. Готовность объявили на следующий день. 2) Акция ""всё включено 2000 руб.""- враньё. Когда на следующий день явился за очками, сказали, что к выбраной оправе не возможно подобрать линзы (якобы расстояние между глазами у меня не такое). Естественно, у более дорогих оправ всё будет хорошо. Готовность еще через день. Еле вернул деньги - предложили написать объяснительную с паспортными данными. Вернули после обещания пойти к юристам. Никогда и никому не рекомендую обращаться в этот салон.
",2
1820,".е. если человек поступает как мудак, я буду его оценивать как мудака - вне зависимости от того, это мой брат, дядя, друг или посторонний человек.О сыне - не знаю. Нет детей. К тому же я боюсь, что тут могут быть задействованы совершенно другие механизмы.(если что - я размышляла о моральном моменте, а не о несовершенстве нашей судебной системы (мол, доказано-не доказано))  если все отмажутся, и он будет тянуть это один, то будет сидеть не за деяние, совершенное группой лиц, а просто за изнасилование. Хрен редьки не слаще, но срока могут дать меньше.Про этические соображения - я не знаю какие отношения у родителей с сыном и насколько они доверяют друг другу, чтобы утверждать, что он говорит правду.Матери всегда сложно верить в то, что ее ребенок мог совершить что-то страшное. Ей сложно быть объективной",1
5149,"Очень понравился интерьер , интересное разделение на зоны .  ",0
11102,"Неплохой отель с удачным расположением. До станции Zoologischer Garten 200 метров, откуда идут автобусы как в центр города, так и а аэропорт Тегель. Рядом с отелем такие магазины как C&A и Karstadt. Практически через дорогу от отеля располагается Hard Rock Cafe.",0
5730,"очно подонки. Поживем увидим . Главное не отчаиваться.   Кое-кому придется за это дорого жилье заплатить потом, обливаясь горькими слезами((:  Нет. У нас низкие ставки, поэтому народ с катушек слетел, хапает всё, что еще можно хапнуть...   Уже бесполезно крутиться... Не тот случай. Только в Забугорье, если брать. Как и поступают умные люди. А не очень умные, потом всю жизнь расплачиваться будут, еще и внукам хватит...)  А в ком? Кто  играется  ставками?  Стэнли Фишерпроблема не вставке, а в стоимости жилья, которая складывается из стоимости земли и строительствастоимость строительства выросла за несколько лет мин. на 50-70%а недостаток земли под застройку взвинчивает ценыесли земельное управление выкинет на рынок достаточно участков",0
5747,"Были в ресторане 25.11.09 с топ-менеджерами-иностранцами , один из которых хотел попробовать русскую кухню , а второй просто попробовать что-то новенькое , так как в Санкт-Петербурге бывает часто и был во многих ресторанах .  Оба остались очень довольны .  Ресторан и впрямь хорош - интерьер ( особенно аквариум - мы весь вечер наблюдали за плавающей в нем черепашкой ) , сервис ( официант , имени которого я , к сожалению , сказать не могу , был очень вежлив , ненавязчив и расторопен ) , кухня ( коллеги-инострнцы пробовали рыбу : форель и судака , мне очень понравилась фаршмрованая перепелка ; супы тоже отличные , но особенно меня впечатлил десерт - клубничный суп с шариком ванильного мороженого ! очень вкусно ) Вердикт : вношу ресторан Русский Клуб в свой рейтинг в список лучших , буду рекомендовать друзьям и коллегам , с удовольствием пойду еще раз !  Спасибо  ",1
57016,"Благодарность
Всему персоналу роддома огромное спасибо! Работают профессионалы своего дела, все очень понравилось. Хочу выразить особую благодарность Сарамковой Е. А.
",1
7078,"Отзыв о больнице
Хочу написать о замечательных, прекрасных людях, работающих в больнице № 36.
Я поступила в первое неврологическое отделение острого нарушения мозгового кровообращения с диагнозом - ишемический инсульт. Была приятно удивлена чистотой в отделении.
Медсёстры обслуживают больных с заботой и улыбкой!
Питание в больнице прекрасное! Все обследования проводятся вовремя)
Особой благодарности заслуживает врач-невропатолог Козлова Екатерина Викторовна. Она очень внимательный, заботливый врач и профессионал высокого класса (с моей точки зрения)! Екатерина Викторовна много времени уделяет больным, ответит на все волнующие вопросы, подскажет, что делать в трудной ситуации. Она много свободного времени уделяет больным (сидит до позднего вечера за работой).
Будет несправедливо, если такие замечательные люди не будут поощрены! Ведь здоровье больных зависит не только от лекарств, но и от хорошего отношения медперсонала. С глубоким уважением, Дода Галина Михайловна.
25.08.2014.
",1
15134,"Кто защитит наших детей
Кто защитит наших детей!? Побывав в Люберецкой детской городской больнице, в отделении для грудных детей, была потрясена ужасающими условиями и пренебрежительным отношением персонала. В отделении для грудных детей, сделали дневной стационар всех возрастов. В отделение куда не пускают ни кого, где должна соблюдаться стерильность, дети утром приходили в верхней одежде, в уличной обуви, а вечером уходили! В палаты к грудным детям помещали детей всех возрастов, с респираторными заболеваниями, кашлем и соплями! Грязь, которая царила в одолении, удивляла, возмущала, обескураживала. Мусор в туалете не выносился по трое суток! Палаты мылись один раз в день и одним ведром все палаты! Коридор подметался метёлкой! Пыль, которая стояла столбом в палатах не протиралась, эту обязанность положили на матерей лежавших с детьми, в палатах с маленькими детьми находятся ёмкости с дезинфицирующем раствором, которому место в санитарной комнате под замком. Боясь, что дети выпьют раствор, бедные мамы не знали куда его деть! Да, мы сами мыли пол, вытирали пыль, ради здоровья своих детей. Но в ответ была не благодарность, а постоянные упрёки врачей, унижения оскорбления. Каждый обход начинался с осмотра палаты, а не детей! Врач открыто обвиняла нас в жадности, что мы не можем, жалеем дать им денег! Говорилось, что с мам надо брать плату, что мамам тут не место и всех хорошо бы выгнать. Звучали постоянные угрозы отобрать у нас детей! Оказывалось сильнейшее психологическое давление. Персонал безразлично относился к своим обязанностям, утренняя смена не передавала назначение вечерней и назначения не доходили до больных. Эти казусы выявлялись на третий, четвёртый день, когда врач спрашивала, делали мамы детям то или иное назначение и выяснялось, что ни кто ни чего не сообщил о назначении. Но в ответ ругали не персонал, а саму мать, вменяя ей халатное отношение к лечению ребёнка, оскорбляя, унижая и грозя выгнать, раз от неё нет ни какого толка. Когда врач поняла, что с меня денег не взять, на этом её желание лечить закончилось. Нас выписали, а в качестве рекомендаций дали рекламные буклеты и посоветовали пить 3 месяца лекарство, которое, как выяснилось, нам противопоказано по возрасту!
За моё пребывание в отделении около 90% матерей уходили на третий, четвёртый день написав отказ. Оставались только те 5% кто не мог прервать лечение, это бы привело к ухудшению здоровья ребёнка. А ещё 5% попали в инфекционные отделения, что не удивительно при данных условиях пребывания! Долго это безобразие будет продолжаться? Куда смотрит здравоохранение?
Халатное отношение, грязь, безответственность на каждом работнике. У них смертность превышает рождаемость. Жаль, что я судиться не в силах, я бы эту Ляпорову Т. В. собственными руками на части порвала, она мне такого здорового ребёнка убила. 7 месяцев издевалась, как над подопытным кроликом, в 1 г. 10 месяцев мой Лёшенька умер. Хотела в садик оформить, никаких жалоб на ребёнка не было, в 1 г. 3 месяца бегал, болтал, жизни радовался. Ляпорова сказала не правильный ритм сердца и принялась лечить. Из здорового ребёнка через 20 дней сделали овоща, заразили правосторонней пневмонией, кладут в реанимацию, там получает гипоксию головного мозга, в общем, дальше не передать - этот ад. Прежде чем пичкать нормальных деток эфеналепсинами и прочей дрянью (по 15 позиций препаратов), надо проводить тщательные анализы. У меня ребёнок за две недели стал питаться через зонд, перестал держать голову, да, что там голову, он в судорогах круглосуточно был. Не могу всего передать, сейчас печатаю и мне дурно. Наверное ещё должно время какое-то пройти. От Жукова Алексея. Сил нет жить, только, что и остается ездить на кладбище. Вот на Новый год, ёлку на могилке нарядим для Лёшеньки. Это его ёлочка, красивая, ему бы понравилась. Кошмар не заканчивается. Теперь только и остается на кладбище ездить и в церковь ходить. А судиться, очень тяжело доказать врачебную ошибку. Спасибо всем за понимание. Катя. 20.12.2009 г. Мама ЛЁШЕНЬКИ, Люберецкая районная больница.
",2
474,"Вот честно, ты очень бездарный пропагандист. Своего рода быдло в стане элит пропагандистов. Понимаешь, в совокупности, контент пропаганды в целом, рассчитан на людей недалёких, с отсутствием критического мышления, ну а твой же контент, рассчитан на просто умственно отсталых.
",2
48492,"Педиатр от Бога
Педиатр от Бога, но уволена! За 6 лет общения со 2-м участком вашей поликлиники - педиатр от Бога Воробьёва. К сожалению, забыла имя. Я до сих пор храню и использую все её схемы назначений - они ни разу не повторились! Более преданного делу и профессионального педиатра я не встречала. А у меня двое детей 19 лет и 6 лет. После её увольнения искала её контакты, но в поликлинике все только грубо хамили на этот счёт.
",1
37507,"Грубый, непрофессиональный врач
Напишу свой отзыв, хотя очень сомневаюсь, что врачей-хамов наши переживания тронут. Только почему мы должны это терпеть за свои же деньги? 09.06.15 г. попали с ребенком на прием к ЛОРу ГРОМОВУ ЕВГЕНИЮ НИКОЛАЕВИЧУ. Высокомерное отношение меня ввело в ступор, я, как провинившийся ребенок, боялась ему слово сказать и вопрос задать. Может это прозвучит высокопарно, но зачем люди, не любящие других людей, выбирают такую благороднейшую профессию, как ВРАЧ. Мы же ВАМ так доверяем, мы ценим Ваш труд, мы Вас уважаем. Мы пришли к Вам за помощью и готовы следовать всем Вашим рекомендациям. Но зачем же нас так унижать, как делает это Евгений Николаевич. Пока молодой, пусть прислушается к нашим словам, словам людей, ради которых он учился и работает.
",2
60312,"Неэтичное поведение врачей скорой г Троицка
У многих врачей скорой Троицка дурные манеры. У постели тяжело больного человека начинают рассуждать, сколько он еще протянет. Если больной без сознания, это не значит, что он ничего не слышит. И не вспомнит, когда придет в себя.
",2
38016,"Отличный отель!Расположение отличное: метро киевская 100м, супермаркет и множество магазинов в трц Европейский через дорогу, в нем же много кафе и ресторанчиков. Завтрак 790руб, но он стоит этих денег, поверьте! Очень разнообразный, вкусный (яйца, омлет, каши, мюсли, йогурты, творог, нарезки сырные и мясные, сосиски, овощи свежие и гриль, соусы, фрукты свежие и консервированные, круасаны, разный хлеб, джемы, нутелла...)Номер: тишайший, чувство, что ты один живешь и это при 100% загрузке отеля!!! Чисто, есть все необходимое: вай-фай хороший, стол, стул, тв, холодильник, сейф, фен(правда , дурацкий , слабенький ), зеркало в полный рост, в с/у мыло жидкое , оно же гель для душа и шампунь, если не нравится, то можно за доп оплату приобрести на ресепшн необходимые средства, тапочки и пр. Кровать большая, удобная , кондиционирование.Окна моего номера выходили во внутренний колодец. В номере душновато, а окно на ограничителе до 15 см, потому сложно проветривать, но и с открытым окном сложно спать-сильно шумят вытяжки . Уборка ежедневная, качественная. Предоставляют бутылочку воды ежедневно.Персонал на ресепшн оч приветливый, услужливый. Охрана везде. Бар и лаундж зона возле ресепшн. Не пользовалась, но там постоянно были люди: кто-то работал, кто-то общался.В общем, рекомендую.",1
5330,"Благодарность сотрудникам гемодиализного отделения
Большое спасибо врачам диализного отделения ГКБ 24 Анне Александровне, Валентине Всеволодовне, Валерии Владимировне и моему любимому лечащему врачу Галине Владимировне за их чуткое, а порой и очень строгое отношение к нам, к больным. Также огромное спасибо младшему персоналу: Лене Лебедевой, Лене Казаковой, Наташе Забировой, Марие Анатольевне, Ире, Надюше, Алмазу, конечно же Олегу Васильевичу и др. Этим людям можно смело доверить свое здоровье. Они все профессионалы своего дела с большой закалкой и опытом. И то, что все эти люди умудряются работать на том оборудовании, которое уже просто находиться в коматозном состоянии, вот просто честь им и хвала. Спасибо большое всем, простите если кого то забыла. Удачи всему отделению. Скоро Новый год и пусть у вас сбудутся все ваши самые заветные желания.
",1
15811,"Отзывы пишут сами себе
Родители. Не торопитесь читать положительные отзывы. Их пишут врачи сами себе. Особую осторожность советую соблюдать, если Вы кладёте ребёнка в 4 хир. отд.
",2
22389,"Благодарность врачу Коник
Доброго дня!
Как и везде-куча пациентов, хамоватые медсестры, 2-4х часовые очереди и т. д., НО, я хочу выделить доктора Коник Елену Анатольевну, которая среди этого хаоса соблюдает суббординацию, очень нежно делает осмотр (кто меня понял, о чем я), отвечает на все вопросы, дает рекомендации вплоть до сбора анализов. У нее в кабинет самая большая очередь, НО это стоит того! Я ждала прием 2, 5 часа и ни на миг не пожалела, ибо знакомство с доктором развеяло весь негатива и сомнения о мед. учреждении.
Пока ожидала приема, обратилась к 5ти пациенткам и все как одна хвалили и восхищались Е. А. Таких врачей я давно не встречала!
Если Вам повезло и Вы можете наблюдаться у Елены Анатольевны-будете рады результатам. Если не повезло, делайте ВСЕ, чтобы наблюдаться именно у нее!
Терпения Вам и самых лучших врачей!
",1
3013,"Либертарианство технически невыполнимо в масштабах человечества, потому что не подходит большинству Но оно как раз существует в масштабах человечества, т.к. нет власти над государствами. А ниже все люди объединились своими контрактами. Для полного либертарианского совершенства социальные контракты нужно оформить письменно.
",0
4695,"Ужин снизу вверх .  Лирическое отступление : заведение с названием FR гордо именует себя "" гранд-кафе "" .  Статус , на мой взгляд , довольно сомнительный , и к сожалению очень часто это подтверждается на практике .  Владельцы , которые выбирают своему детищу такой тип заведения , на мой взгляд , хотят соответствовать следующей формуле : "" Мы чуть не дотягиваем до ресторана , но лучше чем обычное кафе "" .  По факту же получается - цены "" гранд "" , а сервис и качество как в "" кафе "" .  Невский проспект , точечное расположение между двух пятизвездочных отелей .  Вывеска ; ступени ведут в подвал .  На входе встречают , предлагают раздеться .  Вместе с другими гостями ждем гардеробщика .  Проходит минут 5 , а "" Германа все нет "" .  При этом в зале куча персонала , но почему-то никто не догадывается забрать у нас одежду или взять функции гардеробщика на себя .  Проходим в некурящий зал , несколько столов на 4-5 человек , остальные на двоих .  Оформление интерьеров с претензией на модный дизайн , но при ближайшем рассмотрении все оказывается довольно среднего качества .  Низкий потолок , несмотря на свою подсветку давит и вкупе с маленькой площадью зала и видом на ноги пешеходов не чувствуешь себя комфортно . "" FR "" - очередной пример минуса "" интимной рассадки "" - столы стоят настолько близко друг к другу , что не нужно быть "" вождем Большое Ухо "" , чтобы услышать сплетни за соседним столом .  При наличии по-соседству компании - шум , шутки , хохот и застольные разговоры автоматически распространяются и на ваш столик .  Довольно странное оформление столов : на каждом есть стеклянная подложка , под которой находятся несколько бумажных листов с рисунками .  И точно такие же листы лежат поверх стекла , выполняя роль « скатертей-салфеток » .  На деле эти самые верхние подложки очень быстро приходят в негодность , и выглядят не совсем презентабельно , да и не часто заменяются официантами .  Гораздо проще было бы протирать стеклянную поверхность стола , на мой взгляд .  Меню довольно обширное , но сразу бросаются в глаза явно завышенные цены на отдельные позиции .  Салат « Греческий » - подан в особо аскетичном варианте и сдобрен явно лишним количеством масла .  В итоге получился практически формат « заводской столовой » , только за другие деньги .  Сырную тарелку ( 420 р. ) – предлагаю переименовать в « сырное блюдце » - такого малого количества сыра я не видел никогда .  Горгонзолла и Бри представлены малюсенькими треугольничками ( по 3 шт . ) , козьего сыра вообще не было ( !!! ) хотя он был заявлен в меню ; больше всего было Эмменталя , который явно смахивал на « нарезку » из гипермаркета .  За такие деньги получить самые простецкие виды сыров , да еще в таком количестве – я отношу это на политику « цены - гранд , сервис-кафе » .  Имбирный суп с курицей ( 260 ) – понравился больше всего из заказа , интересный вкус , легкий , ароматный .  Стейк из говядины ( 590 р ) – все ровно , но без восторгов .  Включенный в блюдо гарнир – тушеные овощи – опять же омрачен страстью повара к поливанию растительным маслом .  Ни к супу ни к стейку не была подана хлебная корзина , нас вообще не спрашивали про хлеб .  Грабительский чай ( 200р за 400 мл ) пили с десертами .  Морковный торт ( 250 ) был порекомендован официанткой – хорошие пропитанные бисквиты , приятный « тяжелый » крем .  Повар явно набил руку на его приготовлении – явный хит этого заведения .  Штрудель с грушей и вишней ( 260 р ) на кухне “ FR ” переродился авангардный десерт .  Вместо классического теста – сухое слоеное ( как в пахлаве ) , но слои очень тонкие , поэтому оттенить сладкий вкус начинки практически нечему .  Очень много приторности дают соус и мед , на заднем фоне отчетливо чувствуется вкус оливкового масла , что совсем уж не в какие ворота .  Соки ( 80 р ) подаются теплыми , чуть ли не выше комнатной температуры .  Официантка вполне предупредительная , но между выносом блюд уже пустые тарелки и приборы тем не менее никто не забирал .  Итог : три тысячи за невкусный ужин и полное разочарование .  Если в FR приходят не есть , а за легкой закуской и коктейлями , то непонятно , зачем так много горячих блюд и так мало коктейлей ( в меню одна классика ) .  Пока что , лучше всего у повара получается подливать масло в блюда и разрисовывать края тарелок соусом .  ",0
62958,"Хочу поблагодарить сотрудников
Хочу поблагодарить сотрудников клиники за отличное обслуживание клиентов и отзывчивость. Особенно хочу отметить врача, Гусейнову Ольгу Владимировну, за внимательность, доброту и профессионализм. К ней всегда идешь с радостью и желанием. Здоровая улыбка, это просто класс. Огромное спасибо!
",1
19156,"Отмечали свадьбу 11 мая 2013 года .  Место для свадебного банкета хорошее .  Очень вкусная еда , кухня просто восхитительная – большой выбор блюд , порции довольно большие и еды было много , так что мы зря волновалась , что гости могут остаться голодными .  Превосходное обслуживание , официанты всегда были рядом , и главное , весь персонал-славяне .  Алкоголь и безалкогольные напитки , при желании , можно принести с собой .  Зал очень вместительный , оставалось достаточно места для ведущего с ди-джеем и танцпола .  Остались очень довольны .  Очень рекомендуем !  ",2
6223,"Це другое, я про рашкован спрашиваю.
",2
62689,"Спасибо доктору
Долго мучила меня восьмерка снизу, как две недели, все болит и болит, долго решалась, сама понимала, что надо ее удалять. Тут на работе как заболит, по интернету нашла клинику, записалась к стоматологу Шаповалову Аркадию Петровичу. Удалили мне этот зуб, мне аж стало легче. Спасибо доктору!
",1
45719,"Мы много путешествуем. Отдыхали семьёй. По приезду нас встретила русскоговорящая девушка Алена ( Lena) отзывчивая и вежливая. Все подробно объясняла и очень помогала. Мы проживали на виде Сала, очень классная, по утрам в беседке на пруду было неописуемо))) пели птички, лилии.... красота! В номере убирали регулярно, все свежее, араматические палочки, свечки, разные соли для ванн, продумали даже спреи от комаров и спиральки))) каждый день свежие фрукты.... никто не беспокоит.. Убирать приходили в одно и то же время( мы сами определили какое))) и одна и та же девочка Moo)) хорошо убирала и постоянно меняла полотенца, 2 раза в день) в ресторанах вкусно и обслуживание хорошее, но мы часто ужинали за пределами отеля... Нам все настолько понравилось, что вернёмся обязательно!",1
40207,"Это ужас и кошмар, по другому не скажешь! Такого отдыха не было никогда в жизни. Эти несколько дней запомню надолго. Фотографии, что выложены в интернете, не соответствует действительности! На самом деле отель обшарпанный, комнаты маленькие, в туалет еле вмещаешься, никаких завтраков в ресторане, как показано на картинках, нет! Ресторан на первом этаже никакого отношения к отелю не имеет! ""Завтраки"" готовят сами, есть их невозможно!Самое главное, это бессонные ночи. Такое ощущение, что стены в отеле картонные, каждое слово и каждый вздох соседей, каждый шаг по коридору слышны. Напротив ресторан Маяк, в котором постоянно гулянки до утра с громкой музыкой. Окна в отеле не пластиковые, а старые, деревянные, толком не закрываются, слышимость такая, будто у тебя в номере дискотека каждую ночь. Долго буду отходить от всего этого.",2
7897,"Проблема в том, что они не будут показывать рекламу, которую никто не смотрит. Значит будут вставлять ее в процессе показа
",0
11599,"Но те, кто настаивают именно на  георгиевской  ленточке, имеют вполне очевидную цель и отказываться от нее так просто не захотят.СССР убеждал своих граждан, что у них самый социально справедливый строй, и на этом основании можно совать нос куда угодно - мы ж несем миру свет! Третий Рейх убеждал граждан, что они самая мудрая, самая прогрессивная, самая передовая нация, и на этом основании можно совать нос куда угодно - мы ж несем миру свет! США убеждают граждан, что у них самая лучшая демократия, и на этом основании можно совать нос куда угодно - мы ж несем миру свет!У современной РФ зубы давно сгнили, но продолжать мечтать о вяличии по-прежнему охота. Кремлевские идеологи долго искали идею  чем мы светлее всех остальных , и остановились на двух -  мы ногнули всех в войну  и  православие . Обе по разным причинам в качестве национальной идеи годятся плохо, но ничего другого нет. Хуже всего, что и между собой они лепятся скверно - СССР воевал во ВМВ как раз при самом богоборческом режиме, как же так? Поэтому антагонизм тогдашней страны и религии тщательно сглаживается, рассказывают об иконах, облетающих Москву на самолетах, лента, ассоциирующаяся с победой, упорно называется именем святого Георгия - потому что ТАК НАДО.  Царицынская битва - не формализм, а дань сегодняшней моде.  Или, по тогдашнему названию города, Сталинградской. Но разве она или ее значение для мировой истории от этого как-то изменились? Ах, да! Она же не Царицынская, а Сталинградская! Казалось бы, при чем тут формализм?   Треба ще від прапора власовского відмовитись.  Странная у вас там мода, у нас тут такой и не пахло....",0
408,"Отлично покушали , меню принесли быстро и блюда все подавались одно после другого , нам очень понравилось .  Особенно десерты , красиво оформлены и очень вкусные . мы так накушались что сначала десерты не стали даже смотреть , но любопытство взяло верх и мы были в восторге .  Персонал очень доброжелательный , одно но могу сказать , нет разливного пива , что не испортило нашего впечатления от ресторана .  Молодчинки , так держать !!!!!  ",1
38065,"Без осложнений
Долгое время меня мучил вросший ноготь. Решил обратиться в районку. Там через многочисленную очередь, наконец-то, добрался до специалиста. Удалили с жуткой болью, после чего началось заражение. Когда, наконец, понял, что не стоит экономить на своем здоровье, решил обратиться в честную клинику, а именно в Чудо-доктор. Там мне все аккуратно удалили, и осложнения, которых я так боялся, не случились. Теперь лучше уже за деньги, но здоровым. А кто хочет подешевле, то можно и в районку, но потом не удивляйтесь, что вместо одного ногтя у вас на пальце будет два!
",1
7863,"Выражаю благодарность
Хочу выразить огромную благодарность персоналу больницы №81: докторам приемного отделения, заведующему 19-м отделением гнойной хирургии Якобишвили Я. И. и лечащему врачу Локшиной. И. М. за профессионализм в работе, тёплое отношение к пациентам. Огромное им спасибо!
",1
38464,"Отель заказал через букинг, так вышло дешевле. Бронь в отеле прошла нормально, оплату принимал тоже отель по карте.Сам отель находится в 7 минутах от метро. Рядом с отелем большой парк, вечером можно погулять и подышать воздухом. Отель достаточно большой, номера новые и чистые. Нет кондиционеров, но нам в июне даже они не понадобились. В номере есть чайник, холодильник сейф. С сейфом были небольшие проблемы (не очень понятно как установить код), позвали мастеров - пришлось подождать но пришли открыли и сбросили код. Были проблемы с полотенцами (только один комплект) причем не только у нас - англичанин тоже пришел на ресепшн с такой же проблем. Причем ее так и не решили за два дня. Завтрак включен был, очень неплохой, не такой обширный но всё необходимое и вкусное. То что надо. Для краткосрочного пребывания очень даже подходит, т.к. есть метро и добраться можно с него куда угодно.",1
46170,"Оношение к пациентам
Люди добрые, что же у нас в стране происходит!? Люди, дающие ""клятву"" Гиппократа, которая содержит 9 этических принципов или обязательств:
обязательства перед учителями, коллегами и учениками;
принцип непричинения вреда;
обязательства оказания помощи больному (принцип милосердия);
принцип заботы о пользе больного и доминанты интересов больного;
принцип уважения к жизни и отрицательного отношения к эвтаназии и абортам;
обязательство об отказе от хирургического вмешательства;
обязательство об отказе от интимных связей с пациентами;
обязательство личного совершенствования;
врачебная тайна (принцип конфиденциальности)
абсолютно про нее забыли!
Буквально сегодня имели честь общаться с заведующей 2-м терапевтическим отделением Яшиной Н.Н., и пришли в ужас. Это человек не имеющий никакого такта в общении с больными людьми, моя мать очень больной человек, помимо того, что она инвалид 2 группы, она еще и человек с очень редким, и тяжелым заболеванием. Суть проблемы в том, что данное медицинское учреждение не имеет хороших специалистов, но и из-за своей некомпетентности устраивает еще большие препоны в получении жизненно необходимых лекарств, причем препараты ждут уже в аптеке, когда их получит больной, но заведующая отказывается их выписывать, так помимо отказа, нам еще пришлось выслушать массу неприятных слов от данного ""врача"". Я конечно понимаю, что ей все это вернется, просто жалко потраченное время и нервы матери.
Я это дело не оставлю, и найду куда обратиться с жалобой на данную персону, от таких ""врачей"" страдают и другие люди. Всем здоровья! И поменьше встречать на своем пути таких ""специалистов"", как Яшина.
",2
30770,"Левые личные медицинские книжки
Выдаваемые МЦ ""Примут"" личные мед. книжки ФБУЗ ""центр гигиены и эпидемиологии в г. Москве"" признает не действительными, в Реестре Роспотребнадзора не зарегистрированными, аттестация по ним не проводилась. Организация не является Центром гигиены и эпидемиологии в субъекте РФ, уполномоченным Роспотребнадзором на выдачу личных мед. книжек и ведение их реестра.
",2
1984,"Цены намного завышены
В ригле цены намного завышены. Пиносол мазь у них стоит 280 руб., а в другой аптеке через дорогу эта мазь по 150 руб.! Пиносол спрей в ригле по 135 руб., а в другой аптеке 85 руб.! Похоже закон президента о снижении цен в аптеках на адекватные, на Риглу не распространяется.
",2
6333,"Премного благодарю
Попал в приемное отделение с инфарктом. Очень быстро сделали анализы и не заметил как оказался на столе. Операцию провели быстро, качественно и весело! Огромная благодарность! Восстановление проходило в теплой и дружественной атмосфере. Пока жив! Ура!
",1
33435,"Обстановка и сервис расположили к себе и настроили на отдых с первых минут: заселили быстро с учетом пожеланий, в номере все продумано, халаты доставили по запросу оперативно. Рекомендую посетить сауну: чистота, приятная атмосфера, администратор спа-центра была очень приветлива, предложила фруктовый чай в лаунж-зоне. В ресторане приятно удивили сервис и подача блюд, красиво и очень вкусно! Широкий выбор блюд на завтраке - уровень отеля 5*, официанты очень внимательные. Обязательно вернемся в этот отель!",1
43466,"Отель после ремонта, всё чисто. Приятно жить в номере. Персонал отеля доброжелательный и внимательный к пожеланиям туристов. Мы заехали в только что отремонтированный номер, в котором до нас еще никто не жил. Были небольшие неполадки с кондиционером - работал, но бежал. Ремонтник пришел и наладил со второй попытки. Мы проживали семьей втроем с ребенком 7 лет. Поэтому еще было критично иметь шторку на полупрозрачном окне между душевой и комнатой. Пришел персонал отеля и приделал шторку.",0
1524,"Праздновали там недавно свадьбу ( мой брат женился ) так очень все понравилось .  Все время себя чувствовал как бы в прошлом веке ... все так красиво сделано внутри , по аристократически .... Кухня очень понравилась , было очень много разной еды .  Так же понравился торт , который они нам в подарок сделали .  Я еще такого большого торта не видел :) Словом , было все супер !  ",1
3870,"В Питере были проездом, в гостинице останавливались в августе 2012г. Первоначально испугало расположение и удаленность от центра. ""Депрессивный"" райончик)))) Однако, когда мы вошли, от разочарования не осталось и следа. Отличный персонал, хорошая обстановка, уютные номера...нам все очень понравилось! И самое главное - до метро действительно 10 минут)))",1
24820,"Зашли с подругой , решили провести вечер пятницы в приятной обстановке , привлекло название и подкупил интерьер .  Также порадовали цены в меню .  Заказ ждани неприлично долго , официантка переодически подходила и отпускала по этому поводу неуместные шутки . после ужина расплатились по сёту , сдачу ждали 20 минут ( нужно заметить , что она составляла более 30 % от счёта ) , в итоге её так и не отдали ... поразившись таким хамством сразу засобирались домой .  И весь этот праздник жини сопровождался музыкой , и это даже не важно какой , беда в том , что каждая песня повтарялась по два раза подряд и к концу второго раза хотелось вставить бируши ...  Убедились лишний раз что за всё хорошее нужно платить , а низкие цены в меню наводят на мысль о каком-то подвохе .  ",2
27621,"Прекрасные восточные интерьеры , ненавязчивая музыка , достойное меню и уровень обслуживания ( персонал очень воспитанный ) .  Есть возможность и повеселиться , и уединиться при желании .  В общем , сказочно там .  Рекомендую .  ",2
20373,"То, что он пытался повлиять на выборы не оспаривал в Америке ни один политический аналист. А те слова, которые сейчас приписываются Обаме, были как раз высказаны - если они были высказаны вообще - в частном порядке, еще в ноябре прошлого года, и для широкой публики не предназначались. К тому же это  вмешательство  (со стороны автора статьи Джеффри Гольдберга, что ли?) имело в Израиле только один эффект - укрепление поддержки Биби.  Взгляд из Америки:Наверно было бы странным, если б на 100% совпадали. Но факт то, что большего защитника, чем Америка, у Израиля нет. Во время президентских дебатов, Обама с Ромни просто заливались в том, кто больше поклянется в верности Израилю. И если брать на веру те слова, которые приписываются Обаме, то предостережение его было не по поводу возможной изоляции от Америки, а по пооду изоляции от остального западного мира.  То есть Вы считаете, что это Обама дал указание Гольдбергу обнародовать именно сейчас свои высказывания, которые он сделал в кулуарах еще в прощлом году?Ну да, Нетаниягу не критиковал на все подряд, поднял вопрос только об Иране. Что вполне слилось с обвинением Ромни о том, что Обама швырнул Израиль под автобус.",1
41382,"Нижайшая квалификация, нанесение вреда пациенту
После положительного теста ходила подтверждать беременность и определять срок в медицинский центр ""Пангея"". Попала к гинекологу Бурениной Ирине Александровне. Кстати, мужу сразу показалось, что неприятная, негативная женщина. Во время осмотра УЗИ на наш вопрос, все ли в порядке, сказала, что нет! Одно это меня, беременную, привело в шок! Обнаружила кисту 5 см. Ничего толком не объяснила, мне клещами пришлось вытягивать информацию, что киста не на матке, а на яичнике, что она скорее всего не злокачественная. С мужем Буренина разговаривала грубо, когда он попросил поподробнее объяснить, что на УЗИ. Сказала: ""Что тут непонятного? И так все видно!"". И после всего этого она сказала, что ей нужна консультация из Центра планирования семьи и развития. Что она несет юридическую ответственность и должна обращаться в таких случаях в вышестоящие инстанции. Что, спрашивается, это за специалист, который не может принять решение? В итоге я была просто в предобморочном состоянии. Весь день прорыдала, а в ЦПСиР сразу попасть возможности не было, т.к. как назло была суббота. После такого нервного перенапряжения утром в воскресенье у меня началось кровотечение. Срочно увезли на скорой в 5-ю гинеколонию. Еще в скорой врач, посмотрев на снимки УЗИ, сказала, что эта киста- всего лишь желтое тело, что ничего страшного, у очень многих так, все вполне естественно и все рассосется. То же самое подтвердили на УЗИ в 5 ГБ. Но теперь я на таблетках и уколах, с постельным режимом и минимум неделю тут проваляюсь, хотя чувствую себя отлично. Очень боюсь лишних препаратов, т.к. срок маленький. Считаю, что если бы не некомпетентность Бурениной Ирины Александровны, все могло бы обойтись. Думаю, всем понятно, что к тому же это все было еще и не дешево.
А в этом мед. центре даже нет лаборатории. Результат анализа на ХГЧ 3 дня не могли получить.
Дорогие мамочки, фильтруйте 100 раз информацию от таких врачей! И не паникуйте, не перепроверив все 10 раз!
",2
601,...  ,1
3980,"Казахстан планирует увеличить внешние заимствования, не исключается возвращение Казахстана на первичный рынок еврооблигаций, сообщает ""Интерфакс-Казахстан"" со ссылкой на обзор Sberbank Investment Research, аналитического подразделения Sberbank CIB. ""Президент Казахстана Нурсултан Назарбаев заявил о возможности роста внешних заимствований. Судя по всему, основной причиной для этого заявления стало быстрое сокращение объёма Национального фонда. Несмотря на снижение объема трансфертов в бюджет, баланс Фонда в этом году будет сведён с дефицитом. При нынешних ценах на нефть годовые доходы бюджета составят менее 2 трлн тенге ($5,9 млрд). Это значит, что по итогам года Фонд сократится не менее чем на $3,6 млрд. Если и в следующем году цены на нефть не вырастут, существует риск дальнейшего снижения объёма Фонда"", – указано в обзоре. ""Судя по всему, подобная перспектива не выглядит привлекательной для правительства Казахстана, поскольку президент указал на целесообразность использования внешних заимствований. На данном этапе речь идёт о более активном использовании кредитной программы на сумму порядка $7 млрд от международных финансовых организаций (Всемирный банк, ЕБРР, Азиатский банк развития, Исламский банк) для финансирования инфраструктурных проектов, которая будет действовать в течение ближайших пяти лет. Однако возвращение Казахстана на первичный рынок еврооблигаций в 2017-2018 годах, хотя бы исходя из соображений диверсификации и низкого уровня стоимости фондирования, выглядит вполне реалистичным"", – отмечают аналитики. Как указано в обзоре, президент страны подтвердил, что он будет лично контролировать расходование средств Национального фонда. Это означает, что дисциплина расходования средств Фонда на внеплановые расходы, как это и было в последние полтора года, останется весьма жёсткой, и квазисуверенным заёмщикам при решении проблемы рефинансирования придётся рассчитывать в основном на собственные силы, тогда как государство будет играть роль ""кредитора последней инстанции"". ""Ситуация на рынке еврооблигаций остаётся благоприятной как для новых заимствований, так и для корпоративных действий с существующими выпусками (увеличение срока обращения, изменение ковенантов и так далее). С практической точки зрения это увеличивает вероятность еще одного изменения ковенантов для оставшихся в обращении выпусков еврооблигаций ""КазМунайГаза"" в 2017 году, а также предложений об увеличении срока обращения (т.е. обмене на более долгосрочные бумаги) таких выпусков, как ""Самрук-Энерго""-17, ""КазАгро""-19 (в евро) и КТЖ-19 (в швейцарских франках)"", – говорится в обзоре. Аналитики также предполагают, что Нацбанк Казахстана будет и дальше стараться избегать возникновения ситуаций, при которых необходимо будет проводить мероприятия по оздоровлению системно важных финансовых институтов с использованием господдержки. ""Вполне вероятно, что в обозримой перспективе задача сохранения средств в Национальном фонде станет приоритетной. Если это предположение верно, то не исключено, что размер гарантированного трансферта в будущем может быть снижен и частично замещён альтернативными источниками. В этом свете нельзя исключить, что власти страны могут рассмотреть вариант возвращения на рынок еврооблигаций, особенно если учесть, что стоимость заимствований на нём заметно упала с начала года. Возможно, данная опция появится в бюджетных планах на 2017 год"", – отмечают авторы обзора. 29 августа Казахстан уже занял 240 миллионов долларов для того, чтобы отремонтировать дороги. Азиатский банк развития (АБР) одобрил заём в размере 240,3 млн долларов по курсу 338,73 тенге за один доллар. Заём предназначен для содействия Казахстану в модернизации своей транспортной системы. 9 сентября Назарбаев поручил сократить трансферты из Национального фонда. ""В целях сохранения дальнейшего средств Нацфонда, который нас выручает, мы его должны сохранять. В 2016 году поручаю сократить объём гарантированного трансферта на 400 млрд тенге. Не брать, оставить в Нацфонде. Такая возможность есть. Уменьшить целевой трансферт на 50 млрд тенге. Правительству надо предусмотреть расходы на реализацию моих поручений на предстоящий трёхлетний период в проекте бюджета на 2017-2019 годы. Аппарат Президента возьмёт этот вопрос под свой жёсткий контроль"", – подчеркнул Нурсултан Назарбаев. ",0
35482,"Я в шоке от цен
От безысходности я обратилась к лору в поликлинику №2 Семейный доктор, которая находится на Карбышева. Так вот: прием 990 руб., ну допустим приемлемо. НО! Во время осмотра доктору стало необходимо очистить нос для осмотра нафтизином (цена которому рублей 20), за, что я заплатила еще 425 руб., также доктор взял мазок на бак посев (процедура взятия мазка заключалась в том, что ватной палочкой взяли слизистую из горла) так вот стоимость такой процедуры 440 руб. Я была в шоке, когда стала оплачивать. А, что же тогда включает стоимость 990 рублей? И почему такие неадекватные цены? А самое интересное, что никто заранее не предупреждает о стоимости, то есть сначала ты проходишь прием, а потом тебе дают счет! Пишу для тех, кто думает туда обращаться, подумайте еще 7 раз. Эта поликлиника ставит своей целью продажу как можно большего количества услуг, а не заботу о пациенте. Ужас! Это наше здравоохранение!
",2
1471,"Есть такая аптека
Я рад, что в моем районе есть такая аптека. Самое главное она круглосуточная и слава Богу в этой аптеке работают граммотные фармацевты. Аптека досточно большая, есть даже отдел с косметикой. Помимо фармацевтов за кассами (их трое) есть консультатнты в зале. Всегда помогут, покажут и подскажут, где, что лежит и где, что найти. Приятный хорошо освещенный зал, отличный персонал, но цены - амба. Помоему самые высокие цены на лекарства в Москве. Ладно бы ночью повышали цены, а то и днем к ним не подступишся. Короче если есть время и возможность, лучше съездить в другую аптеку, а так Ригла к нашим услугам. В общем если бы не цены - было бы 5 баллов, а так.
",1
17354,"Ты достойный сын! Молодец! Светлая им всем память!   Будем достойны ветеранов !  Хороший был человек. Почет и уважение.  Мы тоже три года назад похоронили дорогого человека, который ушел воевать в 17 лет.Вечная память всем героям и низкй поклом за возможность жить и любить!  вечная память героям! ветеранам ура!  с Днем Победы!!!!вечная память нашим отцам и дедам, воевавшим и тем, кто был в тылу!  День победы !!! Кто кого победил ? Скоро 100 лет самого массового убийства людей в истории, великий праздник, нашли повод ( убийство нацизма, большевизма,мировая революция, уничтожение коммунистической заразы, убийство кулаков, врагов народа, убийство за землю, за нефть...), и 1000 лет назад находили хомо сапиенсы поводы для массовых убийств ( крестовые походы и т д ), и через 1000 лет найдут повод убивать себе подобных. Советские рабы ( а это были рабы ! Их гнали на бойню заградотряды нквд, кто не хотел воевать --убивали) победили немецких рабов ( их тоже гнали на бойню) ? Рабы никого победить не могут ! Рабы -- это как животные, это не люди . И праздновать победу рабов над другими рабами -- смешно ! Спартак с войском перестали быть рабами, когда взяли оружие и стали убивать своих хозяев. Советские рабы боялись ХОЗЯИНА как огня,кроме чеченов,ингушей которые эшелонами дезертировали , за что были наказаны потом ХОЗЯИНОМ. Советские рабы умирали по прихоти ХОЗЯИНА , шли на расстрел с криками ,, да здравствует ХОЗЯИН!,, даже если были невиновны ! За что умирали рабы ? За светлое будущее детей и внуков ? Где оно, это светлое ? Или они умирали по приказу ХОЗЯИНА ? Кто кого победил ? Ехайте в Германию и гляньте, а потом про катитесь по пермскому краю, и сравните . И увидите кто победил .",0
5982," АО «КазТрансГаз Аймак»: потребители виноваты сами * Что происходит * Точки над i не расставлены * Снова виноваты потребители Во вторник, 29 ноября, представители южно-казахстанского филиала АО «КазТрансГаз Аймак» прокомментировали перебои с подачей голубого топлива в домах шымкентцев. Что происходит Вот уже вторую неделю в городе – паника. Жители обрывают телефоны «горячих линий» и каждый день обращаются в СМИ в надежде выяснить, почему в их домах и квартирах или низкое давление газа, или его вообще нет. Такие проблемы у шымкентцев возникли сразу, как ударили первые морозы. В многоэтажках люди не могут согреться, а жильцы частных домов – даже приготовить пищу. В конце прошлой недели АО «КТГ Аймак» распространил письменный комментарий, где скромно сообщил о том, что в трубах «обнаружен конденсат», и мол, в связи с этим «частично затруднена подача газа в некоторых микрорайонах». Однако такое объяснение горожан не удовлетворило и только усилило их подозрения в том, что компания-монополист каким-то образом экспериментирует с качеством голубого топлива. В Шымкенте сейчас активно обсуждают несколько версий того, почему впервые за долгие годы проблема с газом обрела такой массовый характер. Абоненты АО «КазТрансГаз Аймак» грешат на некачественный газ, подаваемый в жилые дома и искусственно созданную проблему перед очередным повышением тарифов. Точки над i не расставлены Журналисты надеялись, что интервью с представителями АО «КТГ Аймак» расставит все точки над i. Однако главный инженер южно-казахстанского филиала газовой компании Сакен ИСМАИЛОВ ничего нового не сообщил. - Многие потребители в своих квартирах в многоэтажках самостоятельно установили автономное отопление, а там газопроводы рассчитаны только на газовые плиты. Установив, отопительные котлы, они нарушают ситуацию. Естественно, гидравлический расчет не выдерживает, абоненты нужный объем не получают в пиковые моменты. (…) Когда газ из подземных труб резко поднимается в надземный газопровод, в этих участках появляется конденсат. Чтобы опять не возникли перебои с подачей газа, мы сейчас продуваем газопроводы, избавляем их от конденсата. Работников оснастили всем необходимым оборудованием, в данный момент они работают. Практически уже закончили продувку труб, - сообщил журналистам Исмаилов. Однако давать гарантий, что с наступлением зимы (а ее в этом году обещают очень суровую  – Д.Б.), в Шымкенте вновь не возникнут перебои с газом, Сакен Исмаилов не спешит.    - Я не могу сказать, что проблема искоренена. Возможно, еще она даст о себе знать, но не в таком количестве, - заявил спикер. Снова виноваты потребители В АО «КазТрансГаз Аймак», по сложившейся традиции, вновь обвинили своих потребителей. По словам Исмаилова, шымкентцы пренебрегают правилами безопасности при эксплуатации газовых приборов. В результате с наступлением отопительного сезона, всего за месяц с лишним, в Шымкенте произошло 77 случаев отравления угарным газом: 177 человек пострадали, 8 – погибли. Напомним, что в Шымкенте владельцы частных домов провели собственное расследование в поисках причин возникшей проблемы с газом и самостоятельно проверили свои газовые абонентские ящики. Результаты, которые они выложили в сеть, поразительные: внутри редуктора обнаружен лед, а из газовых труб хлещет вода. Откуда она там взялась – вопрос остался открытым. Главный инженер ЮКПФ АО «КазТрансГаз Аймак» Сакен Исмаилов заявил, что «отклонений по качеству газа нет, все соответствует стандарту».    ",0
2605,"Ебать, безумие какое. Может чувак набухался и решил суициднуться, сделав доброе дело?
",2
26489,"Ну что ж, я наверно ничего нового не напишу, но все же хотел бы в качестве благодарности сотрудникам написать отзыв. Это была моя первая поездка в одиночку, и я дико напрягался по этому поводу и думаю, что во многом, благодаря людям что сидели на ресепшн, моя поездка обошлась без каких либо сложностей. Найти отель оказалось очень просто. Прилетел в аэропорт им. Ататюрка, спустился в метро и левее от входа купил istanbulkart за 20 лир + бесплатно можно попросить карту метро. Садимся в метро, едем до Zeytinburnu, легко пересаживаемся на трамвай в направлении до Kabatas и едем до Sultanahmet. А там уже пользуемся какой нибудь скачанной картой в смартфон. Либо идем мимо голубой мечети (она будет по левую руку), затем начинаем спуск и по правую руку у нас оказываются развалины колизея, идем мимо, проходим пару домой в влево вниз. Идти до отеля буквально 5-10 минут. На ресепшн оформился без проблем, сразу дали бумажку с паролем от Wi-Fi, пока ожидаешь, можно почитать книги и журналы. Я оставил свежий, на данный момент, номер популярной механики, так что читайте :) Проводили на 2-й этаж, хотя по брони должен был быть цоколь. Оказывается, мне номер бесплатно апнули. Это было приятно :) Рассказали что в номере и как пользоваться, показали минибар (2 бутылки воды-бесплатно, лимонад в банках кажется 3,5 лиры). На столе чайник, куча чая и сахара. После распаковки вещей, спустился вниз, где опять же на ресепшн, мне дали карту, рассказали в каком порядке лучше смотреть достопримечательности, сориентировали по ценам, дали советы, сделали на карте разные пометки и так далее. Спасибо им кстати за терпение с моим ужасным английским :) Каждый раз когда возвращался, спрашивали мои впечатления, всегда можно было задать вопрос, или получить помощь. Еще один плюс, это то, что основные достопримечательности находятся в шаговой доступности, за 2,5 дня я на транспорте даже не катался, разве что из аэропорта в отель и обратно. Но у меня в запасе есть и малюсенький минус, в душевой кабинке некуда положить баночки с гелем для душа и шампунем. На завтрак большой выбор блюд, и если я правильно понял с 8 до 10 часов, жаль оба раза мне не хватило картошки :) Очень порадовал ценник, за 2 ночи + часть последнего дня до 22 часов мне обошлось примерно в 58 евро. Так что смело рекомендую этот отличный на мой взгляд отель!",1
46009,"Пыталась звонить в течение часа
Даже, на вашем официальном сайте указан телефон регистратуры, который на проверку (а дозвониться непросто) оказался телефоном справочной. Да, там мне вежливо ответили и подсказали, куда я должна звонить, чтобы записаться к специалисту. Но не смогли ответить, надо ли набирать пресловутые цифры 8-495 для ответа. Пыталась звонить в течение часа двумя способами - ответили без набора дополнительных цифр. Но это потребовало столько времени, что мало не покажется. Дайте на сайте правильные номера телефонов всех регистратур - это ведь просто и не требует дополнительных затрат, нужно только желание стать доступнее для ваших настоящих и будущих пациентов. С уважением.
",2
7981,"еперь узи каждые три месяца.  после молдавских хирургов не смешно.  Просто молдавские первые рискнули показать....Все так работают... в замкадье  Нету, значит и нету))))  в моем случае это было бы очень намного дороже - потому что реабилитационный период длинный, а это койка посуточно. и в пребывание на ней входят далеко не все лекарства... а койка-день - 1500 гривен. ну и главное - врачи. меня оперировали два профессора (мой профильный + приглашенный по профилю проблемы) и мой лечащий. никто из них не ведет прием в частных клиниках, а в силу ряда всякого в анамнезе (измененнная анатомия+спайки) ни один врач в здравом уме не будет связываться со мной с полостной операцией, имея хотя бы минимальную возможность отправить меня к моим врачам. это мы уже проходили :( собственно, профильный профессор по возникшей проблеме сказал  сделаю, но только на их территории, если они мне подготовят операционное поле .",1
6538,"Были в отеле с 16 по 19 февраля. Отель в тихом месте,рядом с Рамблой в самом центре.Персонал очень радушный и внимательный. Номера убираются хорошо. На последнем этаже бар с видом на город , идешь и сам себе наливаешь и записываешь на листок - при отъезде платишь. Пиво 0,33 - 5 евро, виски 50 гр 9 евро. Не понравились завтраки, бедноватые очень.",0
4916,"           А у меня Камри cv30, 1993 и движка 2С-Т( первое авто). С запуском мучаюсь на холодную....предыдущие хозяева не ездили зимой, сказать ничего не могут. сам весь нэт уже прошарил, везде в ней полазил- причины не понятны...дизель сложная штука.......но все равно она клевая!!!! Это еще тот, качественный японец!!! Найду проблему- и буду ездить дальше. она 20 лет ездит и еще 20 жить будет!!!         ",1
26636,"Природный минерал. Обладает противовоспалительным, противомикробным и анестезирующим действием, усиливает фагоцитарную активность нейтрофилов, ускоряет регенерацию тканей.  А в чем прикол-то? Вроде в Германии используют, все довольны. Основа - хлорид магния, вроде как его водный раствор замерзает при более низких температурах, чем аналогичный солевой.Соглашусь с протестующими только в одном. Дороги не надо посыпать, их надо очищать от снега.  сколько уже можно травить народ!?  сам по себе чистый хлорид магния - топит лед, в растворе рабочая температура где-то 12С. Из негатива эксперты подчеркивают повышенную вязкость, агрессивность к металлу ( выше хлорида натрия и кальция).",1
1944,"Хорошая 4-ка. Добротный номерной фонд. Мебель, сантехника все новое. Уборка каждый день. Приветливые работники.Очень скромные для 4-ки завтраки, хотя все продукты вкусные и свежие (ресторан на -1 этаже), этажом выше есть бар, но его услугами не пользовался.Ближайшее метро примерно в 1,5км. Рядом одна из центральных улиц Барселоны - Диагональ. Большое кол-во торговый центров, в том числе с продуктовыми супермаркетами.Неплохой вариант для деловых поездок.",0
21030,"нгл.яз)в Макдональдсе непременно тебя окликнут:  Вiльна каса! , но продолжат принимать заказ уже общаясь на русскомЕще встречала одну женщину из делового мира, она из Донецка, но непонятно, почему говорит на грамотном, литературном украинском.Есть  западняне , они стараются говорить здесь по-русски, но с удовольствием переключатся на свой родной, если ты с ними так заговоришь.Это мои наблюдения  Вы меня ничем не обидели, я так и поняла, что Вы ошиблись, поэтому указала еще раз на содержание фильма.  А можно спросить, почему именно зимой?  Холодно :-) Когда работаешь с гончарным кругом, руки почти все время в холодной воде, зимой неприятно.  А, вот оно что :-) А я уж думала, что там, где стоят какие-нибудь печи для обжига, топить помещение дополнительно нельзя :-",1
23701,"24 мая 2008 отмечали в "" Аргументе "" свадьбу .  Нисколько не пожалели , что выбрали именно этот ресторан .  Все было просто отлично !  Сам ресторан небольшой , но все наши гости ( 22 человека ) разместились очень комфортно .  Огромную благодарность хотелось бы выразить администратору Марине , которая очень помогла советами и организацией торжества , а также всем работникам ресторана , сделавшие наш праздник незабываемым !  Все было очень вкусно !!!!! Молодцы !!!!! Спасибо !!!!!  ",2
49444,"Бюрократы в белых халатах
Пришли взять справку о контактах (элементарная проверка у педиатра, что ребенок здоров). Отмечу - это не какая-то там диспансеризация, не обследование у всех специалистов. Спрашивает: ""что-нибудь болит""?, ""скажи А-А-А"", и ""подержи градусник 5 минут"". Это в лучшем случае. Обычно просто: ""садитесь, подождите, я справку заполню"".
Справка нужна для приема в садик. Садик - рядом с домом, где сейчас живем. 45-я поликлиника - ближайшая к садику и к дому. Ранее были прикреплены к другой поликлинике. Мед. карта на руках. Приходим. И тут начинается. Раз мы не прикреплены к этой поликлинике - идите к директору. Директор разрешил - начали выписывать - и тут опа! Говорит: ""А у вас нет лабораторной карты из вашей прежней поликлиники""! Т. е. смысл вообще всей затеи теряется. Если ехать в ту поликлинику, то там и сделаем тогда эту справку о контактах. Риторический вопрос: зачем создавать на ровном месте столько проблем из-за одной единственной простейшей справки? Причем дело даже не упирается в реальное здоровье, ответственность за ребенка и т. п. Мы же все понимаем - всем на это глубоко и полностью фиолетово! Просто ""бумажки не хватает""! Эй, в халатах! Вы там зачем сидите? Бумажки копить, или людям помогать, решать возникающие проблемы? Привыкли гонять людей за бумажками? Этого не хватает, того не хватает, то принесите, се принесите! Очнитесь! Следующий поход будет с диктофоном и записью всех имен, фамилий, должностей. Может сразу всех и не попрут, но вода, как говорится, камень точит. Возьмут на заметку, сегодня ты директор, а завтра - ""потерял доверие"".
",2
38732,"Добрый день! Извините, немного с опозданием пишу отзыв об отеле Алтай. Отель советских времен, ожидать что-то сверхъестественного не приходиться. Выбирал отель из удобства района. Цены конечно по моему мнение завышены для такого уровня отелей. Номера, далеко не с евро ремонтом, но просторные. Парковки для автомобилей при отеле нет. Большой минус в том когда заселяют во второй корпус, из него надо идти на завтрак в основной корпус.Завтрак на слабую 3ку. 2й корпус вообще напоминает совок общажного вида особенно на первом этаже. Нам номер дали на 5 этаже, выйдя из лифта в коридоре стоял запах как будто на этом этаже расположена столовая с открытой кухней :)) (сейчас пишу и мне смешно от этого) запах пищи стоял по всему коридору, хорошо что в номере этого не было))",0
26119,"Квалифицированная работа сотрудников
KDL это лучшая лаборатория Пятигорска и кмв, очень квалифицированный персонал. Особое спасибо Кристине!
",1
16494,"Ужасный ресторан !!! Отмечали в нём свадьбу .  Заманчивые рассказы и красочное описания перспективы , даже близко не совпали с тем обслуживанием и отношением , с которым мы столкнулись после того , как деньги были уже заплачены .  Фрукты на столе оказались тухлые .  Из обещанных больших порций - лёгкие закуски .  Администратор Зумруд сделала всё , чтобы с нашими гостями чувствовали себя не брошенными - других посетителей ресторана садили только вокруг нашего стола , хотя других свободных мест было предостаточно ( посещаемость этого ресторана оставляет желать лучшего ) .  За музыку мы заплатили , но музыкант играл только то , что принято слушать в восточных ресторанах .  В конце вечера Зумруд попыталась "" срубить "" с нас ещё денег , на вопрос "" за что ? "" , начался просто развод .  Короче , если не хотите испорченного праздника - сюда , даже если это будет единственный ресторан в Москве , не ходите !  Все положительные отзывы пишут сами работники .  ",2
34877,"отель прекрасный!номера просторные,удобные!комфортные!атмосфера богатства,роскоши!Прекрасное обслуживание!Очень вкусно кормят!Тишина,замечательная зона кабинета в номере!Очень удобное место для оттдыха!Высококачественная химчистка!Предложения экскурсий и такси,все на высоком уровне!",1
43100,"Хочу высказать свое мнение
Я сама из Москвы. Посетила эту клинику: обслуживание клиента отличное, чистота везде идеальная, приемлемые цены. Подлечилась, теперь посещаю находящийся там солярий, который тоже идеален.
",1
22279,"Великолепное местоположение, в пешей доступности ко всем транспортным артериям: трамвай, паром, метро, а также в комфортной пешей доступности от основных достопримечательностей района Султанахмет. Небольшие, но чистые номера. Устойчивый вайфай, довольно скромные завтраки.",1
3386,"Хорошее отношение к больным
Хочу выразить свою благодарность врачам и персоналу 2-ой хирургии (4 этаж). Меня на скорой привезли с подозрением на острый аппендицит. В приемном отделении моментально осмотрели, сразу же в сопровождении медсестры отвели на анализы крови, на ренген, на узи, на осмотр генеколога - нигде не ждала ни минуты, везде пропускали, все очень быстро. В отделении трое суток наблюдали, первые двое суток брали кровь каждые 6 часов, постоянно осматривали - и врачи и зав. отделением и главый хирург - я просто была поражена, никак не ожидала! Даже среди ночи подходили!Никаких денег заранее не платила и не обещала, никто не намекал на это! Врачи приятные, не могу сказать, что разговорчивые, не могу сказать, что много объясняют - осмотрят, расспросят, скажут заключение (все кратко) - и бегут дальше. Но все это - не равнодушно. Диагноз, в конце концов, не подтвердился, показатели крови пришли в норму, боли утихли и меня выписали. Перед выпиской сама отблагодарила лечащего врача, причем от всячески отбивался от денег, но мне так спокойней, если просто повернуться и уйти после такого отношения - на душе будет неприятно. Ремонта в отделении нет - только окна пластиковые, кровати неудобные, НО - белье чистой, убирают постоянно, кормят хорошо (питание диетическое, но ВКУСНОЕ). Я живу в Москве, но попала в Химкинскую больницу, так как осталась ночевать у родителей и отсюда меня забрала скорая. Но теперь я еще подумаю, куда ехать в критической ситуации, в московскую больницу, или - сюда. Пожалуй, если хирургия - выберу Химкинскую больницу. Спасибо врачам и персоналу! Спасибо! Людмила.
",1
5089,"Хорошо:- обслуживающий персонал- чисто- персонал хороший- метро рядом (до торгового центра одна остановка)Плохо:- нет холодильника- нет чайника (чай можно взять в баре бесплатно, кофе в автоматах 1.50€)- нет русского каналаТак впринцепи все хорошо",0
13073,"Почему? У нас редко у девочек розовые комнаты. Только когда ребенок сам ооочень просит, но даже в этом случае внимательно подбираем не поросячий оттенок)
",0
3250,"Периодически бываю в самой первой Окинаве на Энтузиастов .  Суши и роллы не ем из-за личной неприязни к морепродуктам , но посещаю данное заведение сугубо по причине близости к дому и выбора друзей .  К моему счастью в меню присутствуют блюда из мяса , овощей , лапши ...  Особенно нравится свинина в соусе терияки ( 250 руб ) и куриный шашлык ( 80 руб ) - с пивом самое то ))) Обстановка вполне уютная , обслуживание среднее .  Конфликтов почти не возникало , кроме как на счет скидочной системы - отмены в одностороннем порядке скидки по карте interzet в 20 % .  ",0
15072,"Я недавно с девушкой был в этом заведении .  Отличный ресторан в котором все сбалансированно !  Качество блюд , дизайн интерьера , обслуживание все на высшем уровне !  Огромный выбор Маргариты только радует !! Все что мы заказали было очень вкусно !  К своему стейку в качестве гарнира я заказал картофель с сыром и могу сказать , что ту тарелку которую мне принесли на гарнир хватило бы даже на двоих .  Официант моей спутнице посоветовал заказать блюда Виста дель мар и он был восхитителен !  На десерт заказали бананы и чимичангу из клубники !  И это все нам понравилось Огромное спасибо замечательному персоналу !  Кстати , несмотря что мы появились без предварительного заказа , нам быстро нашли столик на двоих у окна - за что огромное спасибо администратору Анне ! которая учитывает желания гостей .  Спасибо !!  ",1
8004,"Они никуда отсюда не двинутся. Мы же их боимся.   А зачем свои проблемы сваливать на Европу, если сами справиться не можете.  охренеть от всего происходящего (((((((((((  Пользователь  сослался на вашу запись в записи  Кондопога в Москве. А они думали,  коренное население  будет ждать, пока его перережут, как баранов?  в контексте: [...] ая активность связана с убийством жителя района Егора Щербакова приезжим неславянской внешности [...]  Пользователь  сослался на вашу запись в записи  Кондопога в Москве. А они думали,  коренное население  будет ждать, пока его перережут, ка  в контексте: [...] ая активность связана с убийством жителя района Егора Щербакова приезжим неславянской внешности [...]  То есть парень, живя среди ослоёбов, был настолько героический, толерантный и простой, что ни ножа, ни ствола с собой не носил? И видя грязное животное, подходящее к ним, вообще не напрягся? И не был готов животное ликвидировать? И просто дал себя зарезать, не сопротивляясь?Ну, не знаю.  Пользователь  сослался на вашу запись в записи  Кондопога в Москве. А они думали,  коренное население  будет ждать, пока его перережут, как баранов?  в контексте: [...] ая активность связана с убийством жителя района Егора Щербакова приезжим неславянской внешности [...]  Пользователь  сослался на вашу запись в записи  Кондопога в Москве. А они думали,  коренное население  будет ждать, пока его перережут, ка  в контексте: [...] ая активность связана с убийством жителя района Егора Щербакова приезжим неславянской внешности [...]  Пользователь  сослался на вашу запись в записи  Кондопога в Москве.",1
4633,"я не спорю что карьер есть. вот только института каторги (сиречь применения заключенных на тяжелых работах) - в странах экс-СССР нет. да еще с выездом. это же не колония-поселение
",0
707,"иректор института Чарльз Эшбернер предположил, что, в первую очередь, обновленный символ государства должен отражать территориальные изменения. В связи с возможными переменами из нынешнего британского флага, известного как Юнион-Джек, предлагается убрать символы Шотландии и включить символы Уэльса (например, флаг святого Давида — желтый крест на черном фоне). ..Валлийская символика не была включена в Юнион-Джек, поскольку на момент утверждения его дизайна Уэльс являлся составной частью Английского королевства. Из новостных лент.  Жёлтый может быть от Ганновера? Но это ж надо его сначала вернуть, так сказать, в лоно...  А им-то что? Это ж в любом случае будет не флаг Шотландии  :)))  наоборот, захочит отделиться побыстрее чтобы проклятым москалям сассенахам хуже было с таким флагом  Наоборот побыстрее захотят отделиться - нагадить англичанам!  От оно как ...А чёрный откуда?  Ганноверская династия закончилась Королевой Викторией. Следующая династическая фамилия -- Глюксбург.  Усё на месте. Саксен-Кобург-Гота:   Спасибо, теперь понятно.   Везде эти .",1
22676,"Посещали Стамбул в апреле, с рабочей поездкой. Разместились в этом отеле. В целом все достойно, номера хоть и не большие но уютно, убирают каждый день и полотенца меняют. Не работали кондеи на отопление, хотя было прохладненько. Из минусов - мы приехали очень поздно, и уже половину не соображали - и видимо ночьной портье решил на нас нагреть руки - что то там говорил про разницу курсов и что типа наш номер уже подорожал хотя он и не дорожал - мы проверили в тот же момент. Ну короче жулье!рядом еще есть лавка с различными сладостями - мы туда все время ходили ели дегустационные товары)))",0
25955,"Сдаем анализы
Гемотест, Окт. поле. Более года хожу в это отделение, сдаем анализы всей семьей. Медсестра нравится (всегда на одну и ту же попадаю), все приветливы, ничего ни разу не перепутали. Все достоверно!
",1
17689,"Отмечали в Бюргере мой юбилей все прошло на высшем уровне .  И кухня и организация и обслуживание супер .  Все мои гости были в восторге .  С кухней данного заведения мы знакомы , т. к. ходим на бизнес-ланч и периодически заказывали блюда по меню , все очень вкусно и порции большие .  Спасибо администратору Наталье Леонидовне .  ",2
19317,"Большой классический отель с множеством номеров недалеко от центра Хельсинки. Можно доехать на трамвае, можно дойти пешком. Номера удобные, с хорошей звукоизоляцией, хотя окна выходят на основную улицу. Бесплатный Wi-Fi хорошего качества. Завтрак очень достойный, с типичными финскими специалитетами. Прямо напротив остановка автобуса Finnair до аэропорта. Недалеко находится церковь в скале, а напротив парк с озером.",0
26618,"Огромное спасибо доктору Бабий
Мы с 10-летней дочерью проходим курс лечения у доктора А. С. Бабий. Врач с первого дня нашел общий язык с дочерью, смог уговорить ее начать лечение, хотя она очень боялась. Результат лечения у дочери - исправление сколиоза был виден с первого сеанса. У меня прошли сильные боли в спине после первого сеанса, после седьмого сеанса боль не чувствую вовсе. Александр Сергеевич огромное спасибо за ваш профессионализм, внимание и чуткое отношение!
",1
26238,Ресторан для тех кто хочет вернуться в эпоху Советского времени .  Мне очень понравилось .  Живая музыка .  Отличный интерьер .  Кто не был - рекомендую  ,2
22984,"Отдыхали с друзьями все понравилось. Отель находится в отличном месте, все в шаговой доступности. Завтрак понравился но приходите до 9-00, что-бы все попробовать. Номер был небольшой но уютный. Одним словом цена и качество. ",1
4462,"Начну с того, что ехала я на рынок покупать небольшую машину, не очень мощную по лошадям, ну где то 100-130 лошадок меня бы устроило. Посмотрев несколько машин и прокатившись на них, меня все время что то не устраивало, то машина низкая, то ход жесткий, то цвет не нравится)))) И я увидела ее))))) Мицубиси, влюбилась моментально. А когда прокатилась, то пропала окончательно. Плавный, мягкий ход. Очень вместительная и высокая. О количестве лошадей я тогда и не вспоминала....а зря((((В итоге я стала владелицей Мицубиси Аиртрек Турбо 2004 года, правый руль, 4WD, 240 л.с. и 2 л. объема в декабре 2014 года. ",0
12960,"Благодарность сотрудникам хирургии
Большое человеческое спасибо заведующей приемного отделения в хирургическом комплексе Анне (не запомнил, к сожалению, отчества и фамилию), Соколову Сергею Валентиновичу, Ольге из рентген. кабинета за чуткое отношение и помощь, а так же младшему медперсоналу, помогавшему по передвижению по кабинетам в больнице. Как хорошо, что есть такие замечательные люди. Спасибо им еще раз огромное.
",1
5432,"Про ресторан « A-la Фиджи » мы узнали случайно , когда искали место для проведения семейного праздника на 12-14 человек .  Прежде всего , заинтересовала возможность развлечь гостей в течение вечера .  Расположение ресторана в РТК « Варшавский экспресс » позволило сначала всем вместе поиграть в керлинг , затем спуститься в ресторан , а через некоторое время отправить детей-школьников на просмотр семейной комедии в кинотеатр .  Родители с маленькими детьми могли выйти прогуляться , подняться-спуститься на эскалаторе , посмотреть рыбок в аквариуме .  Сам комплекс даже в выходные достаточно спокойный , вход в ресторан расположен удачно , абсолютно нет ощущения « проходного двора » , как в некоторых других комплексах .  Итак , место нам понравилось .  Следующим шагом стало изучение сайта ресторана .  Меню нас приятно удивило своим разнообразием .  Работать с ним было удобно .  Мы составили предварительный вариант заказа и отправились на разведку .  Первый же встреченный нами сотрудник ресторана помог найти администратора Марию , которая оформляла другой заказ , но смогла уделить время и нам .  Мы договорились о встрече и пошли дегустировать местные деликатесы .  Взяли мясное ассорти и свинину по-новгородски , а на десерт – профитроли с мороженым .  Порции оказались весьма солидного размера , что позволило нам внести выгодные коррективы в предполагаемое меню -)) .  Из мясного ассорти нам больше всего понравились буженина и куриный рулет с курагой , их и выбрали для заказа .  Свинина по-новгородски достойно выдержала конкурс на роль основного горячего блюда .  Порция состоит из небольших сочных и мягких медальонов в сметано-грибном соусе ( не все же готовы после залпа закусок сражаться еще и с огромным куском мяса , а так гости могли взять с общего блюда столько , сколько хотели ) .  Понравилось симпатичное оформление блюда с изящными башенками из пюре ( которое , правда , могло бы быть менее сладковатым ) .  Очень порадовали профитроли , которые прекрасно подходят для легкого десертного завершения трапезы .  Интересно , можно ли заказать их с фирменным домашним мороженым , представленным в меню ?  Но даже и с простым пломбиром профитроли были хороши .  Забегая вперед , скажу , что с десертом мы угадали – гостям он понравился , и съеден был без остатка -)) .  Встреча с Марией окончательно убедила меня , что судьба нашего праздника в надежных руках .  Очень приятно иметь дело с менеджером , который « играет на стороне заказчика » , учитывает все пожелания и дает ценные рекомендации .  Мария порекомендовала нам , в частности , попробовать салат « Соломенная шляпка » , на который мы сначала не обратили внимания .  Мы согласились и удивили гостей его оригинальным видом и отменным вкусом ( куриное филе , огурцы , курага , чернослив ) .  Салат « Дорф » и остальные закуски также были хороши и красиво сервированы .  Мария предложила нам различные виды горячего , и мы в дополнение к свинине заказали по порции куриного фрикасе , креветок с манговым чатни и шашлычков « Сотей » .  Это позволило в результате каждому гостю выбрать горячее по вкусу .  Красное и белое вино , рекомендованное Марией , стало прекрасным и не очень обременительным для кошелька -)) дополнением к закускам и горячему .  Поскольку к концу застолья силы гостей иссякают , и на большой торт их может не хватить ( а день рождения без торта дети бы не поняли ) , мы попросили и получили разрешение принести свой торт поменьше ( вынесли нам его на красивой подставке ) .  Но главное чудо произошло , когда Мария позвонила и сказала , что на наше время свободен VIP-зал , и наш банкет можно будет провести там .  Зал очень уютный , изящно оформленный , мягкие диванчики и удобные плетеные стулья были по достоинству оценены гостями . 27 января мы провели великолепный вечер в ресторане « А-ля Фиджи » !!! Все было очень вкусно !!! Большое спасибо Марии и всем сотрудникам ресторана за безупречную организацию нашего семейного праздника и море положительных эмоций !!!  ",1
51909,"Благодарность врачу-офтальмологу и ее медсестре
Выражаю благодарность врачу-офтальмологу Буяновской Веронике Владимировне и медицинской сестре Аброшкиной Наталье за их профессионализм, доброту, внимательное отношение к пациентам. Мой ребенок состоит на диспансерном учете у врача, постоянно посещаем этого доктора. Очень приятно приходить на прием в этот кабинет, врач и мед. сестра всегда улыбчивы, помнят каждого пациента, проводят грамотный осмотр, все объяснят и маме и ребенку. Очень приятно, что в период реорганизации и оптимизации медицины (надо сказать в худшую сторону), в поликлинике остались такие врачи и медсестры. Большое спасибо Веронике Владимировне и Наталье. Хотелось бы чтобы администрация поликлиники ценила такие кадры и поощряла материально. Жарикова Елена и Владимир.
",1
4367,"Из минусов можно отметить только слабоватую звукоизоляцию номеров, но для нас это не было критично, так как нашей задачей было максимально изучить город, и в этом как раз нам попался очень хороший вариант размещения. Отель находится близко к центру и на пересечении двух основных веток метро, откуда без проблем можно добраться до любой части города и любых достопримечательностей. Собор Святого Семейства находится в 15 минутах ходьбы, это по сути одна прямая улица, на который кстати можно найти кучу кафешек, баров и ресторанов. Завтраков у нас не было, поэтому завтракали мы тоже где-нибудь поблизости, и всегда вкусно. Персонал очень внимательный и приятный, дизайн номеров и наличие в нем сейфа тоже порадовали. Однозначно готовы порекомендовать этот отель, особенно тем, кто приезжает в Барселону в первый раз.",1
6370,"Спасибо, пребывание в отеле было замечательным, персонал просто отличный, было очень приятно получить комплимент от отеля по случаю праздника. Мы получили намного больше, чем было заявлено на сайте, рекомендую этот отель всем.",1
47298,"Отношение хирурга
В карточку не внес ничего о том, что мы его посещали и какая у нас проблема, диагноз поставил неверный. И даже справку с диагнозом из другой больницы не посмотрел. В итоге приходится обращаться к другому специалисту.
",2
42460,"Деньги на ветер
Соблюдали все. Результат отрицательный. Но обвинил нас, грубо ответили - Вы не соблюдали значит и т. д. и т. п. Фирма ответственности вообще не несет. Только Вы виноваты, если не похудели и деньги не возвращают. Психологическая травма теперь у дочки, вообще не верит теперь никому и ни во что. Я из Луганска - реальное лицо, можете написать и спросить, есть даже еще чек от них. Деньги на ветер только выбросили, лучше бы целый месяц фрукты ели.
Елена.
",2
7426,"Всех с новогодними праздниками !  Хочу поделиться приятными моментами , которые прошли вовремя новогоднего корпоратива в ресторане Браво-лаудес !  Мы изначально знали где будем отмечать всей своей дружной и большой компанией наш корпоративный новый год , так как наш зам директора раньше гулял в Браво-лаудесе свой юбилей и предложил этот вариант и на новый год .  Я заранее пришла обсудить меню и все условия праздника ... честно говоря удивило ... приятный прием ... нас сразу угостили чашечкой кофе , это было очень даже кстати после мороза на улице ) большой просторный зал , но это не все – были еще и 2 других зала , которые нам понадобились для переодевания , для различных конкурсов .  А на балконе мы сделали предновогодний фуршетик .. чтоб гости не скучали , ожидая других .. получилось модненько ) после этого нас ознакомили с меню .. что нас полностью удовлетворило – выглядело все очень вкусно и аппетитно !  Что в реальности – не разочаровало !  Напитики у нас были свои , поэтому тратиться на них не пришлось .. как никак нас было 150 человек .  Украшения были сделаны довольно-таки интересно ... что создавало еще более новогоднюю атмосферу ) Ведущий , которого нам порекомендовал ресторан – нам понравился , активный и позитивный молодой человек , в том числе и приход деда мороза и снегурочки .  Они раздавали призы , было особенно приятно ) Но не могу не сказать и благодарные слова Майклу - он старался и полностью контролировал ситуацию .. за это ему большое спасибо !  Буду всем своим друзьям и знакомым рекомендовать этот ресторан !  ",1
50914,"Вызов врача
В течение 1,5 часов дозванивалась до вызова врача. Они брали трубку и скидывали. В итоге врача вызвала.
",2
10182,"Черствые сотрудники
Здравствуйте. У меня получилась ситуация когда я навещала маму в неположенное время, нужно было срочно передать бинт для перевязки, но слишком бдительные охранники 2-го хирургического отделения и старшая медсестра меня не пропустили в палату мотивируя тем, что часы посещения начинаются с 16 ч., а я была примерно в 13 ч. Мне сказали ждать до 16 ч. или чтоб мама спустилась сама. Вот представьте человеку сделали операцию день назад, только температура начала спадать, пришлось ковылять самой. А человек пожилой, 77 лет и еще болен диабетом, но это абсолютно ни кого не волнует как оказалось.
Я бы так не возмущалась если бы там действительно было все очень строго, но это не так. На моих глазах проходили спокойно люди и их пропускали потому, что есть пропуск от врача, а может быть и нету я точно не знаю, но сказали так. Главное, что человек 6 спокойно прошли даже без бахил, а это хирургия.
В общем если у вас будет ситуация, когда нужно срочно что-то передать, то вам ни кто не пойдет на встречу. Формалисты там работают и в службе охраны и в персонале. Конкретно фамилий не могу указать, но эта смена работала 24-09-2015 г. Надеюсь, что не весь персонал такой, а только единицы. А этим людям, сотрудникам, хочется пожелать чтоб в подобной ситуации с ними точно также поступали, как они поступают по отношению к другим людям.
",2
11727,"Спасибо Гаврик Ирине Евгеньевне
13 мая 2014 года заведующая урологическим отделением Гаврик Ирина Евгеньевна прооперировала (варикоцеле) сына. Безусловно, Ирина Евгеньевна и профессионал высокого уровня, и светлая личность! Сын уже на ногах. Очень аккуратный разрез. Рука у доктора твердая, но легкая. Ирина Евгеньевна терпеливо и доходчиво разъясняет пациентам (вне зависимости от возраста и уровня образованности) и причины болезни, и ход лечения. К слову, и сотрудники этого отделения в уровне профессионализма подстать заведующей. Доброго всем здоровья!
",1
1383,"е изучал историю ВДВ, но мне кажется, что тех кого я знаю(Мирон, Данила Морозов, Плот, Костя Фоменко, Петя Петров, ....) очень серьезные воины.   А самая боеспособная единица в России- это , простите за просту, это дивизия им.Дзержинского. Внутри дивизии есть всё: спецназ( две роты), химбатальон( первым был брошен в Чернобыль), танковый батальон, батальоны связи, и даже милицейский полк с опытом работы в городских условиях. При распаде СССР , при возникновении межнациональных конфликтов первыми туда отправляли дзержинцев.В составе дивизии еще в давние времена служили только русские и украинцы, причем отбирали их за год до службы, изучая их через учебные учреждения и по месту жительства.   Хорошее дело, пацанов хоть от компьютеров отвлечет, из дома вытащит.   Одно хуево ! Опять с детства рябятам мозг засирают ! Едро и и д ! На хуй ?????  ...видел  Ох уж эти ВДВ",2
5906,"В целом отель неплохой,месторасположение рядом с центром города,проблем с парковкой не возникло,номера чистые цена адекватная,но хотелось бы остановится на следующих моментов:1. мы приехали в конце сентября т. е. 29-30 числах в отеле не было отопление и мало того видимо номер целый день проветривался поэтому жутко было холодно.2.Мы остановились на 13-м этаже ввидимо потому что высоко горячая вода в душе подается не сразу мало того она периодически пропадает и представте моетесь настроили воду комфортную и в какой то момент горячая пропадает и вы вынуждены выскакивать из душа))3.В самом отеле такое ощущение что попал то ли в (Италию )то ли в (Португалию) русского человека кроме как на ресепщене и не встретишь, вроде в Питер приехал а не в Таджикинстан или Узбекистан по крайней мере в вечернее время в отеле были одни ""иностранцы""",2
11764,"Вот тварь!!! В сумасшедший дом на хуй!
",2
1970,"Идеальный район для жилья и осмотра достопримечательностей. Всё рядом: Люксембургский сад, Пантеон, Сорбонна, музей Орсе, Лувр, собор Нотр Дам де Пари. Такси до Эйфелевой башни 8-10 евро. Тихий, спокойный, чисто парижский район. Маленький, уютный отель, не на шумной улице, но в центре Сен –Жермен. Номер 33 тихий, по меркам Парижа не очень маленький (есть меньше). Чистый, хороший напор воды, отличный Wi-Fi. Есть даже тапочки, хотя это 3 звезды. Очень оригинальное оформление холла. Персонал вежливый и любезный, старающийся помочь. Были проблемы с кредитной картой, мужчина на рецепшене, терпеливо искал возможность решить проблему. Минусы: -Поинтересовалась у отеля (в процессе переписки), что входит в завтрак. Оказалось, что из обещанного: сыра, мюсли, 2 видов масла (был один) и 3 видов джема (было 2), их не было. Скудный и дорогой! Мужчины, точно останутся голодными. Поэтому ходили на завтрак только в первый день. В последующие, завтракали в кафе (50 метров) на углу улицы. Отличное кафе и не дорого! -Не люблю серый цвет в оформлении интерьеров, номер от этого, кажется меньше и менее уютным (но это, лично моё мнение). -Сиденье унитаза было почти сломано, при использовании, возникали определённые проблемы... -Настольная лампа не включалась. -Жаль нет чайника в номере. -Цена отеля, да! Завышена! А что Вы хотите, Париж!!!",0
11931,"Местоположение - рядом с одноименной станцией S-Bahn. Персонал говорит на немецком и английском. Несмотря на правило заезда после 15:00, я заселился без проблем в начале первого. Номера убирают каждый день. Завтраки - вкусные, к ним предлагают свежий выпуск местных газет. На ресепшн приобрел туристическую карту Berlin WelcomeCard. Есть сейф, чайник, минибар, в телевизоре - много немецких каналов, соседних стран, один русскоязычный (по нему шел художественный фильм). Поразил раздельный сан узел, отдельно душ и ванная. Широкая кровать и диванчик для ребенка (хотя я путешествовал в одиночестве). На шестом этаже - фитнесс-клуб. Если придираться - то нет тапочек с халатом.",1
2817,"Метро, Аэробас - рядом. Отличный вид на площадь, Музей и фонтан. Спа центр с сауной, бассейн на крыше. Завтраки не разнообразные, но очень приличного качества. TV с двумя русскоязычными каналами (но без USB и HDMI). Если не жаль 17 евро за ночь, то лучше взять номер на 7-ом этаже (Superior). Шум с площади спать мешает не сильно.",0
21313,"В трактире славянский базар хотела заказать банкет .  НО после общения с управляющем Александром передумала .  Не знание меню , отсутствие манеры поведения и безразличность к своей работе .  Вот что я увидела .  ",2
21798,"Отель находится в историческом центре старого города, он расположился в старинном особняке, поэтому самый большой его минус это звукоизоляция. Надо над ней поработать. Завтраки скудноватые, но мы наедались вполне. А так вполне симпатичный и даже уютный. Персонал вежливый и приветливый. Останавливаться здесь можно.",0
11550,"Не советую
28 февраля этого года, я, будучи на 16 неделе беременности, попала с болями в животе по скорой в это заведени. Это было раннее утро и сразу хочу сказать, что просидела я в приемном отделении порядка полутора часов! Ко мне из гинекологии спустилась врач (не было у нее бейджа, поэтому сказать как зовут к сожалению не могу), со словами ""у нас в отделении нет даже стоячих мест"". Естественно я спросила, что вы мне предлагаете делать и получила ответ ""здесь до 123 всего одна остановка на маршрутке"". Я поинтересовалась, не хочет она меня хотя бы посмотреть? На, что мне было сказано ""во первых у нас пятиминутка и у меня нет времени, а во вторых зачем лишний раз трогать, и так понятно, что у тебя угроза. Я сказала, что без осмотра никуда не уйду, и нехотя меня посмотрели на кресле. С заключением: ""Ну вот, все понятно, как я и говорила здесь просто угроза."" Меня отправили своим ходом в другую больницу. С горем пополам я добралась до 123 (здесь хочу отметить, что мучилась я с болями с 11 вечера предыдущего дня, а когда уже совсем стало невмоготу, вызвала скорую, и было это в районе 5 утра, т. е. в 123 я оказалась уже в районе 8). Там меня естественно в первую очередь осмотрела гинеколог, и округлив глаза, сказала, что ничего даже похожего на угрозу не видит. Вызвали хирурга, взяли анализы. В результате диагноз - острый аппендицит! Прооперировали через час, сказали, еще бы немного и все.
Так, что имейте ввиду стоит ли обращаться к таким ""специалистам""!
",2
9685,"Положительный взгляд
Лежал в гастроэнтерологическом отделении. Удовлетворен. Вероятно, отделение отделению рознь. И обслуживание и питание хорошие. Есть нюансы, но их можно оставить за скобками. Благодарность Баркаловой Л., Горшкову Е. и Логинову В. А также мед. сестарм!
",1
34292,"Мне очень нравится эта клиника
У меня очень хороший отзыв о докторе! Я обратилась в первый раз с проблемами в коленном суставе. Михаил Владимирович дал мне рекомендации, купировал боль. Сейчас мне стало лучше, но я хочу повторно к нему сходить. И вообще, мне очень нравится эта клиника!
",1
10423,"Были 14 февраля 2008 г. компанией из 6-ти человек , в 20-00 .  Я понимаю , что в соседнем помещении ( видимо , один хозяин и одна кухня на два заведения ) ресторан "" Пилигрим "" и там шла праздничная программа , понимаю , что там , наверно , были все официанты , но не до такой же степени .... Зал на двух уровнях , на всех 2,5 официантки .  Даже пепельницу не дождаться .... Пиво ждали 10 минут ( без преувеличения ) .  Через час принесли первый салатик , но без приборов .  Приборы пришлось идти просить , о них даже не подумали .  Принесли приборы на 4 человек , при том , что нас шестеро за столом .  Через 1 час 30 минут ( с момента заказа ) принесли горячее .  Те , кто перекусил дома , были относительно спокойны , голодным после работы не позавидуешь .  Только около 22-00 смогли слегка утолить голод весьма небольшими порциями .... Понимаю , что официанты не виноваты , что их мало , но это не повод вести себя хамовато .  Пиво вкусное ( 150-170р . за 0,5 ) , хотя для такого названия ресторана сортов действительно маловато .  Горячее есть не все , что в указано меню , пришлось менять выбор .  Мясо в горшочке с белыми грибами , в принципе , вкусное , но жестковатое , жуется плохо , во рту не тает .  Вывод : Даже делая поправку , что попали в "" час пик "" ( осознанно ) , осталось плохое впечатление .  Ни соотношение "" цена / размер порций "" , ни "" цена / сервис "" не порадовало .  Интерьер описан выше , согласен полностью .  Все деревянное , столы и скамейки тоже .  Музыка была слышна из двух залов сразу и это смешение не радовало .  Из 6-ти человек за столом , 4-ро курили , но дым в воздухе не висит , вентиляция на уровне , вещи табаком не пропахли .  Ресторан рядом с домом , но следующий раз я туда если и пойду , то очень не скоро ...  ",0
1522,"Обьясни мне-на кой хер нам это средиземноморье? Одну страну уже профукали, вторая идет с удвоенной скоростью в никуда. Мы с Асадами дружили много лет. Что мы получили, кроме возможности нагадить евреям?",0
20606,"Будьте внимательны
На первичном приеме моей маме был вручен список исследований к госпитализации. Когда мы приехали с вещами на госпитализацию, обнаружилось, что нам вручили не тот список и части исследований не хватало. И нас отказывались госпитализировать. Запись на следующую госпитализацию была предложена через 5 недель!!! Нам пришлось искать в г. Балашиха платный центр и ОЧЕНЬ быстро делать УЗИ. Будьте очень внимательны к тому, что Вам дают за списки.
",2
25608,"Изначально отель привлек своим расположением. Он находится в самом центре исторического города, пешком можно обойти такие достопримечательности как голубая мечеть, Ая-София, дворец топкапы, так называемая цистерна базилика и др., что крайне удобно для туриста моего типа. К тому же из окна открывается просто сказочный вид. Приятно удивило обслуживание и обстановка в отеле, персонал дружелюбен и всегда готов помочь по любому вопросу. Все чисто, красиво и видно, что декоратор постарался на славу. Не имею привычки останавливаться дважды в одном и том же отеле, но пожалуй для agora life сделаю исключение.",1
24072,"Ай , посидели на славу !!! Ах , вкусно-то как поели !!! Ух . как голова-то болит !! Но не будем о грустном .  Всё было более чем !  Закуски , салаты , шашлыки - всё на VIP ( если можно так написать ) !  А давайте фан-клуб узбекской кухни создадим !  Обязательно буду ещё !!!!!  ",2
2532,"ЕБАНЫЕ ПИНДОССКИЕ ПИДАРАСЫ!!!! ВОТ В ВК НИКТО НЕ ЗНАЕТ МОЙ ПАРОЛЬ!!! УБЛЮДКИ ШПИОНСКИЕ!
",2
20664,"но я не интересуюсь парусным флотом, я им страдаю.  россия, москва  украина  донецк  минск, беларусь  россия, сочи.  беларусь, минск.  россия, москва  питер.  россия, иркутск  не то, что-бы сильно увлекаюсь, но читаю с интересом.башкортостан, уфа.  исторически - поскольку в иркутске было адмиралтейство и навигацкая школа, поскольку в иркутске родилась русско-американская компания, поскольку из иркутска стартовали все экспедиции, исследовавшие чукотку, камчатку, дальний восток, русскую америку, поскольку байкал рядом с иркутском - это самый крупный пресный водоем планеты земля.  питер  эстония))  украина, киев.  россия, челябинск  спб  донецк, украина.",1
3368,"Брал с салона, проехал около 60 тысяч км, ни разу ничего не менял кроме расходников и вентилятора. Конечно, слышал и плохие отзывы, но мне с покупкой очень повезло. Подвеска не убиваемая, говорю так, потому что знаю, что она пережила. Машинка то, что надо для наших дорог!По управляемости оставила после себя положительные эмоции. Руль никогда не вело. Из кальи выходила без труда и усилий. Дорогу держит устойчиво.Качество материалов низкое, как говорится, всё очень и очень скромно. К комфорту претензий почти не, за исключением сидений, уж очень они похожи на стулья.За 3 года эксплуатации из минусов обнаружил: коробка передач чуть медлительна (автомат); вышел из строя вентилятор; плохо заводится зимой от -25 и ниже; слабая шумоизоляция. ",0
40670,"Во первых явно не хватает персонала, пришлось ждать на ресепш (одна администратор не справлялась с заселением) и в ресторане на ужине пришлось долго ждать (одна официант тоже не справляллась). Но самое отвратительное, что был очень медленный WiFi, который постоянно вылетал и по работе в данный отель приезжать просто нельзя.",2
26310,"Сегодня были на детском празднике в хинкальной на Комсомольской : еда супер вкусная , сервис отличный , очень приветливый персонал , аниматор развлекал деток , родители отдыхали , очень просторно , а главное очень доступно несмотря на центр Москвы .  ВСЕМ СОВЕТУЮ !!!!!!  ",2
1235,"Отель замечательный: прекрасное расположение - до Оперы пешком всего 7 минут, вкусный завтрак, уютный номер и заботливый персонал. Бронировала стандартный номер для двоих, но любезно предоставили клуб. В номере WiFi работал отлично - свободно общалась с родственниками по скайпу. Ежедневно меняли постельное белье и полотенца. Рекомендую этот отель для романтического путешествия в Париж.",1
13356,"В суд их
Это возмутительно: санитары не ухаживают за больными и родные сами убирают в палате, а когда к ним поступила больная старушка, 83 лет, с инсультом, они отказались её лечить, ночевала она на стуле, а утром отвезли домой, родные в шоке, ещё случай: пожилой женщине 86 лет, нужно было делть промывание желудка, санитарка принесла ведро ИЗ ТУАЛЕТА, ИЗ КОТОРОГО МОЮТ ПОЛЫ, когда её дочь начала возмущаться, санитарка в ответ кричала на неё МАТОМ. Есть свидетели! В СУД НУЖНО ПОДАВАТЬ!
",2
8875,"увы... А еще если кто то из семьи, заболел - то болеют все.... Это еще одна причина, по которой с детьми особо никуда не хочется выходить...
",0
27409,"21 января решили поужинать в колбасный на мичуринском в фестивале .  Как оказалось некурящие столы это всего 1 метр от курящих и смысла в такой зоне для некурящих не видно .  Самое ужасное было это ожидание в течение 10 минут официантки .  Через минут сами позвали ее .  Она кивнула , но так и не подошла еще 10 минут успев при этом убраться за соседним столом .  Так и не дождавшись никого , ушли в другой ресторан .  ",2
21248,"только в разборе и очень давно.p.s. к нижнему топику (про еськова и лукьяненко) комменты закрыты, но тем не менее... троллинг лукьяненко смотрелся бы зачётно, если бы он не запостил до того ещё 100500 топиков про мерзких пиратов и тупых читателей, которые его не понимают. шутка, рассказанная в 10-й раз, в одном месте тем же людям, она уже не смешна.а уж от д'артаньяна, чей белый конь по самые бабки увяз в навозной, как кажется лукьяненко, луже... ну, вы поняли.  подсказывают, что  фамилию фотографа имеет смысл гуглить на британском, там намного больше   поправлюсь - на её сайте только вышепредставленное, видимо, я шарился там, где были не только её фотографии...  не знаю...  патрон калибра 76мм? о_о :)-http://www.pearlmanphotography.com/#a=0&at=0&mi=2&pt=1&pi=10000&s=5&p=0в оригинале без подписей.   хорошему стволу - достойный калибр :-))пожалуйста.  д, немцы умели в сумрачный гений :-))  дык наши тоже юзали, пуля для птр бзх - тоже с хлорацетоном.",1
8299,"Сделанная операция по удалении грыжи на позвоночнике
Наша сноха приехала из Узбекистана. Возникла проблема с позвоночником. Сделали МРТ. Срочно нужна была операция. Все оплатили по договору койко-место операцию, наркоз. Типо прооперировали. Улетела в Узбекистан, сделала МРТ грыжа была не тронутая. Пришлось делать еще операцию там. Сестра поехала разбираться. Разговаривала с заместителем главврача всей больницы, показался порядочным человеком. Оставила договор, МРТ, квитанции, обещали разобраться, позвонить. До сих пор ""звонят"". Здесь говорят чурки. А в Узбекистане сделали операцию, какая была хорошая палата, отношение врачей и медперсонала, не то, что здесь. Вот Вам и узбеки. А в Подольске врачи зажрались. Клятва Гиппократа для них ничего не значит! БЕГИТЕ ИЗ ЭТОЙ БОЛЬНИЦЫ!
",2
8046,"Ставлю твердую 4 из 5. Отель 3*, и в целом, он им соответствует. Плюсы: центр города, недалеко от рамблы, готического квартала- все в пешей доступности. Рядом в 5 мин ходьбы метро. Завтрак очень приличный: есть и горячее и холодное. Номер не маленький ( у нас был трехместный). Окна выходят во внутренний колодец, не на улицу: поэтому тихо. Так как бронировали напрямую: дали при чекине по бутылке воды. Девушка на ресепшн очень приветливая. Минусы: трубы канализации проходят рядом с окнами: утром это ощутимо слышно, район, если идти от метро или улицы hospital: мусульманский, но много туристов и агрессии я не видела вообще. Был заявлен выезд до 14, тк бронировали напрямую, но почему- то нам заблокировали карты в 12 и сказали выезд до 13. ",0
34785,"Рекомендую
Веду на Полежаевской беременность у Курниковой. Не знаю, у меня положительные впечатления. Доктор замечательно ко мне относится, всегда внимательная, никаких лишних назначений и запугиваний нет. Может у меня и сложностей с беременностью особых нет, хотя поначалу был сильный тонус и даже небольшая отслойка, сейчас маловодие есть, но никто не пугает, говорят, все хорошо, не страшно, справимся. Мне это нравится. Нам уже 33 недели. Другие специалисты, у которых была, тоже вполне порадовали. В общем, нормальная крепкая клиника.
",1
24925,"мы частенько ходим в Ваш ресторан м. Пражская .... оч вкусноооооооо готовят и цены отличные .... но персонал с каждым разом все убивает и убиват .... Во-первых когда заодишь .... официанты и менеджер так смотрят .... типа какого Х. .... ВЫ пришли ...  Во-вторых не раз было что заказываешь одно , а приносят что то другое или вообще не даносят часть заказа ((( какие после этого чаевые .... а из последнего ..... официантка , просто принимала заказ у нас с тааааким одолжением / , что просто хотелось встать и уйти ((( ресторан спасает только мастерство шеф-повара , огромное ему спасибо )))))))))) я надеюсь это все читает руководство ! ? хотелось бы видеть изменения в дальнейшем ))) спасибо !!!  ",2
47216,"Прекрасный отель, расположен в центре Патонга, недалёко от пляжа, ТЦ Дженсилонг, Банглароуд. Отель очень зелёный отель построенный в национальном стиле. Попадая в отель скрываешься от шума и жары Патонга. ",1
5014,"Расположен очень удачно, рядом с метро в сталинском доме. Сам отель расположен на 2 и 3 этажах жилого дома. Комната была просторная, но прохладно. Включили обогревал, комната быстро нагрелась. В сан. узле душевая кабина, все работало. Завтрак входил в стоимость. По выбору или яичница или овсянная каша. Тут же сделали яичницу, так съели пару бутербродов, в общем достаточно сытный завтрак. Возможно приедем еще. В принципе нас все устроило. Хороший вариант для отдыха на выходных.",0
418,"Тупые дуры даже не знают как есть банан
",2
17190,"Останавливался много раз. Отличный отель для четверых за свои деньги. О детской кроватке надо предупреждать заранее. По русски в отеле не говорили. Завтрак многогранен. Вайфай и русский канал. Парковка была бесплатная, хоть писали что платная. Все рекомендую",0
707,"Свадьба 24 июня в среднем зале .  Очень доволен тем , что выбрал данный банкетный зал ...  С первого взгляда , как тока пришел делать заказ бросилась в глаза чистота и порядок .  Оч. вежливые и внимательные официанты и администратор .  В итоге все получилось как и планировали ..... Понравились цены и стоимость обслуживания .  Скатерти и чехлы чисты и без пятен .  Официанты внимательны и не назойливы .  Разве что нельзя украшать стены и потолок , но оно и понятно .... свежий ремонт ...  ",1
10477,"Достойный выбор чтобы хорошо отдохнуть с легким ощущением Западного Берлина.Прекрасное расположение рядом с Ку-дам, напротив зоологического парка, в самом центре Западного Берлина. Гостиница не новая, построена в то время когда Берлин действительно делился на Западный и Восточный и, как-то, ей удается сохранять и переносить в настоящее то ощущение времени хиппи и противостояния ""их мира"" и нашего.Но при этом это очень комфортный, современный и удобный отель, с грамотным персоналом и изумительно светлыми номерами.",1
5055,"Отдыхали в отеле в январе 2017, как раз на Рождество, в целом получилось 3 ночи.Отель находится поблизу метро (Clot), до главной площади Барселоны, всего несколько остановок. Отель на свои 3 звезды очень даже неплохой. завтраки не брали, кушали в кафешках и объедались фруктами, они там оч дешевые))В отеле убирали каждый день, но мыла, шампуней, почти не ставили, не меняли, так что берите с собой.Удивила комната, вернее дущевая кабина, она полностью прозрачная и двери прямо напротив кровати. Нас было 2 девочки)) Так что внимательно выбирайте себе номер))Балкона не было, огромное окно с видом на дорогу. Есть басейн на крыше.Персонал приветливый, внимательный))",0
20475,"Врачам
Обращаюсь в КВД не в первый раз, но каждый раз удивляюсь какие замечательные и приветливые врачи. Принимают такое количество пациентов! Я наблюдала в очереди было человек 20 точно, и ко всем внимательны и отзывчивы. Спасибо!
",1
4766,"се по канонам.вот такая фегня, малята.  Паки о Херувиме Дегтяре и его  истинно-православной катакмбной церкви  в Киеве проходит Архиерейское Совещание российских епископов РПЦЗ, от Синода участвует еп.Торонтский Михаил. Одно из решений этого Совещания — проведение переговоров с последователями сомнительных  катакомбных архиереев : Геннадия (Секача), Алфея Барнаульского, Антония (Голынского) для принятия их в клир РПЦЗ.Сейчас в Зарубежной Церкви многие таковых называют  Катакомбной Иерархией , забывая слово —  патриархийная : патриархийная катакомбная иерархия. Ставка в переговорах делается на последователей Г.Секача, как наиболее плодовитых и многочисленных.Впервые миф об этих  катакомбниках  развеял ревностный борец с сергианством покойный схимонах Епифаний (Чернов)",1
6772,"Отличный отель. Красивые новые современные номера. Прекрасная сантехника и косметика в ванной. Отличное расположение в самом центре Барселоны. Подъехать на машине, остановится и выгрузится не очень удобно, но эти минутные неудобства не должны остановить вас от посещения этого прекрасного отеля. ",1
3528,"В целом хороший вариант за свои деньги (есть номера около 2 тысяч за сутки). Расположен между Чернышевской и Маяковской. Завтрак включен в стоимость - жить можно. Из минусов - маленькие комнаты, здание старое, ремонта давно не было. Мебель и сантехника соответствующая.",0
20379,Да я тоже надеюсь что мы там неплохо отдахнем с друзьями .  Ну как говорится не будем загадывать !  ВСЕМ ДРУЗЬЯМ ПРИВЕТ !  ,2
437,"Казахстан входит в первую 30-ку стран по уровню развития электронного правительства. Об этом сегодня на инновационном конгрессе сообщил министр информации и коммуникации РК Даурен Абаев, передает корреспондент МИА «Казинформ». Министр отметил, что в эпоху высоких технологий индустриальный комплекс страны неразрывно связан с цифровой инфраструктурой. «Благодаря своевременно проведенным реформам, Казахстан добился значительных успехов в данном направлении», - подчеркнул Абаев. В частности, по его словам, по уровню количества абонентов мобильной связи Казахстан вышел на пятое место, а по уровню пользователей Интернета - 61 место в мире. «Сегодня плотность пользователей сети Интернет в стране составляет более 70%, при том, что страна у нас большая. Спутниковое вещание обеспечивает 100%-ный охват всей территории Казахстана. В 2015 году Казахстан вышел на 40-ое место в мире по развитию отрасли информационных технологий, обогнав другие страны СНГ. Мы входим в первую 30-ку стран по уровню развития электронного правительства», - проинформировал он. Напомним, в Астане проходит XI Инновационный конгресс, который собрал международных и казахстанских экспертов, представителей правительства и местной исполнительной власти, глав национальных холдингов и компаний, институтов развития, НИИ, ключевых участников национальной инновационной системы. В этом году конгресс уделил особое внимание четырем важным для Казахстана направлениям: энергетика, новые материалы, информационные и коммуникационные технологии (автоматизация, роботизация, цифровизация), глубокая переработка в агропромышленном комплексе. Источник: inform.kz ",0
29026,"Бронировал номер по акции а оказалось что зря. За горячим напитком мы так и не сходили а услуги салона оказывается давали скидку олько на 7 и 8 марта. В итоге переплатили рублей 400. Правда качество номера, наличие халатов и прочих мелких деталей в ванной сильно помогли командировке",1
10392,"Вот наверное многие достойные люди так думали, пока возможность и должность не развратили.
",0
48050,"Детский хирург
Очень довольна нашим новым хирургом Сытьковым В. В., поставил нашему 1, 5 годовалому малышу правильный диагноз: паховая грыжа справа и направил в хорошую клинику на плановую операцию. Побольше бы таких в наши поликлиники врачей.
",1
25555,"Отличный отель ⭐️⭐️⭐️⭐️⭐️ в современной, модной части Стамбула! Высотное, красивое здание с потрясающим видом на весь город! Номера оснащены электронным управлением и панорамными окнами! Чистота, аксессуары, отношение к гостям, сопутствующие и дополнительные услуги, бассейны, спа, фитнес, пианист в лобби по вечерам, room service ... Ну, всё, ВСЁ на высочайшем уровне!!! Вокруг торговые центры и рестораны, метро, небоскребы и атмосфера нового Стамбула! Огромное спасибо вам за гостеприимство и прекрасные впечатления!!! Очень крутой отель в любимом городе сделал очередную поездку незабываемой!!! Браво!",1
2884,"Нормальная больница
Попала в эту больницу на 10 неделе беременности, положили с гипертонусом на сохранение. Лежала в октябре 2012 года. Лечащий врач была Булатова Регина Ринатовна, она же зав. отделением. Внимательная, чуткая, если возникают вопросы, все подробно расскажет. При выписке подробно все рассказала, что интересовало. Также хочется сказать теплые слова в адрес врача Эллы Ароновны, она принимала при поступлении в приемном покое. Очень доброжелательная, чуткая. Спасибо ОГРОМНОЕ врачам за мою сохраненную беременность! Почти все медсестры уколы делают очень больно. Шишки потом долго не проходили. У нас палата была на 4-ых. В палате есть раковина. Но в основном палаты на 5 человек. Кровати очень очень неудобные. Администрация закупила слишком дешевый вариант кроватей. Под матрацы подкладывали одеяла. В первую ночь почти не спала из-за неудобства кровати. Душ на этаж, работал каждый день целый день. Столовая на этаже, завтрак нормальный, вкусные каши. На обед не все можно есть. Ужин самый плохой. Но есть несколько холодильников на этаже, где можно хранить свои продукты. В 7.00 будят мерить температуру. Большая очередь на УЗИ. Анализы крови на гормоны рекомендуют сдать платно в этом же здании в медицинском центре ""Данимед"". Телевизоров нет, только в платных палатах. Общее впечатление от больницы: чуткие хорошие врачи, нормальные медсестры, прекрасная женщина, которая работает в столовой (которая помоложе). Крайне неудобные кровати, плохое питание.
",1
32001,"Останавливались на этом отеле на день из-за отмены рейса. Очень хорошее обслуживание, вкусный завтрак и не менее вкусный обед. Качество сна - отличное, плотные темные шторы, большая удобная кровать. Я накануне не спала почти сутки, поэтому с удовольствием выспалась и поработала. От аэропорта курсирует бесплатный шаттл, так что если вам нужен отель в районе шереметьево, советую остановиться в Шератон. Кстати, за эти же деньги, я однажду останавливалась в отеле на порядок хуже, тоже в Москве, так что цена за номер приятно удивила. Совершенно разумная при такой высоком качестве обслуживания.",1
5860,"Остались довольны этим отелем.Хорошее расположение отеля. Пешком близко и до моря и до готического квартала. Отель маленький и уютный. Там около 30 номеров. Бесплатный вай фай, что для Барсы огромный плюс. Кушали в кафешках по соседству",0
14594,"Примите благодарность
Отличная клиника, высококвалифицированные специалисты, современное оснащение, все очень достойно! Отдельная благодарность прекрасному доктору, Юрию Александровичу Сидорову, коллективу 2-го радиологического отделения и, лично, заведующему Владимиру Васильевичу Осипову - замечательному хирургу и необыкновенно обаятельному человеку.
",1
44318,"Отдыхали в этом отеле 3 раза и всегда с удовольствием! Если вы любите тишину и покой, то вам сюда. Уединённый заповедный и широкий пляж Май као, гордость Тайланда. Завтраки шикарные! Обязательно попробуйте яйца Бенедикт с мясом краба...очень вкусно! На территории есть основной ресторан, где проходят завтраки, ресторан тайской кухни на пляже, там же есть симпатичный бар. Персонал очень внимательный. В отеле есть велосипеды, на которых можно прокатиться вокруг озера, находящееся на против. Недалеко есть небольшой торговый центр Черепашья деревня, в котором есть несколько кафе, магазины сувениров и продуктовый. Бассейн небольшой, есть детский клуб, спа, тренажерный зал с сауной. Территория небольшая, кругом кокосовые пальмы,по утрам поют птички. Номер очень уютный. Спасибо всем, кто сделал наш отдых приятным!",1
4449,"           ЛуАЗ 969М - 1986 четкая тачка ,хорошая проходимость и т.п! Во-первых кушает многово-вторых ребят не стоит забывать что мы в информационном веке живем,век прогресса! Да хорошая проходимость ,не гниющий кузов. Но не приемлемый салон! По моему мнению было бы хорошо если производители современных русских моделей равнялись на старые модели и производи машины с прекрасной проходимостью,не гниющим кузовом и прексраным теплым салоном! То получается унас cqxfc машины полнейший паркет((((((((((((((((((((не то что раньше! Но раньше была надежная но не отесанные,грубые машины!Мое мнению совместить проходимость и надежность и красоту в одно и было бы свосем четко как для производителей,так и для поккупателей.!!!!!!!!!!         ",0
30355,"В лучшем случае потеря денег, в худшем здоровья
Шахаратова И. А., замороченная на гомеопатии и непонятных массажах. Ну, что тут сказать, польза гомеопатии не очевидна во многих ситуациях, а зачастую, положившись на гомеопатию и прочие альтернативные методы рискуете потерять драгоценное время. Упустить время для традиционного лечения. Разводит на какие-то смешные и никому, кроме нее не понятные анализы (по 4 тыс рублей анализ. Никаких мнений и возражений не принимает, сразу раздражение. Также явно раздражается, поняв, что больше денег ""содрать"" не получится. В общем, если делать нечего и хочется пообщаться, то идите к ней. Если необходимо получить квалифицированную медицинскую помощь, ни в коем случае!
",2
1748,"..Некогда нам. Это вот беда.   Государство медленно и верно тянет население к полностью частной платной медицине, прикрываясь  декларациями о всеобщей бесплатности-доступности. Дорогостоящее лечение обреченных....Все эти схемы введены ТФ ОМС только для того, чтобы  ограничить потоки на расход  ИХ денег.   в частной поликлинике? о, да!!! Там мне в 100 раз насчет плана лечения-назначений свободнее. С четвертушкой в гос - пора завязывать.  Начальство славное , но...Пациенты хамеют на глазах (или мне так кажется?)Все больше стрессов (а оно мне нужно?), все меньше отдачи.  Все комплаентные валят в частную",0
6923,"Ясно, через неделю должен прийти ответ на претензию, которую ранее направлял, о качестве предоставления услуг, ну а дальше так и поступлю
",0
7761,"Очень любим этот ресторан .  Всегда приятное , ненавязчивое обслуживание .  Первый раз зашли спонтанно , просто прогуливались по Фонтанке - увидели в огромных окнах теплый свет и великолепный , но при этом очень уютный интерьер и не смогли пройти мимо .  Нас встретил администратор , проводили нас в зал. Сразу же налили шампанского .  Сев за столик у окошка , мы поняли , что уже не уйдем отсюда ) .  Обслуживание очень внимательное .  Очень понравился тунец с оливками , который подали в коробочке из пергамента перевязаной шелковой лентой , крем-суп из каппучино был нежнейшим .  Муж заказывал мясо - остался очень доволен .  Неплохой выбор вин .  В общем после этого посещения Иль Палаццо стал любимым рестораном .  ",0
27321,"Что стоит сразу отметить:Найти вход в отель не так уж просто, потому что вам нужно обойти все здание вокруг, несмотря на то, что оно примыкает прямо к аэропорту (если только у вас не забронирован рейс). Кроме того, охранники на входе немного странные.Что привлекло мое внимание:Оперативная регистрация, просторный номер с современными удобствами. Еда, которую доставляют в номер - неплохая, но то, как ее подают не совсем соответствует уровню самого номера. Что касается качества, количества и выбора, завтрак для такого места - превосходный. Профессиональный доброжелательный персонал. Через 30 минут после регистрации в отеле мне позвонили в номер, проверить, все ли в порядке - такого со мной не случалось даже в отеле Четыре сезона. Мне практически предоставили бесплатный завтрак, потому что знали, что мне надо рано вставать и лететь через всю Атлантику. В следующий раз, когда будете в короткой командировке, избавьте себя от хлопот - остановитесь в этом отеле.",0
12216,"ергей Минский, FB: Очень жаль, честно говоря, что так все получилось. Но даже то, что хоть треть людей с разными взглядами осталась до самого конца - уже хорошо. Хороший урок избирателям - поменьше выбирать певцов, телеведущих и фотографов (а то  Единую Россию  за Кабаеву с Валуевым ругали - а сами...) побольше людей может и не таких известных, но настоящих активистов, рабочих лошадок  Очень хорошее впечатление осталось от этого заседания: все по делу, конкретно и вполне в коллегиальном духе. ВОт так бы с самого начала... Но мы знаем, кто виноват в том, что этого не произошло. Знаем мы это? Да или нет? (с)Опять же,  Не забудем, не простим (с)Вы уж меня простите за эти цитаты из  Единого Безальтернативного Лидера Оппозиции , но уж больно хочется иногда захватить оружие противника и это трофейное оружие обернуть против него самого:))Но вообще даже столкновение г-на Гельфанда с националистами (которое могло, в принципе, перерасти в страшный скандал и, вполне возможно, переросло бы, если бы рядом с г-ном Гельфандом оказались умелые разжигатели подобных конфликтов, не будем сейчас называть имен) прошло во вполне конструктивном духе. Как ни поразительно.ВОобще в зале заседаний царил дух коллегиальности и конструктивизма (в рабочем смысле, не в смысле архитектуры):)Не могу отказать себе в удовольствии помечтать: вот бы второй созыв КС работал в такой же атмосфере!  к могильщикам КС добавился Михаил Соколов, Радио Свободаhttp://www.svoboda.org/content/transcript/25143273",1
522,"убился ап стену говорят  в новостях инфа есть, не официальная вроде...  долгииии задавили....  заебали  мистика, продал  Красного Ленина  и помер - неспроста эта )  Все там будем  И даже говорят, самовыпилился.  О смерти предпринимателя сообщил на своей странице в Facebook зять Березовского Егор Шуппе. А ролс 27 года успел продать?  похуй  помер борис, да и хуй с ним.  срач сми, новые доки и харя= похороны борсучьи  главное ,чтобы не воскрес к понедельнику  Как-то не в его стиле... Я быстрее поверю, что он таким образом на дно ложится.    всем похуй  говорят, дакто ж теперь карликам на нервы действовать будет?  Оригинал взят у  в Так что там случилось с Вашей лодкой? B течение десяти дней весьма странным образом погибают два талантливых актёра, каждый из которых изобразил однажды образ Путина. 7 марта 2013 года был убит Андрей Панин, сыгравший в малоизвестном фильме  Поцелуй не для прессы  человека, похожего на Путина (высмеял в этой роли Путина, чем вызывал истерику у кадрового чекиста). 16 марта 2013 года странным образом погиб другой актёр: в бассейне на Бали утонул Владислав Мамышев. Ещё в марте 2010 года Владислав Мамышев-Монро подписал обращение российской оппозиции  Путин должен уйти , добавив от себя:   Хоть мой автопортрет в образе Путина и был на обложке журнала  Артхроника , и вообще хочется любить всех людей… Но именно из любви к миллионам людей я уверен, что их пора спасать от  неведающего что он творит  симулякра власти, случайно (а для нас всех — фатально) оказавшегося абсолютно не в том месте, и не в то время.",0
19477,"Книга отзывов и предложений от 05.07.2013 .  Частенько заходим в ваш ресторан .  Очень привлекает обстановка и вежливый персонал ( сегодня нас обслуживал непревзойдённый Азиз ) .  Отмечали день рождение , хорошо провели время .  Кухня очень вкусная .  Подали блюда достаточно быстро , так же выше упомянутый Азиз своевременно подливал игристые вина .  Все очень понравилось , спасибо !  Книга отзывов и предложений от 07.07.2013 Сегодня в первые посетили ваш ресторан .  Были приятно удивлены уютной атмосферой , вкусной едой , а главное быстрым и качественным обслуживанием .  Вернемся сюда еще раз .  Желаем вам процветания , дальнейшего развития .  Спасибо большое .  Семья Казаковых .  Книга отзывов и предложений от 07.07.2013 Великолепная кухня и Профессиональное обслуживание .  Вкус блюд надолго остается в памяти .  С большим удовольствием посещаем ваш ресторан каждый раз .  Успехов и удачи .  Александр и Елена Глинские .  ",2
5539,"Отель прекрасно расположен- недалеко от Московского вокзала и 2х шагах от Невского проспекта и станции метро Маяковская, Хочу отметить отличную звукоизоляцию, что важно для городского отеля.Дизайн, качественный ремонт и состояние номеров приятно удивили, и особенно - подогреваемые мраморные полы в ванной нашего номера (не знаю, во всех ли номерах).Обслуживание - отличное...Очень приятно остановитья в маленьком уютном,понастоящему петербургском отеле.Остановливалась с друзьями по случаю своего дня рождения...",1
45758,"Поликлиника
Одна из лучших ведомственных поликлиник, с прекрасным оборудованием и квалифицированными специалистами! Особенно хочу поблагодарить врачей и медсестер офтальмологического отделения!
",1
60256,"У них нет специалиста по УЗИ
У моего близкого человека было подозрение на внутреннее кровотечение. В воскресенье не было специалиста по УЗИ, пришлось делать пункцию.
",2
7407,"Прямо под Казанью. Забавно то, что территория (вместе с посёлком, что рядом) неким клином вбивается в черту города, но не является его частью. Жилой комплекс относительно недорогой, учитывая, что в Казани сейчас с ценами просто атас - на этапе котлована в черте города среднее однушки от 3 млн почти. ЖК находится на отдалении. Есть автобусный маршрут, но добираться всё равно очень долго. Без своего автомобиля неудобно.
",0
14110,"Укол перед операцией
Тихий ужас! Настя - 25 лет. Перед операцией интерн делает укол и одну отправляет в хирургию с 6 этажа на 5 этаж. В лифте Настя теряет сознание и разбивается. Итог: сотрясение мозга, раскрошенные зубы и внутренний и внешний шрам на подбородке. А женщина пришла в больницу решить свои женские проблемы. И зам. зав. отделением говорит, что девочка упала от голода, т. к. с утра не ела перед операцией! Люди! Что же делать с этой бесплатной медициной?!
",2
47787,"Выражаем благодарность
Огромная благодарность нашему замечательному доктору, врачу-педиатру, Попцовой Маргарите Валериановне, которая, несмотря на очень напряженный график работы, всегда с вниманием выслушает, даст рекомендации, утешит. Моя малышка не только перестала бояться докторов, но напротив, с радостью идет на прием к ""Малите Бальяновне"" Большое спасибо за ваш труд, внимательность и любовь к деткам!
",1
33927,"Останавливаюсь в этом отеле не первый раз, на это есть несколько причин, первое это фактически единственный отель на патриарших прудах, а это мой любимый район Москвы, это старое здание соответственно тут толстые нормальные стены и тихое окружение, в отличии от отелей-муравейников, вы не слышите соседей вообще, и благоприятный сон вам обеспечен, 10 минут до всех достопримечательностей, метро и т.д. но толпы при этом мимо не ходят, безукоризненная уборка, персонал, удобная кровать, халаты, тапочки, все что нужно есть. Из не совсем минусов но возможно кому важно: отель не новый соответственно и мебель и сантехника тоже не новые, но ни обшарпанности ни неполадок нет, просто стиль немного совдепный но меня лично это не напрягает вообще, а если учесть что номер выходит в 14 000 за двое суток, и это в самом центре Москвы то это идеальное сочетание цена качество, рекомендую )",0
25051,"Пользователь  сослался на вашу запись в записи  У Тимченко обыск? Он перестал быть неприкасаемым?   в контексте: [...] Оригинал взят у  в У Тимченко обыск? Он перестал быть неприкасаемым?  [...]  Дай-то бог, чтобы это не оказалось прелюдией к 18-му или 41-му.  Вотано оно,Михалыч.... (с)  Осужденного к 13-ти годам лишения свободы Владимира Квачкова готовятся этапировать в новую тюрьму строгого режима для политзаключенных, которую специально построили за Полярным кругом для новой волны недовольных властью граждан. Об этом сообщила Надежда Квачкова, жена осужденного полковника на съезде Союза российских офицеров 10 февраля 2013 года. Ну и кому,это может нравится?Вся политика Путина сейчас направлена на возврат в те времена, когда послушное большинство молчаливо смотрит развлекательные программы, и идет в строго заданном направлении. Знаете,что ещё пока у нас осталось? Это собственность,ну так пара законов от железняка и не будет у нас собственности,как нет уже свободы,а есть запах диктатуры.   Нравится всё больше Путин?Так то бывает...Мало ли кому и что нравится. Вон разного рода падальщики прям без ума от падали и что?  Расслабьтесь. Тимченко резко разбогател именно в период президенства Путина.",1
27025,"Гинеколог Лапкина Ирина Анатольевна
Удивлена отрицательным комментарием в сторону Ирины Анатольевны. Врач приятный, вежливый, относится с уважением, но не сюсюкает и вокруг пациента не прыгает на задних лапках. Относительно ""разводящего отношения"" приведу пример. Для очередного осмотра обратилась сначала в СМ-клинику, поскольку она рядом с домом. Там меня прогнали по всем возможным анализам, сгоняли к урологу (как выяснилось, зря), ""нашли"" кучу проблем, пробормотали что-то невразумительное насчет диагноза, запугали до икоты, содрали около 15 тысяч (!) и прописали дорогостоящее лечение. Забрала на руки результаты анализов, которые оказались нормальными и отправилась на другой конец города в ""Медквадрат"". Ирина Анатольевна осмотрела, сделала УЗИ и недоуменно сказала, что по её части проблем никаких нет, единственное - можно провести профилактический курс не самого дорогого лекарства. Выводы о компетентности и раскручивании на деньги делайте сами.
",1
9301,"Уважаемые Арина и Джузеппе !  В первую очередь хотелось бы поблагодарить Вас , в Вашем ресторане мы с друзьями бывали неоднократно и очень довольны : кухня великолепна , интерьер уютный , обслуживание вполне приятное .  Тем обиднее был инцидент , случившийся в субботу 26.07 .  Мы с подругами выбрали Ваш ресторан , чтобы отметить 5 лет выпуска из университета и забронировали столик на 9 человек на террасе на 9 вечера .  К сожалению , имени официантки мы не узнали , могу описать внешне - молодая девушка с черными волосами , были убраны в хвостики .  Девушка была явно не в настроении , принимая заказы , ни разу не улыбнулась и старалась не смотреть в глаза .  Но собственно нас это не касается и мы бы не обратили на это внимание , т. к. сами понимаете , были заняты общением и празднованием , тем более , что все блюда были поданы достаточно быстро и были , как всегда , на высоте .  Около полуночи мы попросили счет .  Часть из нас собиралась уходить , а некоторые планировали еще посидеть немного , поэтому мы решили рассчитаться , чтобы потом не запутаться , сколько кто должен .  Счет был примерно 8,5 тысяч .  Мы расплатились и планировали сделать новый заказ .  Но вернулась наша невеселая официантка , бросила счет на стол и сказала "" Себе на метро оставьте "" .  В папке со счетом лежала сдача , около 50 рублей .  Честно говоря , мы растерялись от такого хамства .  И сидеть дальше нам сразу же расхотелось .  Мы попросили другого официанта позвать нам администратора .  Ждать пришлось около получаса .  Администратор правда извинилась и была очень вежлива , но честно говоря поведением Вашей официантки праздничный вечер был испорчен .. Просто представьте - люди собрались на праздник , многие не видели друг друга несколько месяцев , некоторые приехали из Франции , Финляндии и Москвы .  И вдруг под конец вечера такая сцена .  Осадок остался очень неприятный .  Хотелось бы обратить внимание администрации ресторана на поведение персонала , дабы избежать подобных ситуаций в дальнейшем .  Напоминаем , что основное правило сферы обслуживания - клиент всегда прав п. с. Не хотелось бы больше видеть эту официантку в вашем ресторане , который нам бы хотелось еще неоднократно посетить .  ",0
5559,"Низкий поклон Сединкину Алексею Анатольевичу
Древний учёный Авиценна сказал о враче так: ""Врач должен обладать глазами сокола, руками девушки, мудростью змеи и сердцем льва"". Именно эти слова можно отнести к Сединкину Алексею Анатольевичу. Самоотверженность и бескорыстие, любовь к своим пациентам и стремление им помочь - неотъемлемые его качества. Сединкин Алексей Анатольевич несёт по всей жизни слова из клятвы Гиппократа: ""В какой бы дом я ни вошёл, я войду туда для пользы больного"". Алексей Анатольевич является человеком именно не побоюсь повторить ""ЧЕЛОВЕКОМ"" с большой буквы с высокими профессиональными и моральными качествами. Низкий ему поклон и большое человеческое спасибо.
28.05.2014 г. - 01.06.2014 г., палата 1106.
",1
13872,"2002 год, Путин  а кстати, чтой-то реакции креативной общественности на новости с Кипра не видать.. или я не туда смотрю или все воды в рот набрали?  Вот мне интересно, какую же сумму с налога получит бюджет Кипра?    Есть все основания полагать, что и дальше будут ужесточаться режимы использования средств, размещенных в оффшорных зонах. Я не говорю, что завтра они будут заморожены, но если решение подобного рода будет принято, прошу извинить за простоту выражения, замучаетесь пыль глотать, бегая по судам в попытках разморозить эти средства . Путин, 2002  Есть мнение, что когда Кипр попросил у Путяры 20 млрд. долларов (дополнительно) для кризиса в банковской системе, он (Путяра) в ответ потребовал данные по российским держателям средств в банковской системе Кипра (каков наглец!!!). И поскольку, честные интеллигентные банкиры не могут так делать (невидимая рука рынка запрещает), а денег у Путяры все равно было надо взять, то попросили уже только 10 млрд., а недостающую сумму взяли единовременным изъятием с банковских счетов, благо деньги там большей частью российские. Вот так Путяра и дотянулся до наших и ваших банковских счетов на Кипре. Не забудем не простим!    По данным  Российской газеты  российские держатели счетов на Кипре могут потерять до 3,5 млрд евро.Как пишет издание, в кипрской юрисдикции несколько тысяч российских компаний, которые держат на депозитах в банках 19 миллиардов евро.",0
47761,"Некомпетентный педиатр
Топина - вобще отвратительный врач! Это женщина преклонных лет, которая абсолютно не компетентна в вопросах лечения детей. В частных клиниках о ней уже наслышаны, т. к. многие перепуганные мамочки с несуществующими диагнозами от Топиной мчаться к платным врачам (я в их числе). Она поголовно всех отправляет на госпитализацию (и грудничков в возрасте 1 месяц, это с учетом того, что все знают, что в воздухе там летает пневмония, недавняя история с брюшным тифом, для грудничков это смерть), это называется перестраховаться, чтобы с нее не спрашивали почему не уследили за ребенком, почему не было обследования и прочее. Грамотные врачи (благо есть знакомые)только крутят у виска и диву даются, откуда же она берет подобные страшные диагнозы. Категорически не советую этого, так называемого, врача!
",2
6196,"Были в начале сентября .  Долго изучали интернет , чтобы найти подходящее место .  Остановились на Кончите Боните , отзывы неплохие , узнали есть ли шоу программа .  Есть .  Пришли , и то , что мы увидели сказать , что не соответствовало нашим ожиданиям , ничего не сказать .  Хотели сразу уйти , но решили посмотреть шоу программу .  Тесно настолько , что если за соседним столиком больше 2 человек , выйти из за своего стола сложно , накурено ( хотя сами курим ) , шумно .  А то , что позиционировалось как шоу было нечто !  Нас хватило максимум на 10 минут .  Кричащие одновременно в микрофон двое молодых людей , переодетых в женскую одежду а ля "" новые русские бабки "" ( с большой натяжкой ) , с непонятными конкурсами возле шеста .  Атмосфера напоминала деревенскую свадьбу на второй день гуляний .  Кухня неплохая , но столики очень маленькие , если их не сдвигать весь заказ не помещается .  Народ в основном пьет пиво и коктели .  Обслуживание среднее .  Администратор приветливый .  ",0
5441,"а про разруху, так это же классика - разруха не в клозетах, а в головах.   в в место, походу, привычной свалки мусора контейнер нельзя передвинуть?  повезло. чисто, спокойно. недавно заполнял опросник горпроектов о состоянии двора и понял, что даже пожаловаться особо не на что. кстати, что касается курения в подъезде - после принятия закона соседи курить перестали без напоминаний и претензий, что меня искренне удивило. думал, воевать придётся.  беспорядок как правило там, где никому нет до него дела. ни жителям, ни чиновникам.у нас во дворе чисто.",1
7949,"Несмотря на то, что отель классифицирует себя как 4*, он вполне достоин всех 5.Стильный дизайн, отличные номера с панорамным видом, вкусные и полезные завтраки - это лишь минимум того, что есть в этом отеле.Нужно поработать? Не проблема, на втором этаже отеля есть несколько компьютеров с выходом в интернет и высокоскоростной принтер.Wi-fi - необходимость в наши дни, в каждом номере без проблем.Шаговая доступность от метро (200 метров), до пляжа в принципе тоже можно прогуляться. А для шопоголиков вообще рай, ведь в одном здании с этим отелем находится большо shopping center.",1
17137,"Довольно часто коэффициент Джини приводится без описания группировки совокупности, то есть часто отсутствует информация о том, на какие же именно квантили поделена совокупность. Так, чем на большее количество групп поделена одна и та же совокупность (больше квантилей), тем выше для неё значение коэффициента Джини.2.    Коэффициент Джини не учитывает источник дохода, то есть для определенной локации (страны, региона и т. п.) коэффициент Джини может быть довольно низким, но при этом какая-то часть населения свой доход обеспечивает за счет непосильного труда, а другая — за счет собственности. Так в Швеции значение коэффициента Джини довольно низко, но при этом только 5 % домохозяйств владеют 77 % акций от общего количества акций, которым владеют все домохозяйства. Это обеспечивает этим 5 % доход, который остальное население получает за счет труда.3.    Метод кривой Лоренца и коэффициента Джини в деле исследования неравномерности распределения доходов среди населения имеет дело только с денежными доходами, меж тем некоторым работникам заработную плату выдают в виде продуктов питания и т. п.  также широкое распространение получает практика выдачи заработной платы работникам в виде опционов на покупку акций компании-работодателя (последнее соображение несущественно, опцион сам по себе не является доходом, это только возможность получить доход, продав, например, акции, а когда акции проданы и продавец получил деньги, этот доход уже учитывается при расчете коэффициента Джини).4.    Различия в методах сбора статистических данных для вычисления коэффициента Джини приводят к затруднениям (или даже невозможности) в сопоставлении полученных коэффициентов.  Сначала написал возражения по каждому пункту, потом все стер.В конце концов, я всего лишь привел Вам статистику и источник.  Да, спасибо.",1
54177,"Убрали весь мой кариес
Спасибо Юсупову. Очень качественно и хорошо подделал все мои зубы)), весь мой кариес. Спасибо тебе.
",1
6200,"Я не поняла , что тут на сайте за беспредел с недостоверностью информации ?  Откуда взялись фотографии интерьера Тан Жена на Гороховой ? там и приблизительно все не так ?  Хотела заказать там банкет , повелась на ваши фото и рекомендации , поехала туда и ......... Каково было мое разочарование !!! Там и приблизительно все не так !  Только зря проездила (((( Просьба исправить недостоверную информацию !  Хотя и так сайту уже доверия маловато ... (((((((((((  ",0
25679,"Хамское отношение
Г. Рязань, ул. Новосёлов, д. 21б. Отделение медицинского центра ситилаб. Будьте осторожны в этом отделении центра вам будут не очень рады, вы получите массу неготовых эмоций от администратора. Такое чувство, что их насильно заставляют там работать.
",2
8644,"Очень удобное расположение. В шаговой доступности от основных достопримечательностей. Хорошие номера. Приветливый персонал.Маловат ресторан для завтрака. Пришлось проверять реакцию, чтобы занять столик. Удобно для путешественников на авто. Есть свой гараж, который вмещает в себя и нормальные машины, а не только табуретки, типа Гольфа.",1
27227,"4 декабря 2010 г , мы отмечали юбилей мамы в отличном ресторане "" Баязет "" .  Нам и нашим гостям очень всё понравилось : очень вкусная еда , отличное обслуживание , калоритное и богатое заведение , великолепный живой вокал прекрасной Софии .  Вечер удался на славу !!!! Выражаю большую благодарнось администрации ресторана , отдельное спасибо Эрику и Нелли , а также Софе , за её великолепный голос !!!!!!!!!!! СПАСИБО , ВАМ ЗА ВАШУ ОРГАНИЗАЦИЮ !!!! Я УВЕРЕНА , ЧТО ЭТО БУДЕТ НЕ ПОСЛЕДНЕЕ НАШЕ МЕРОПРИЯТИЕ В ЭТОМ ШИКАРНОМ АРМЯНСКОМ РЕСТОРАНЕ !!!!! СПАСИБО ВСЕМ , ВСЕМ !!!!!!!  ",2
39125,"Никому не советую
Я очень редко оставляю отзывы где-либо, но здесь я просто не могла промолчать.
10.04.2015 пошла на консультацию к гинекологу в СМ-клинику на Лесной к Нартовой Галине (прием 1 300).
На стойке регистрации мне дали подписать множество договоров. Сейчас я понимаю, что это делается для того, чтобы на эту клинику никто не смог подать в суд.
Далее я пошла в кабинет к врачу. Через 30 мин общения с ней, я поняла, что меня даже осматривать никто не собирается. Цель врача - как можно больше вытянуть из меня денег. Итог такой: меня так и не осмотрели, взяли 4 анализа, и выписали чек на 18 000 руб.))
Подойдя в кассу, я сказала, что оплачу только консультацию 1 300. Но так как я анализы не оплачиваю, прием стоит 2 100. Вот такой развод.
",2
47639,"В стоматологическом кабинете лечат взрослых
17 марта 2014 года пришли на прием к врачу-стоматологу и сидели час под дверью, в связи с тем, что врачиха лечила зубы какой-то старушке. Бардак.
",2
60990,"Микроскоп спас зуб
Мне повезло в жизни, что родители подарили здоровые зубы))), но есть два зуба в которых пришлось убрать нервы. С одним из этих зубов я обращалась к стоматологам, мне, что то лечили, но дискомфорт сохранялся. А в последнее обращение с этим зубом, врач подписал ему смертный приговор (т. к. есть киста и сломан инструмент в канале). Мне это не понравилось, я хотела его спасти и стала искать врача и технику которая сможет вытащить инструмент. Прочитала много информации в интернете и нашла сначала технику-МИКРОСКОП, для лучшего обнаружения и извлечения сломанного инструмента. Затем начала искать врача который владеет техникой лечения под микроскопом, спрашивала у знакомых, долго искала и мне посоветовали друзья клинику 32 дент и Воронину Екатерину Юрьевну. Вы не поверите она взялась за мой зуб! Правда лечение было долгим, сначала мы вытаскивали из каналов материал которым они были забиты, затем отломок инструмента все лечение происходило под чудесной техникой МИКРОСКОП. Я была в восторге и зуб спасла и во время приема отдыхала (даже несколько раз вздремнуть получилось). Огромное спасибо Екатерине Юрьевне и ее помощнику микроскопу в сложных зубах. Ой, забыла сказать, сейчас хожу с временной коронкой и жду контрольного приема у Екатерины Юрьевны, посмотреть как прошла киста и заменить коронку на постоянную.
",1
9550,Отмечали мое день рождения в пятницу 20 июня 2008 г. Все очень понравилось .  Очень хорошее обслуживание и вкусная кухня .  Хорошее музыкальное сопровождение .  Рекомендую !  ,1
34690,"Суперское отношение
Очень хорошая клиника, отличный персонал. Все очень любезно объяснили. Назначили анализы. Быстро получил результаты.
",1
26265,"Были 06.03.10г в ресторане .  Замечательная кухня , хорошее обслуживание .  Приятная атмосфера .  Все понравилось , кроме музыки .  Выступал дуэт "" Встреча "" , мужчина пел неплохо , а певица не произвела никакого впечатления ни писклявым голосом ни артистизмом .  Хотелось бы видеть хорошую музыкальную и развлекательную программу в таком уютном ресторане .  ",2
16475,"Отель понравился. Жили в номере - студии, немного тесновато. Отель чистенький. Завтраки очень хорошие, только фруктов практически нет. В номере есть небольшая кухонка, есть СВЧ и чайник. На 7 этаже кухня, где можно самим что-то приготовить, на 6 этаже стиральная машинка. Для тех кто любит прогуляться- до центра идти примерно 30 минут :) У отеля живут 2 зайца!!! мы каждый день за ними наблюдали. Есть детская площадка :)",1
22825,"Изменился телефон
Новый 55-9103 - там автоответчик который вам все расскажет добав. 177.
",2
30368,"Расположение отеля, вид из окна (берите повыше, у нас был 9 этаж) потрясающий, уютный номер, очень чистый (я даже не всматривалась в постельное белье, а обычно это приходится делать) и тихий, что самое главное. Все шикарно, очень понравилось. Брали стандартный номер (по габаритам больше чем многие стандартные номера в других отелях) в новогоднюю ночь, цена соответствует качеству. Номер выглядел идеально, не знаю для кого как, но из не дорогих отелей в Москве, в которых я была, этот самый лучший. Все таки 4*, даже тапочки есть, по количеству полотенец все ок). Я очень придирчива в плане выбора отелей, но тут осталась в восторге от качества, ни одного замечания не было по номеру! всем советую!",1
2676,"Купила я своего Марчика (Nissan March)в 2008 году, он был беспробежный по России, привезен из Японии. Понравился мне его внешний вид, интересный дизайн, одни ""глазки"" чего стоят. Так и хочется ему реснички нарисовать. Лупастик как я его ласково называю ) Вот его характеристики:Год выпуска 2001, 4 ВД (постоянный), автомат - вариатор, бензин, двигатель 1,3; 85 л.с.,5-дверный, суперсалон. Резина у него стоит на 13, маловато, конечно, но ничего, бывало и застревали и откапывались.Что мне нравится в Марче:1. Очень удобна у него посадка, сидеть комфортно, высоко и обзор хороший. Расстояние между передними сиденьями достаточно большое, с пассажиром плечами не сталкиваешься.2. Проходимость у него неплохая, разгоняется быстро, за счет небольших габаритов. удобно маневрировать.3. Удобны кнопки блокировки всех стекло подъемников и дверей, что создает дополнительную безопасность при езде.4. В приборную панель встроены 2 подушки безопасности.5. Удобная кнопка складывания зеркал.6. Отличная функция для забывчивых - если забыл выключить фары, Марчик напомнит.7. Небольшой расход бензина.8. Крепкая подвеска.9. Хорошая качественная сборка. Минусы:1. Небольшое расстояние между передними и задними сиденьями.2. Маленький багажник, мало что можно положить.3. Стандартная японская автомагнитола очень простая, предназначена для радио, кассет и дисков, поэтому я ее заменила на более современную. У меня Марч уже более 5 лет. эксплуатируется очень активно ежедневно. За это время:автомат работает хорошо, разгоняется быстро, скорости переключает грамотно.Крупных каких-то поломок за весь период эксплуатации не было, меняли только расходники и масла. А вот аккумулятор стоит до сих пор заводской и заводится с пульта.В общем, если ищите недорогую и удобную машинку, при условии, что у вас небольшая семья, то Ниссан Марч будет очень неплохим выбором. ",1
26246,"частие или не участие Навального в выборах не входит в компетенция ни Собянина ни Путина.Есть Закон...и нечего было консультироваться   У вас есть сомнения, что Путин и Собянин принадлежат к одной политической группе?У меня нет. Сталин Троцкий Бухарин принадлежали к одной группе...:)В свое время ВВП обещал Рокецкому поддержку, и что губером Тюмени будет он. Стал Собянин. Рокецкий получил утешительный приз...  тут на самом деле интересен не факт консультаций, а кто был инициатором участия Навального в выборах - Кремль или Собянин. Если Кремль, то кто конкретно. То, что консультации были и Навального освободили по просьбе из Кремля - в этом никто и не сомневался.  Потому что факт участия Навального в выборах не должен зависеть ни от Собянина, ни от Путина.  Навальный волей-неволей стал показателем того как власть может манипулировать кем угодно, пусть гуляет, избирается в Мосгордуму и занимается рутинной работой...  Путин и Собянин принадлежат к разным политическим группам",1
64816,"Лечила пульпит
Лечила пульпит в Мелиора Дент. С врачом повезло. Вежливый, внимательный, все время интересовался, не больно ли? В кабинете, как полагается, идеальная чистота и стерильность. Лечение хорошее, быстро избавили от боли, и теперь с моим зубом все в порядке. Спасибо)))
",1
3072,"Дает, но уродится косоглазо пиздоглазый даун, т.е. руццкий
",2
1994,"Много я слышала всякого про это заведение , но тот Жан-Жак , что на Петроградке мне раньше нравился , поэтому я решила , что для шумной компании родственников с ребенком будет самое то : ребенок будет рисовать на столе , а родственникам закажем что-нибудь необычное из того , что они еще не пробовали .  Пробираясь через сугробы и поверженные "" сосули "" , мы задержались , но наш столик был любезно зарезервирован .  Пока рассаживались , отметили очень приятную улыбку хостес и благожелательность остального персонала .  Интерьер нам понравился , мне даже больше , чем на Гатчинской .  И уютнее , и просторнее .  Зал для некурящих , правда , не совсем удобный .  Заказали улиток , мидии , сырный салат , салат с теплой телятиной , луковый суп , борщ , утиную грудку , стейк и лосось .  Улитки понравились , хотя теми вилочками , которые к ним дают , выковырять их из раковин довольно проблематично .  Мидии и луковый суп тоже , судя по скорости их поедания , оказались на высоте .  Хотя за луковый суп ручаться не буду , так как тому , кто его ел , сравнивать не с чем .  А вот с салатами и горячим дело обстояло значительно хуже .  Один салат вообще забыли , а в двух других "" теплая "" телятина почему то была холоднее даже комнатной температуры .  Утка моя плавала в каком-то сладком жире с претензией на "" медовый соус "" , "" стейк "" даже по виду не имел ничего общего с нормальным мясом , лосось , наверное , был бы хорошим , если бы его не шлепнули на стол рядом с салатом , который в силу того , что его приготовили позже остальных , съеден не был .  В общем , рыба безнадежно остыла .  Обслуживание , надо сказать , достойно отдельного упоминания .  Улыбки в начале , бесплатная водичка , которую так любят многие вспоминать добрым словом , и ангельски терпеливая реакция на не очень то смешные шутки одного из наших подвыпивших гостей предвещали хорошее начало .  Но дальше был полный бардак .  Про рыбу уже написала , про убогие турецкие бокалы в "" винном баре "" тоже не писал только ленивый , отмечу только , что понятие о том , что должен делать официант , и в каком порядке , у нашего мальчика Саши отсутствует полностью .  Классика жанра : весь стол заставлен тарелками от улиток , корзинками с приборами и проч . , Саша подходит с 3-мя тарелками в руках .  Судорожно ищет среди грязной посуды место для довольно большой тарелки с салатом .  Не находит .  Я пытаюсь ему помочь , расчищая стол , в этот момент он чуть не роняет все это на меня .  Самое смешное , что в полуметре от стола стоит официантский столик , с помощью которого эту проблему можно было бы элементарно решить .  С салатными тарелками и горячим ситуация примерно такая же .  Раскладывать приборы Сашу тоже не научили .  В общем , и с персоналом , и с кухней - работать еще и работать .  ",0
6829,"случайно попал в этот отель - лето, поздно бронировал, вариантов не было. Более-менее приличная ночлежка, других плюсов кроме центрального расположения нет. Стоимость конечно сильно завышена - оно и понятно, Рамбла реально в 2-х шагах. В 50 метрах налево- Пьяца дель Пи со знаменитым магазином ножей и прочего колюще-режущего оборудования. Номера маленькие, вид из окон на соседнюю улицу (т.е. в соседние окна). Завтрака вообще считайте нет, нет смысла за него и платить. 1 раз переночевать можно, но рекомендовать конечно нельзя.",0
14266,"разговаривают довольно шустро Мне показалось, что звук специально ускорили, чтобы энергичности добавить.
",0
33458,"Останавливаюсь в Novotel Moscow City уже не первый раз. Как всегда, отлично. Персонал всегда готов помочь. Комната чистая, бельё чистое, в гостинице порядок, на этаже тишина... Расположение гостиницы очень удобное - рядом большой магазин, три станции метро. В этом плане единстенное но - таксисты почему-то туда приезжают тяжело, но каждый раз всё лучше и лучше.Большое спасибо, Новотель!",1
11483,"Расположение отеля нормальное не далеко от метро и городских электричек. Обслуга хорошая, вежливая. Кормят очень хорошо, а вот посуду они не совсем качественно моют, но это единственный минус данного отеля.",0
433,"Купили KIA Venga (1,6), АКПП, в августе 2012, сошла с конвейера - июль 2012.Прошел год - нареканий нет.Достоинства: Высокая посадка (довольно вместительна, высокие люди чувствуют себя в ней комфортно), объема предостаточно - за рулем вижу крыши всех легковушек полностью - едешь почти как в джипе.Обзор – в целом, хороший - правда, иногда левая стойка заставляет перемещаться, чтобы увидеть пешехода.Багажник - при кажущемся маленьком объеме есть возможность увеличения - продвинув задние(!!!) сидения вперед без дискомфорта для пассажиров, кроме этого багажник имеет двойное дно, переместив фальшпол ниже - получаем ОЧЕНЬ вместительный багажник - детская коляска входит ""со свистом"" (может быть не все войдут, у нас вот такая).Приятные мелочи: внутренние ручки для закрытия багажника; складывающиеся зеркала; складывающиеся спинки задних сидений в ровный пол; регулируемые фары; изменение яркости подсветки панели; автоматическое включение фар после заводки авто вообще расслабило - получается всегда езжу с фарами, не забывая; передние и задние противотуманки; датчик дождя - памятник изобретателю!!! - особенно, когда встречка обдаст водопадом; омыватель стёкол имеет веерное распыление; для пассажира на заднем сиденье можно ноги вперед выставить далеко; закрывание дверей очень мягко - простое прижатие ладонью запросто закрывает замки и очень помогает при спящем младенце в машине.Зима - заводился каждое утро, самое холодное время - при -33С (дополнительно к иммобилайзеру установил сигналку с функцией автопрогрева и автозапуска).Что хотелось бы улучшить: Хочешь разогнаться быстро - дави на газ сильнее, или переключайся на пониженную. С другой стороны - машина семейная, не для гонок. Пластик вокруг - хотя качественный, вроде не скрипит нигде. Регулировка наклона спинки переднего сидения не автоматическая, нужно крутить ручку, но уже привыкли. ",0
39438,"Город Москва - очень красивый, но этот отель находится слишком далеко от центра города. Единственный способ быстро перемещаться по городу - это сесть на метро. Если вы решите выбрать этот вариант, то вам нужно выбрать НЕ часы-пик, чтобы сесть на метро, иначе вы будете себя чувствовать как сардина! Пешая прогулка до станции метро немного сомнительная, т.к. поблизости есть маленький рынок, который привлекает самых необычных типов и цыган. Зимой земля также очень скользкая и опасно ходить пешком. Этот отель находится очень далеко от Красной площади, и если вы решите взять машину, чтобы проехать по городу, то вскоре будете растрачивать ваш отпуск в движении транспорта и истощать ваш кошелек. Номера довольно современные, однако кровать была слишком маленькая, а пружины поломались давно и их не починили. Я уехал из этого отеля и посоветовал менеджменту исправить некоторые вещи. Единственным большим преимуществом этого отеля был бар и бесплатный интернет, а также завтрак каждый день был восхитительный!",0
2975,"Огромное спасибо Врачу Петяйкину
Орерировалась 21.01.2015 г. у врача Петяйкина А. В. Огромное спасибо вам за все! Операция прошла успешно, выписали быстро. Побольше таких специалистов)))
",1
12402,"ру напечатоно то тогда инфа сто процентов.  Неплохо.  Зачем вы проникли в ординаторскую поциент?  Раздвоение личности вас не беспокоит,а,? хуже пидораса   Не понимаю, как можно воспринимать Навального иначе чем дельца.  Вы так говорите, будто это что-то плохое . Прямо интонация сотрудника УБЭП ))))  Поправился вторым комментом.А называть агонию  тараканьими бегами  - это тоже не сильно весело.Какая заметка, - такие и комментарии.  да нормальный бизнесно Навальный перегнул палку - его рано или поздно оформятигра не стоит свеч  И гробов.  нахуй пройди мартышка  не смешно.",0
44895,"Отдыхали с мужем в октябре 2016 года. Туроператором был ""Библио Глобус"", которые отличаются своей пунктуальностью и четкостью работы. Отдельное спасибо хочется выразить Денису - отличный гид с прекрасным чувством юмора. Поездкой остались более, чем довольны. В аэропорту нас встретили с гавайскими бусами, по приезду в отель предоставили свежевыжатые соки, в номер принесли тарелку с фруктами. Жили в основном корпусе на 4 этаже. Номер был, конечно, потрепанный, но просторный, с видом на сад и даже краешком моря. На балконе был столик с двумя стульями и сушилкой. Убирались в номере каждый день и за неделю прибывания меняли белье 2-3 раза точно. Завтраки хоть и пишут, что стандартные и однообразные, но нас все вполне устроило: свежие фрукты, фруктовые салаты, йогурты, хлопья, нарезка, сосиски, бекон, яйца в любом виде и различные горячие блюда. Бассейн большой, достаточно теплая вода, лежаков всегда хватало, не смотря на то, что мы попали под конец ""сезона дождей"" и в море спокойно поплавать было нереально, максимум попрыгать в волнах. Все везде чистенько, приятно. Персонал вежливый, дружелюбный. К отелю никаких нареканий нет абсолютно. Рядом имеются обменные пункты (меняют даже рубли, но курс невыгодный), магазинчики и кафешки, рекомендуем ресторан ""Ging"" (первый поворот налево от отеля)- отличное место и различные бонусы для клиентов (2 пиво в подарок, дарят десерты и т.д.), также слева от отеля вагончик с очень вкусным мороженым. Рекомендуем съездить на экскурсию по островам, но будьте готовы к тому, что кроме ""морской болезни"" вы можете испытать ужас, возникающий от легкого шторма в открытом море (возникает ощущение, что вылетишь из катера за борт и очень сильные удары после преодоления волн, все внутренние органы свои чувствуешь :-)), поэтому детям и людям с неустойчивой психикой туда ездить не нужно :-) В остальном - отдых просто супер! Полностью оправдывает потраченные средства.",1
1113,"...Объясни мне  это все товарищ? Потому, что другой вариант  вопроса  - какие  то  темные  (внезаконные, а, значит, противозаконные) схемы...  не все ли равно. Там такие виды деятельности которые явно не в кабинетах создано  /Я считаю что Илларионов хреновый юрист.   А он и не юрист, он известный экономист..думаю, вам  не нада напоминать, что он несколько лет был   официальным советником путина по экономике....Потом ушел..Счаз советник по экономике  путина С. Глазьев...  Так это жен ХОРОШО!Это же сразу снимает все вопросы относительно общенародности общенародного достояния!  на мой взгляд, такие предприятия должны быть государственные. как вы выразились  просто трахают  и будут продолжать это делать. ведь в таких вещах конечно государственный интерес. и государство очень многое проиграет, если такие ОАО обанкротятся или продадутся  а на хуя тогда  эе законы  -или они для кого писаны?   хе-хе.да и кто усследит куда эти деньги идут? пушкин?  Ну вроде и понятно..Но здесь нарушение своих же законов и громадные возможности коррупции..",1
20798,"Мы отдыхали в Стамбуле с 08 по 17 мая. Это изумительный, совершенно волшебный город, куда хотелось бы непременно вернуться обратно. Остановились мы в Nena Hotel. Отель выбирали достаточно тщательно, критериями были: месторасположение, комфортность и количество номеров, сразу же скажу, что не прогадали ни в коем случае! Очень уютный, почти по домашнему располагающий отельчик находится практически в 5-минутной шаговой доступности от Айя-София, Голубой мечети, Цистерны, Гранд-Базара. Совсем рядом остановка скоростного трамвая. Еще 5-7 минут и вы на берегу Золотого Рога, у Спайс базара и Галатского моста. Одним словом, очень удобно для проживания тех туристов, которые приехали для ознакомления с достопримечательностями древнего города. Особая наша благодарность людям, работающим в этом чудесном отеле. Всегда доброжелательны, готовы помочь в разрешении любых вопросов. Дружелюбны и вежливы. Вкуснейшие разнообразные завтраки, всегда замечательный кофе в маленьком, но таком уютном внутреннем дворике. У нас был номер с балконом, откуда открывался совершенно потрясающий вид на Голубую мечеть и Босфор с знаменитым мостом через него. Особенно впечатляющее зрелище вечером: над великолепно подсвеченной мечетью всегда огромное количество чаек и мост, переливающийся всеми цветами радуги! Замечательный отель, рекомендуем всем!",1
48818,"Всем привет,Отдыхали с молодым человеком в данном отеле. Впечатления очень смутные , были как минусы так и плюсы. ""-""1)Выбор номера.К сожалению , когда выбирали отель не посмотрели какой категории номер( Superior) и как он выглядит и были очень расстроены , когда туда приехали.Номер очень маленький, без балкона , с ужасным душем и туалетом. 2)Ужасный ресепшен. Сотрудники вымогают деньги за все, за пятна на простыне или полотенце ,даже если не ваши!! Каждый день проверяли наличие полотенец или пятен на них и ходили на ресепшен, что бы нам заменили их. Это уже даже не отдых какой то... Когда выписывают из отеля нужно сдать экзамен ""прошел ли твой номер проверку"" и ""сдерут ли с вас деньги"".3)Бассейн.Конечно комментарий не для всех, но если Вы любите позагорать и понежиться у бассейна , Вам это не удастся. Бассейн находится ""внутри"" отеля , там никогда не бывает солнца и холодно. Конечно лучше бы бассейн был на крыше, как во многих других.""+""1)Уборка каждый день.Убирались и правда каждый день, не очень конечно, но хоть как то.2) Не берут залог при въезде.3) Удаленность от пляжа.Идти минут 15 -20 до самого грязного пляжа Патонг, ничего страшного, можно ""растрястись"" и потом это дает возможность подумать ""а куда бы еще поехать ??"" , ну или можно пройти минут 40 до мини бухты в самом начале Патонг бич.Так же 3-я линия дает возможность забрести в самые ""недры "" Патонга и найти самую вкусную и самую тайскую еду и дешевые магазины.4) Seeka Boutique Massage .Ну оооочень хорошо делают, делала 2 раза массаж After Sun Burn(после солнечных ожогов) помогла очень , ""охладило"":)5) Завтраки.Нормальные , обычные , не нравится можно позавтракать где-нибудь в кафе или ресторане.6) Нашли очень вкусное кафе Chiken GQ, если пройти вверх и налево , семейное кафе , где много едят местных живущих там тайецев и иностранцев. Держит семья тайцев , очень чисто , приветливая семья и самое главное, вкусная еда! Всем советую.  А вообще Таиланд , в частности Пхукет, прекрасное место для разных видов отдыха. И слиться с природой, и погулять, и потусить , а для любителей еды так вообще рай!Влюбились в эту страну заново и каждый раз будем!",0
17992,"но серавно дала нам что то там бестофзебест - не помню уж... Лапы они такие, коварные.  Усе понра, а особливо - где ухи вразлёт, ветреная чёлка)))))  А шо за титул з?  тссс! мои еще не знают, что  колбасы  не будет))))  однозначные!)  ??_?? ??N???  ?±N? ?µ???? ??N????°?  - N?N??? ?????±?µ? N? ???°N??µ?? ?·?°??????N???N?N?! ???? ?¶?µ N???? N????? ??????N?N?N??°????N??? ?? ???µN?N????µ??N???????N??? N??????­N?N?))) ?? ???°?? ?? ???????????? ???? ?????·??N??? N????°N???N?)))  Спасибо!)  Фотки вообще косячные(((( Солнце яркое до дури было, а я ж того - сильный любитель)  Спасиб))) Сами довольны))  ?????°N????±??)))???°N??°??N??????° ??N?????N? ???°??N????°? ??... ?¶?°? ???? ?µ????, ???? N??°???????° ?µ???? N??µ? N????°(((?? ???°N? ???°?°?°???µN? ???°?????? ??????? ??????!)))  N??° N? ?¶?µ ????? N??°?  ??? N?, N?N? N??? ))** N? ???µ??N? ??N??µN??° ??N?N??°N??? N????¶?µ ?????µN? ??N???? N?N???? ??, ?° N? ?????????·N??µ???°N? N?N??? N? ???°N? ??N??????°?????µN? ???????? ?? N???N? ?¶?µ, N????¶?µ 1,5 ???µ???°?±??N??° ??? N?N? ??? ?°N??° ?·?° N??µ? . N? N??µ?±N? ? )) ?? N??°??, ????N????? ??N? ????? ?±?°N????? ?·?°??N?N??°???°????  )  а я то когда кнулись купаться думал..Я думаю мой стаф туда не пойдёт ))..  ???°, N?N??? ??????????, N?N??? ?±N?? ?? ??N??µ??N? N???? ???µN?????, ??N???N?N??? ???° N??????µ ?±?µ? ???? N????±?°???? N??°?·????N??° ??N????±?µ?????? ?·?°???µN????° )  в городе новый тариф на Дизеле - 350рэ в месяц!!! А у нас щаз узнавала - 500(((ну и телефон отдельно, ага(  почему? Стафы воду не любят?  неее! Тута не медали а ТИТУЛЫ рулят))))  ?? ????N??µN??µ ?¶??? , 400N? 15 ???µ???°?±??N?, 360 ???? ?°??N????? ???° ?????? 30 ???µ???°?±??N? ?±?µ?· ????? ?°N?N? N??µ? ?µN??????°, ?? ???°?? ))?? N? ???°N? ???°,  500N? ??? N?N? ?·?° N??µ? ?µN????? ?? N???N?N??µN? ))?? N???? N????? ???· ?·?° ?????µN??° ?? ????N??µN? N???N?N? ??? ?? ?? N??µ? N??±????N???.????? N????? N? ???°N? ?? ??N??°?µ N?N?????N? *??N???N?N???* N? ?????µN?????, ???µ?·???µ ????N???.  ?? ??N??? ??N?N?N???????N?, ????N? ??N??µ? ???° ??????N? ?±????N?N?N?, ???? ???µ ??N??µ??N?, ?? N??µN????µ ???µ ??N????°? ?°N?N?, ???° ???? ?????µ??N? ??N??????? ? ???·????N? ????N??µ???? ???µ ?±????N?N?N?, ???°?¶?µ ???µN??°N???N? N? ???µ?? N?N??????? ???·N?N????°N?N?N?N? ?? ???? N?N?N? ???µ?±??? N?N????µ, ?????° ??N?N? N??°?????? ????N?N?N? ??N? N????°N??°?µN? ))  Ээээх, аж ОДИН раз((( Региональную ж просрал - хромоножка фигова)))))  ну у нас этой *прости* на каждом шагу))))))  ????-N???-N???!!! N? N???? N????? ???° ????N?N? N?????????? ?° N???N??? N????±?°???? N? ????N???N????? ???? N?N?N? ???µN??°N????° N??°?·??N????°? ?°N?N? - N?N??? ?¶N?N?????!!!!! ??? ?µ???? ?·?° ???µ??!?° N?N? ???° ??N?N?N??°????N? ???µ N???N??µN?N??  Грамота значиццо на  принадлежность к дворянским кровям... ))  Спасибо!)))) Местами его можно собрать в кучу)))  N???N????? N? ???°??N??°???°????, ????????N?N?, ?????µ - ???° ????? ???µ ????N?????N?N??? :)?·.N?. ???° N???N????°N? N? N??µN??????¶????N??? N??±??N??°?? N?N?N?N? N??µ???? ?? ?????????????°?? N?N?????N?N?N? - ???? ?¶?µ ?? N???? ??N???N?N? N??µN???N?N? ??N?N?N? N?? ?????°?µN?N?N? :)?? ????N? ???°?? ?µN??µ ????N?N?N???N????? ??? N? N??°???????? N??µN?????????:  то есть можно не запикивать ? ))  в разумных пределах)))))  Ага, у нашего глаза вообще не видать, а у белого шикарно подведены!)  N??° ??N? ?? ???µ ??N????°? ?? ?? ??N?N?N??°?????µ, N? ???µN? ???µ ???µ ???°N?????N?N??°, ????N??µ????, ???µN??°N????° N? ???µN? ???µ? ???°N? ???·??N????°? ?°N?N?  ??N?N??? ?? ?·N??±?°N?, ????N??µ???? ???µ N??°?·????N???N???? ??, ??N???N?N??? ?·?°N???N?? ??? ?°, ???? N??µ?°? N????? ??N?N? ????N?????, ??N??????µ ? ???·????N?, ????N? N??°?????? ???±N?N????? ? ???·????N? , ????N? ?µN? ?????° ?±????N?N?N? )))   ???????°N???N??? ????N?N?N???N?????!!!))))N? ???µ??N? N??°?°?°?????? N??????°N???N??? ????-? ?°???? N??µ???°??N???N? ?±N??  http://avatan.ru/?° N??µ???µN?N? ??N??µN? N?N??? ??????N??± ?¤? ?µN? ??? ?µ?µN? ???µ ???±??????? ?µ?? ?? ???µ N??°?±??N??°?µN?.... ?° N? ??N??µ ???±??????? N?N?N?N?? ?°((((  ??N? N? N??µ?±?µ N????°?¶N? - ???µ ?? ??N?N?N??°?????°N? N????±?°N?N??µ N?N??°N?N?N??µ! ?? ????N? ???µ N????µN??µ???°, N?N??? ??N? ???????±N??µ ?µN??µ N??°?· ?????????µ??. ????-???µN???N?N? ?·?°N?N??°N????? (???°?¶???°N? ??N?N?N??°?????° ??????? ?? 2N?N?N?, ?° ??N? N??°?· ?????µ ?±N?? ??) ??? N?N? ??????????N????????°, ??? N?N? ??N???N??µN?N????????°? N???N??? N??µ????? ?µN? (???°?? ???????µ?·? ?? N?N??? ???°N?N?N? ?µN?N?N?) - N?N??? ?µN??µ ?? ???µN?N?N???N? ??? ?µ?·?µN?... ????N???N??µ ??N??¶???? ? ???))))?? ? ???·?????° - N?N??? ??N??°?°?°?°????? N?????))))???°N? ????? ??N??µ??N??° ??????N?N?N?))))  танафигэтивыставкинужны!!! после таких денег ! )  ?????°N????±??!?­N?N?N?N?N?, ???µ ????????N??? ??N??? N???N???N????? - ???µ N?N??°N???N??µ, N? N??°?? ???° ??N???N??? ???°???µN?? ?°N?N?, ?° ?????°... N???N??°? ?°N?N? ?? ??N???N????°? ?°))))  бггг)))) она!  Да сука она!))Но исправится.",1
12487,"Приятно отдохнуть в любой компании .  Обалденная кухня .  Здоровые телев . экраны , здорово смотреть футбол .  Классный vip-зал , нарды , все дела .  КУЛ !  Посетить явно стоит !  Не разочаруетесь !  ",1
618,"За последний год третий раз останавливались в отелях линейки Бест-знаем, что в них качество на хорошем уровне... но сейчас поставила оценку 4 с большим минусом. Мы с мужем были в этом отеле год назад и нашли изменения в худшую сторону: завтраки стали явно хуже, меньше выбор и не всегда свежие продукты(( Будьте осторожнее! Персонал не очень вежлив-это понятно, наплыв гостей большой, но в других отелях ВСЕГДА нам на вопрос о достопримечательностях: как лучше доехать, часы работы и т.п. отвечали. Даже в Париже портье рассказывал и давал распечатку с маршрутом и номерами автобусов!! Здесь же молодой человек посоветовал обратится в инфосервис для туристов(!)-на вопрос о часах работы парка Тибидабо. А на вопрос о транспорте посоветовал взять такси! Хотя любой турист знает, что есть такси и бюро информации в центре города. Еще обратите внимание, что зимой в ванных комнатах ОЧЕНЬ холодно, почти как на улице. В них три(!) окна и нет отопления. Комната прогревается постепенно, а ванная нет. В прошлом году номер был более теплым- для меня это важно. На просьбу заменить номер предложили прийти ЗАВТРА. Меня поймет любая женщина: распакуешь вещи, развесишь платья, поставишь свою косметику на столик ...и снова переезд? Короче мы остались в этом номере, на что портье и рассчитывал. Уборка номеров неважная. Приходят поздно около 15 час. когда люди планируют отдохнуть и то через день. Могут забрать полотенце и не дать свежие(забыть!) Расположение отеля конечно не изменилось-удобно дойти и до метро и просто прогуляться до центральной улицы Пейсидж де Грасия с ""кварталом раздора"".",0
35993,"Невероятно удобное расположение отеля, в самом центре деловой и культурной жизни столицы. Приветливый персонал, постельное белье в номерах очень хорошего качества. Отель находится на пешеходной улице, где много различных уютных кафе и ресторанов с кухней на любой вкус",1
4193,"           Мы с мужем несколько месяцев подыскивали машину на дроме, просмотрели кучу вариантов, и просто влюбились оба, когда увидели нашего Форика. На вид просто шик, кроссовер, не массивный внедорожник, но значительно больше легковушки, увеличенный дорожный просвет, огромный багажник (очень актуально для многопередвигающейся семьи с двумя детьми), широкие сиденья, большой люк, мягкий ход, японская предусмотрительность в мелочах, 220 лошадок и турбина))) Отъездив с мужем пассажиром, удобство и маневренность нашего Лесничка сподвигло меня на получение прав)) После сдачи экзаменов на ржавой десятке, было настоящим блаженством сесть за руль Форика. Это наша семейная любоффффь)) И к правому рулю не пришлось привыкать, будто всю жизнь за ним сидела)))Из минусов лишь дороговизна оригинальных японских запчастей и большой расход топлива, НО те, кто ездил на Форике из-за этого вряд ли променяют его на другую машину)) Муж теперь задумывается о Трибеке, а я молюсь, чтоб оставил Форика мне в личное пользование)))  ",1
48468,"В пятый раз приезжаем в этот Отель, потому что пляж классный, море чистое, еду вкусная, и делают массаж прямо на лежаках. Хотелось бы наконец волейбольную площадку, которая есть у всех серьёзных отелей, обновить мебель в номерах хотя бы для постоянных клиентов. ",1
21121,"Небольшой отель удобно расположен, около 3 минут от площади Таксим и 5 минут от улицы Истикляль. От отеля удобно добираться до основных достопримечательностей города, рядом есть остановки туристического трамвая и метро. Номера довольно простые, ничего примечательного, очень маленькая ванная. Понравился ресторан, расположенный на крыше, оттуда неплохой вид на Стамбул. Завтраки очень простые, типичные для 3* отелей.Не понравилось: нестабильный WIFI и отсутствие российских ТВ каналов.",0
1548,"Я забронировал два номера в этой гостинице, расположенной прямо у Рамблы в центре Барселоны, через Venere.com. 22 августа я получил письмо, в котором мне сообщили, что нас переселяют в другую гостиницу в 10 километрах и 20 минутах езды от Рамблы. После моего третьего звонка в Venere.com нам зарезервировали номер в другой гостинице и нас уверили, что мы получим возврат средств от отеля Avinyo. 2 месяца спустя и после многочисленных писем я так и не получил своих денег и не смог добиться ответа ни от корпорации Catalonia Hotel, куда входит Avinyo, ни от Venere.",2
17570,"олько 10 ярдов может не хватить   А потом пойдут на сделку с ЕС.  а те вернут с %  А я сразу сказал - Путин на ковер вызвал  говнюков , что посмели на его бабки лапки наложить. Все так и будет. Никаких налогов, а Рашка, из наших карманов, выдаст им 10-15 лярдов наших денег. А старухи и дети хай мрут... Что вам быдлу непонятно? И Европа стыдливо хвост подожмет, с черножопым вопрос уже порешали...  После чего появляется состав, жирный такой составище: измена родине.  10 - маловато будет. 20. :)  плакали наши денежки  все гораздо сложней.там англиского бабла поболе там все под ними",0
9732,"Уважаемый stsaper, достался мне в наследство dell xps m1330. при включении на несколько секунд появилась картинка загрузки винды и начала троиться, после троения появились горизонтальные цветные полосы на экране. Ноутбук изготовлен в конце 2007 года. Есть ли смысл его ремонтировать и что может быть не исправно?
",0
48487,"Отель прекрасный, без криков детей и раздражающей музыки. Если хотите тусовки вам точно не в этот отель. Здесь вас ждут умиротворение и релакс. Завтраки и ужины очень вкусные но не дешевые, иногда ездили ужинать на Кату в Orhid restaurant напротив отеля Ката Бич резорт и спа и Outdoor Restaurant. Номер в отеле брали на первой линии-Джуниор сьюит, в Бури Винг не было такого красивого вида.",1
3274,"Останавливались в отеле группой. Расселили быстро. Ужин очень сытный и вкусный. Номера небольшие. В ванной комнате были полотенца, шампунь, гель и шапочка для душа. А вот мыльницы не было. Распаковав кусочек мыла, долго думала куда его положить....Завтрак очень хорош! Много разнообразной еды на всякие вкусы. Только для этого нужно было выстоять очередь минут в 10-15, а потом думать куда поставить тарелку, т.к. все столы были заняты. В общем отелем остались довольны.",0
45663,"Запись на прием
Прождал 15 дней даты своей записи, когда пришел на прием мне сообщили, что у них правила поменялись и нужно перезаписаться. При обращение в договорной отдел столкнулся просто... ,к сожалению, не могу описать словами.
Вернулся в частную клинику.
А осадочек остался.
",2
49058,"Отличный отель!Мы живем в нем пятый раз, все замечательно.Персонал-выше всяких похвал Расположение отличное!Чистота, питание, джунгли Все что нужно для отдыха в этом отеле есть .Попросили заменить подушку, нам принесли на выбор три разные, Тортик в День Рождения, открытка и Ferrero на Новый годРекомендую",1
22248,"лекция была посвящена теме феминизма, она рассказывала о своих успехах и о том, как всего добилась сама. рассуждала о клушах, которые не понимают, что с мужчинами надо вести себя именно по мужски, а свою деликатность лучше оставить дома. если ты чего то хочешь добиться.это и есть феминизм? попытка стать мужчиной? я так не думаю.  То есть, сила женщины - в ее слабости, уже не годится?  ну вот да, типа того... поэтому для меня настоящие феминисти это те женщины, которые не стесняются проявлять свою слабость, не боятся сделать выбор не в пользу карьеры, которые на руководящих должностях не будут применять силу, не боясь выглядеть при этом мягкотелыми и т.д.",1
3945,"Мы были на романтическом вечере 14 февраля 2013 года !  Друзья - это было просто обалденно !  Мало того , что мы поужинали со скидкой , была чудесная атмосфера , праздник , подарки , живая музыка - пели они просто удивительно !  Еще и игры всевозможные .  Мы кроме предложенного праздничного меню азказывали еще по меню .  Все было не просто вкусно и красиво , а просто потряссно !  Жалко только , что в этом месте так редко проводят мероприятия .  Мы бы пришли еще !  Спасибо вам за прекрасный вечер !  ",1
46912,"Благодарность
Хочу поблагодарить нашего прекрасного доктора Корнееву Елизавету Юрьевну и нашу давно работающую и квалифицированную мед. сестру Шитикову Раису Михайловну. Они всегда во всем помогут, грамотно знают свою работу, никогда не откажут в помощи. Всегда дают нужные и своевременные советы. Всегда душевно нас встречают. Поздравляем с нас тупающим праздником весны.
",1
6390,"4 февраля 2016 г 20:01, В 2016 году в поддержку отечественного экспорта АО «KAZNEX INVEST» организует торговые миссии в РФ, Китай, Латвию, Беларусь, Украина, Афганистан, Туркменистан, ОАЭ, Иран, Узбекистан, Таджикистан, Кыргызстан, сообщила эксперт АО «KAZNEX INVEST» Армана Бекбасова, передает корреспондент  . На этой неделе KAZNEX INVEST совместно с АО «Национальный управляющий холдинг «Байтерек» организовывает бизнес-форум под руководством Министра по инвестициям и развитию Республики Казахстан Асета Исекешева в Тегеране (Иран). В форуме примут участие заместители акимов областей и более 100 казахстанских предприятий со всех регионов, 60 из которых едут обсуждать вопросы поставки своей продукции. С иранской стороны участниками станут топ-150 компаний, заинтересованные в сотрудничестве с Казахстаном. Будут организованы встречи по обсуждению вопросов поставки на рынок Ирана 200 пассажирских и 5000 грузовых вагонов, 70 электровозов, 75 тепловозов, 130 тыс тонн рельсов и до 12000 автомобилей отечественного производства в месяц. Эффективность подобных мероприятий подтверждена результатами, так в прошлом году KAZNEX INVEST провел более 70 зарубежных мероприятий, по итогам которых заключены контракты на сумму более 300 млн долларов. В целом с 2009 по 2014 гг. увеличился экспорт лекарств в страны ЦА на 29 % (10 млн долларов), продуктов питания в 5 раз, удобрений в 4 раза, аккумуляторов и трансформаторов в 3 раза. Кроме этого, появились новые экспортные товары, которые до этого не производились в Казахстане, сейчас мы поставляем локомотивы в Кыргызстан, Таджикистан, Украину, Туркменистан, Азербайджан на более чем 100 млн долларов, малотоннажных грузовиков 8.8 млн долларов, мясо индейки на 5 млн долларов в Россию. В целом количество несырьевых экспортных товаров увеличилось с 777 до 826 единиц. География экспорта обработанной продукции составляет 113 стран. Для продвижения отечественных товаров в 2016 году KAZNEX INVEST ведет работу по приему заявок на участие в мероприятиях от производителей, готов оказать содействие по выходу на новые рынки и поиску потенциальных партнеров в этих странах. Также в рубрике: Внутренняя и внешняя политика Политическая стабильнось в РК привлекает трудовых мигрантов из Азербайджана - Азер Аллахверанов 4 февраля 2016 г 13:59 Внутренняя и внешняя политика Сенат ратифицировал соглашение между РК и ФРГ о реадмиссии 4 февраля 2016 г 10:39 Внутренняя и внешняя политика Глава государства высоко оценил работу дипломатической службы Казахстана 3 февраля 2016 г 11:40 comments powered by HyperComments",1
21577,"Плюсы отеля: местоположение - удобное, недалеко Голубая Мечеть, Айя-София, дворец Топкапы. Вкусный завтрак. Возможность оставить вещи при позднем отъезде.Основная проблема - это хамам. Думаю, администрации стоит написать инструкцию по пользованию хамамом ( хотя бы на английском) - и поместить ее в номере. Сотрудник, заселявший нас в номер, сказал, что за 30 минут - час хамам нагреется и будет горячим. Пришли вечером с прогулки, включили хамам... Через полтора часа обратились на рецепшн с вопросом: почему он еле теплый? Оказывается, ему еще часа два-три нужно нагреваться! При этом, искреннее удивление: ""Кто вам сказал, что хамам нагревается за час?!"" ( Пусть мы не в совершенстве владеем английским, но информация была сказана вполне конкретно). В результате, испытать хамам нам довелось только утром, когда уже в нем не было особой необходимости. Так что тем, кто планирует отдых в номере с хамамом, рекомендую включать его за 5-6 часов до использования. В номере есть гостиная зона, но нет чайника. Сотрудники говорят, что можно обратиться в любое время и чай принесут, но это - неудобно. ""Чайной церемонией"" в холле с восточными сладостями воспользоваться не удалось, поскольку они проходят ограниченное количество времени и тогда, когда большинство гостей гуляют по городу. Так что - очень символическая услуга. Она нашего номера выходили на улицу ( 2 этаж), так что особого вида не было.",0
4044,"Являюсь обладательницей автомобиля Honda fit с середины 2011 года, то есть уже 4 года мы вместе . Хонда фит - идеален для начинающего водителя! ",1
42110,"Отличное место расположения - в тихом переулке в центре. Тихо и много всего в пешеходной доступности. Номер чистый, функциональный и аккуратный. Завтрак вполне приличный. Wi-Fi стабильный быстрый.Самые дешевые номера в цоколе. Окно там почти целиком ниже уровня земли. Но оно есть. В номере есть холодильник и тапочки. Гладильная доска в коридоре - можно воспользоваться.",0
6717,"озенкова не читал, но из перечисленных дельных людей нет.Гучков конечно искатель приключений (на голову свою и России) но как военный никакой оказался.  Столыпин ИСКРЕННЕ пытался поправить дела в России. В личной нечестности не замечен. Хотя и ошибался - создание им класса  кулаков  для России оказалось бомбой замедленного действия.С Чубайсом - все наоборот.  Искренность - повод называть человека дельным? Ну так вот искренне устроил  приватизацию  земельного фонда в рамках целой страны, обезземелил хренову кучу крестьян, зато искренне! Кстати, наверное еще и бессребреником был. =)  Не преувеличивайте - не в масштабах всей страны землю раздербанили.Знаю что землю крестьянам-переселенцам давали в Сибири и Казахстане, что-то делали и в Средней России - но не всю землю раздали... Община ведь сохранилась, только  кулаки  выделились?   Не преувеличивайте - не в масштабах всей страны землю раздербанили",1
61548,"Спасибо большое клинике и непосредственно врачу
Во-первых: конечно отношение просто замечательное! Приятная, теплая и спокойная атмосфера. Была у ортодонта, за консультацию денег взяли столько, сколько было сказано по телефону, никаких ""лишних"" затрат не было. Лечила 11 зубов на протяжении месяца у доктора Айвазяна Ш., все безболезненно, аккуратно и с понимаем, потому, что у меня с детства некая травма относительно стоматологической аппаратуры. По стоимости я бы не сказала, что чем-то отличается от остальных клиник. В гиганте мне насчитали сумму примерно равную этой, только и договоров там не выдают, что очень странно, да и обработка там не ахти! У мужа так же вырывал зуб этот же доктор, все быстро и без последствий зажило, опять же огромное спасибо ему, муж сказал, что с ним доктор намучился.
",1
22448,"Василиночка , Танечка , Людочка - девушки мои хорошие !  Спасибо Вам , что так здорово поженили моих детей !  Спасибо вам , мои дорогие !  Материнское вам спасибо .  С добротой и любовью , мама Даши и Димы , Любовь Ивановна .  ",2
24564,"то как всю жизнь есть ложкой, а курицу двумя руками, и вдруг попасть на прием к английской королеве.   Мне 48, я так все эти 20 с лишним лет проработала в РАН. И вот минобр предлагал гранты для колективов, руководимых кандидатами, докторами но все с условием - половина денег - людям моложе 35. У нас таких нет. Наука у нас не быстрая, трудоемкая, чтобы кто-то из аспирантов-дипломников у нас остался, надо чтобы у него было финансирование не после гранта, если мы его получим, а до подачи. На 10 тыс никто не останется (у меня дочь отказалась от двух РАН институтов из-за этого - для комментария у нее другая специальность).Так что все что они делали - мертвому припарки. Про мегагрантные лаборатории  - тоже, увы, выкинутые деньги - за отпущенное время на мировой уровень не выйти, и стороннее финансирование на 25% тоже не найти, зачем все это было? Если их просто поддержали еще лет 5 - была бы лаба не хуже чем DLR  и с молодыми сотрудниками.Но теперь все по коммерческим конторам разошлись",1
21478,"Ногова
Хороший, спокойный доктор. Всегда все доходчиво объяснит, ответит на все вопросы. Не ругает, не кричит. Ничего не теряется. Наблюдалась у нее всю беременность и очень благодарна.
",1
15229,"киббуц Йотвата, например) А зачем приглашать кого-то чтобы взяли под контроль то,чего нет? Это признак несостоятельности и слабости правительства. Израиль вполне себе сам контролирует всё что надо. Причина пристального внимания к Сирии - это бардак который там творится уже который год и неспособность тамошнего правительства самолично контролировать запасы того самого оружия о котором вы говорите. О котором,кстати, достоверно известно,что оно таки есть.     у какой страны конфликтующей с израилем есть ЯО? Это не оправдание, сейчас не холодная война и все страны движутся к разоружению, кроме израиля который даже не пустит международных инспекторов, чтобы они контролировали ЯО.  Странам, которые с нами конфликтуют, вовсе не обязательно его иметь. Этих стран просто очень много  Может лучше сразу в сад со сказками про мирный Ближний восток  ?Иран, Египет, Саудовская Аравия и прочие Эмираты дживутся к разоружению просто семимильными шагами. А до того были Сирия и Ирак. И да это мусульмане применяли и применяют химическое оружие.",1
61319,"Первый опыт прошёл удачно
За 25 лет жизни никогда не было проблем с зубами. Но всему приходит конец. Зуб начал разрушаться. Так, как я инвалид, ограничен в движениях, была проблема добраться до зубного врача. Накануне вечером волновался и ""трясся от страха"". Но, приняли хорошо. Вылечили зубы без боли. Первый опыт прошёл очень хорошо. Благодарю Трощинского Сергея Валентиновича за хорошую работу. Благодарю его медсестричку за оказанную физическую помощь (приподнять кресло, поддержать ходунки) и моральную поддержку (что для меня было самым важным).
",1
24027,"нармальный ресторан , вкусно готовят , очент интересная обстановка , особенно у воды , но больше всего порадовал персоонал , особенно администратор Светлана , ну ооочень приятная девочка .  ",2
3249,"Отель довольно большой, комфортный и вполне тихий (или мне просто повезло). Тем не менее за эти же деньги или дешевле можно снять номер в отеле меньше и получить все то же самое. Месторасположения отеля вполне себе ничего, но если вам меньше 50 лет и вы любите тусоваться, то лучше, конечно, поселиться в районе Борн. Вообще, данный отель мне напомнил место, где останавливаются в основном люди, которые приехали в Барсу по рабочим делам.",0
16021,"Так я и говорю про палеозой. Только он в Курганской области на глубинах от 2 км залегает. Это антиклинальный вал, протягивающийся и через Западную Сибирь и через Коми, зона сочленения двух материков- Европы и Азии. Перспективность же его в Курганской области я видел своими глазами. Мне очень сильно повезло.  Вот это да ! ))А мы как раз потом валы и брали  в обработку из фондов. А я еще думала зачем?  Меня конечно очень сильно огорчает то, что в современной России наши с Вами знания оказались никому не нужны. И аукцион на ту часть этого антиклинального вала, перспективность которого я видел своими глазами пройдет мимо всех этим летом. Это весьма печально.",1
64526,"А у меня красивая улыбка
Делала чистку зубов - эффект потрясающий, оказывается мой родной цвет зубов очень красивый и не надо никакого отбеливания. Ещё на передние зубки ставила пломбы. Сделали очень хорошо, т. е. даже не видно. Буду к ним ходить.
",1
11176,"Не советую
Травматологическое отделение. Попал сюда с переломом. После обследования, лечащий врач не оставил сомнений в том, что необходима операция. В понятной форме объяснил, что это единственный вариант возвращения к нормальному функционированию конечности. Также он передал мне список необходимых к покупке материалов и оборудования для проведения операции. Закупка в определенной фирме, которая естественно ""дружит"" с врачами, направляющих своих клиентов к ним. Но речь пойдет не об откатах и тому подобных вещах. Во время моральной подготовки к операции, закрались сомнения о целесообразности операции. Слава богу, я не был прикован к кровати и во время тихого часа сел в такси, поехал к травматологу. На него вышел через знакомых, которых обзванивал во время сомнений. Осмотрев меня, врач не увидел факторов необходимости для операции. На следующий день, по рекомендации друзей, попал на прием к профессору. По его мнению, операция могла нанести только вред, а в дальнейшем, риск повторного хирургического вмешательства был невероятно высок. Естественно были сделаны снимки и проведена компьютерная томография. Была сделана корректировка положения конечности и наложен пластиковый гипс.
Выводы. Мне кажется, что данная практика не распространяется только на 29 больницу. Травмы для врачей-травматологов такой же бизнес, как и везде и во всем. Ваши травмы, это ваши проблемы. Настоятельно рекомендую, консультироваться с другими врачами. Да, это стоит денег, но у каждого из нас слишком мало органов и конечностей чтобы ими не дорожить. Остался ужасный осадок от того, что врачи (т. к. лечащий врач 29 больницы советовался с коллегами) нарушают святую, по моему скромному мнению, догму ""Не навреди"". Берегите себя. Очень хочется, чтобы мой опыт был полезен для тех, кто волею судеб попал в такую ситуацию. А в идеале, лучше бы и совсем не пригодился.
",2
14819,"Заказывали у этих ребят выездное обслуживание на теплоходе , свадьба у нас была .  По еде претензий никаких нет - всё на уровне !  Единственное , маловато было официантов , ну или мне так показалось , нас было 25 человек а официантов было всего 2 .  При этом соотношение цена-качество самое оптимальное , брали банкетное меню около 2500 т. р. с персоны - еды на 5 часов катания хватило за глаза , зато никаких переживаний по поводу того что кто-то останется голодным .  Изюминкой феерии блюд были карп с гречей ( мне показалось что рыбина при жизни весила не менее 6 кг ) и поросёночек , молочненький ( мы заранее решили что горячее будет и рыбным и мясным ) .  Так же девочки помогли нам подобрать сам теплоход и их совет оказался верным - арендовали теплоход "" Максимус "" - дороговато конечно , но свадьба то один раз ( в идеале ) поэтому решили не экономить ...  Вообщем рекомендую .  Михаил 8911 958 9921  ",1
15249,"А песня про коррупцию стары номер как оказывается давления на страны для получения политических дивидентов.  Только бюджет ЕС   как раз немцы с французами и наполняют.  Вы правы, но они так же и получают из бюджета, особенно французы. Если не ошибаюсь только на дотации на сельское хозяйство ЕС выделяет для Франции около 7-8 млрд. О каких дотациях для Болгарии и Румынии можно говорить на фоне этих сумм они мизерны, там кораздо меньше можно украст. Вряд ли французы пускают болгар к распилу своего пирога.  Идея европы декларировалсь как помощь соседям в обмен на отказ от соц. ценностей, что и провернула их элита.",1
2500,"Небольшой очень хорошо расположенный отель в центре Парижа .Очень удобно до монмартра 15 минут прогулочный шагом ,галерея лафает 5 мин ,лувр 10 минут .в пяти минутах от отеля находиться метро и rer , хорошее сочетание цена-качество-расположение ,напротив отеля неплохой ресторанчик",1
54944,"Ругаем
С утра попала в хорошую смену, обработали, сестра отвела в палату, принесла белье, положили в род. бокс. Тут начинается самое интересное! Роды вторые. Сменился персонал. Схватки сильные, никого нет, лежу на каталке, покрытой корричневой клеенкой, чувствую, что не могу больше ребенка держать в себе, повторно не зову, а ору сестре, чтобы та подошла. Минут через 15 приходит сестра и предлагает мне перебраться на стол (еле
залезла). Роды быстрые. Акушерка ведет неправильно, вместо того, чтобы вытолкнуть ребенка, когда его головка наполовину была видна, сказала, чтобы я дышала, в итоге - у моего мальчика врожденное сильнейшее косоглазие (до 3-х лет ребенок ходил только. держась за руку. Спасибо врачам Морозовской Глазной больницы за то, что они помогли исправить это заболевание. После проделанной операции сын в первый раз побежал. В плюс к этому, что на следующее утро по его телу появились водянистые прыщички. На, что дет. врач сказала, что, мол ничего страшного - это всего лишь потница, выписали на 4 день здоровым, через месяц после выписки - сильнейшая залотуха, а впоследствии атопический дерматит.
",2
10124,"Оставлю и своего. Джаз, в самом расцвете сил и на закате жизни, около 5 и почти 12 лет
",0
21667,"видетели обвинения все как один дали показания в пользу невиновности Навального (за исключением тех кто оговаривал). Т.е. это был не суд, это было преступление (вынесение заведомо неправосудного судебного решения между прочим под именем Российской Федерации) которое в очередной раз совершила власть. Вы может быть (по какой то причине) так и не считаете, но для меня и для многих людей - это является очевидным. Когда судили Ходорковского за некие экономические  махинации , которые совершали на тот момент все (многие), речь шла о  выборности правосудия . Когда судили Пусси Райот за аморальный поступок (надеюсь Вы понимаете разницу между  аморальным  поступком и  противоправным ), речь шла о  произвольном толковании  закона, но само  событие  все же было (пусть и не хулиганство, но вызов обществу). А вот с Навальным речь идет о полностью сфабрикованном деле, без какого либо состава преступления вообще и без доказательства вины. Поэтому и  истерика , потому что власть открыто показывает, что играть по правилам она не намерена и будет с помощью репрессий просто давить умных инициативных людей, которые критикуют ее.  Пост на 5. Поддерживаю",2
42105,"Выход есть
Кто бы, что не говорил, но врач там действительно супер! Дадашева Дина Яковлевна лечит на ура! И процедурные медсестры достаточно коммуникабельны и профессионалы. Так что данная клиника-единственный выход в решении женских проблем.
",1
3906,"Я, к слову, презираю и машины, которые втискиваются таким образом. Разметка же четко есть под одно транспортное средство, а то что кто,то может впихнуться не делает одну полосу Двумя полосами. Капец, короче.  Я негодую. :)  То, что давить его нельзя, мне вполне очевидно :) НО  Каждый участник дорожного движения имеет право рассчитывать на то, что и другие участники выполняют эти Правила . Мне просто не могло прийти в голову, что он поедет в том месте прямо, это противоречило не только правилам, но и здравому смыслу...  Пожалуйста, обращайся )  да это я не к тобой описанной ситуации, а вообще, к понкиным примерам. тоже негодую! :)  Имхо, морально - забей. Это он дурак.  Мне это не страшно, новые куплю, гггг.",0
1243,"Останавливалась в этом отеле в начале февраля 2012. Персонал крайне отзывчивый -мы выносили мозг в письмах менеджерам по полной программе, просили выставить счет то на одного человека, то на другого, перебронировали несколько раз. Девушки помогали как могли. Сам отель прекрасно расположен в Латинском квартале - из окна видно Сорбонну, Пантеон почти за углом, до Собора Парижской Богоматери можно дойти пешком, станция метро тоже минутах в 5 пешком. Отель оформлен в современном стиле. Номера маленькие, но это характерно для многих гостиниц Парижа. Завтрак бедненький - кофе, чай, молоко, хлопья, булочки, тосты, джемы и все. Однако в Париже столько кафе, что мы с коллегами от этого не страдали.",1
4164," ЧП с рейсом BT 641 «Рига-Цюрих»: самолет сажали практически без переднего шасси  По словам представителей авиакомпании airBaltic, которые проводят пресс-конференцию, после вылета из аэропорта «Рига» экипаж самолета Bombardier Q400 NextGen констатировал неполадки с передним шасси. На основании этой информации было принято решение вернуться обратно и провести посадку в условиях повышенных мер безопасности. Полное заключение станет известно после технической экспертизы. Среди пассажиров оказался пилот Boeing, который оказывал посильную помощь пассажирам. ЧП обошлось без пострадавших. На борту находились 4 члена экипажа, 63 пассажира, из которых двое — дети, а также один младенец. Представители авиакомпании также сообщили, что теперь технической проверке будут подвергнуты все самолеты Bombardier Q400 NextGen, имеющиеся в распоряжении airBaltic. Это первый случай, когда у этих самолетов констатированы проблемы с передним шасси. Delfi.lv ",2
45057,"Я выбросил очки в помойное ведро
Мне тоже пришлось пройти через лазерную коррекцию зрения в Сфере. Врач Эскина Н. Э. знает свое дело на все сто процентов. Теперь зрение вернулось ко мне в полном объеме. С каким удовольствием, я выбросил очки в помойное ведро! Теперь они мне никогда не понадобятся. Хорошо, что есть такие врачи, которые дарят своим пациентам здоровье! Желаю всем хорошего зрения!
",1
6701,"Останавливался на двое суток по работе. Все хорошо, все понравилось, особенно завтраки! До этого был только в гостиницах советского типа, поэтому был приятно удивлен и обслуживанием, и качеством номеров.   ",0
8005,"Будущего у этой партии нет.   Н-да, Познер прав и это именно Госдура. причем стремительно тупеющая. Миронов уже в принципе на свалке истории, но почему то хочет себя поглубже смешать с чем то похожим на фекалии. Вот думаю, люди которые за него (и такие красивые предвыборные ролики) голосовали, как сейчас себя чувствуют.   полагаю к концу деятельности нынешней думы в её составе останется Алина Кабаева и Иосиф Кобзон, остальных разгонят   Пользователь  сослался на вашу запись в записи  Публичное харакири  эсеров  (Федотов рвёт мне шаблон)   в контексте: [...] Оригинал взят у  в Публичное харакири  эсеров  [...]  ололо, какой трогательный детсад, ахаха  Да собственно вся  системная оппозиция  рискует на новых выборах набрать чуть менее чем ничего, после такого то прогиба, какой мы наблюдаем с начала работы новой  думы .Разве что Чуров накинет  Как же мало порядочных людей.... Во что превратилась Россия... очень печальное зрелище  После того, как Пономарёв лоббировал введение интернет-цензуры рассказывать о нём как о  вменяемом  просто смешно. Цеховая солидарность?  Да! Молодые, умные, деловые, активные, креативные интеллигенты - это про них и про вас.",1
5312,"Спасибо Виноградову
Спасибо Виноградову Ю. А. за проведённую операцию и лечение, всему 6 отделению во главе с Горшковым К. С, анестезиологу и отделению реанимации. Заболевание очень серьёзное, онкология, операция была расширенная экстирпация прямой кишки. Маме 73 года, надеюсь, что ещё много лет впереди после удаления опухоли. Спасибо!
",1
30125,"Очень вредный администратор по имени Дима , не наливает пивко бесплатно , а в остальном пойдёт .  ",2
24039,"ваши слова свидетельствуют о том, что вы можете кидаться в спор, даже не понимая оппонента.  в церкви она ведет себя как верующая, притворяясь ею, т.е. лицемерит.это вы мне пишете про проблемы с пониманием текста?! да, с вашими умственными способностями только у церкви милостыню и просить. у нас юродивых любят))))  в церкви она ведет себя как верующая, притворяясь ею, т.е. лицемерит.по-вашему она должна приходить в церковь в футболке с надписью  я атеистка ? если вам скажем в метро вдруг в сортир захотелось, вы как - прям в вагоне нужду правите или лицемерно до дома терпите?у нас юродивых любятпо себе знаете?  по-моему, она не должна ходить в церковь.ваши сравнения восхитительны, они, как и вы, со специфическим ароматом!перед тем, как садиться у церкви, помойтесь. а то, не подадут.)))   по-моему, она не должна ходить в церковь.простите, а кто вы, чтобы ей разрешать?ваши сравнения восхитительны, они, как и вы, со специфическим ароматом!понятно.",0
528,"           Компактная,стильная машина можно припоркаватся почти что на любом месте.Бензин жрет не много,маневренный.Главное наверно считаю недорогая доступная,но слабая динамика оставляет желать лучшего.С наруже очень приятный вид.А так у этого авто достоинств маловат,думаю что предназначена для женщин.Так что мужикам не особо советую сидеть за рулем этого авто, ну если уж сели то все деньги профукаете на его ремонт очень капризная машина много ломается.         ",0
7367,"Большая благодарность сотрудникам
Добрый день всем посетителям сайта.
После продолжительных кошмаров со здоровьем моего маленького ребенка (возраст 1 год и 3 мес.) на прошлой неделе мою жену и сына госпитализировали в инфекционное отделение седьмой (тушинской) больницы. С собой жена мало чего успела взять и договорились, что вечером после работы я приеду и привезу все необходимое (правда ехать надо было через всю Москву, так как живем на Юго-западе). Читая как добраться до больницы, начитался отзывов в интернете- куча сплошного негатива. Звоню жене в панике, узнать как они там и рассказываю о прочитанном. Она сообщает, что ничего подобного, все очень прилично, персонал вежливый и внимательный, осмотрели, поставили диагноз, взяли кровь на анализы и т. д. В боксе порядок, чистота, есть все необходимое. Кормят вкусно и т. д.
Сына быстро поставили на ноги (за, что отдельное спасибо профессионализму медицинских работников) и в пятницу 12.12.2014 забрал его и жену домой. При этом лично был в боксе (бокс 103, 1-е инфекционное отделение), когда забирал вещи, и удалось немного пообщаться с сотрудницей, нас выписывавшей. Она очень подробно дала рекомендации по дальнейшим нашим действиям, по сохранению здоровья нашего ребенка. Приятно было с ней пообщаться. В общем, у нашей семьи только положительные эмоции о данной больнице и большая благодарность сотрудникам, поставившим на ноги моего сына.
С уважением, Александр!
",1
11532,"Хоть отель и имеет хорошие отзывы, мне не повезло этим отелем. Из плюсов: вкусные завтраки, хорошее месторасположение, тишина на этажах. Из минусов: грязный номер (пыль каталась по поверхностям, пока не попросила убраться, нормально не убрали), сломанная ручка регулировки температуры в душе, вернули с пятнами вещи из химчистики, странное отношение персонала при общении с тобой. Взяли штраф при отъезде раньше намеченного срока в брони, хотя я заранее предупредила, что уезжаю. ",2
13891,"Ужасное отношение
Полный кошмар! Отношение скотское! Беременную девушку гоняли по кабинетам 2 часа и ничего не сделали!А у неё был всего лишь фурункул. Делайте выводы.
",2
4122,"Кстати сейчас цех запускаем как раз с стх310 и стх510. Неплохие станки.
",0
26398,"Уютное кофе на Чистопрудном бульваре "" Авокадо "" !  Теплая атмосфера , приятная музыка !  Вкусная кухня , я не вегетарианка , но мне очень понравились вегетарианские суши и роллы , также пробовала вегет . буритос , очень вкусно !!! Приветливый и обходительный персонал !!! Мне очень понравилось , обязательно приду еще не один раз , и посоветую друзьям !!!  ",2
59983,"Хорошо работают
Оперативно приехали на вызов, просто спокойно и хорошо работают.
",1
25711,"Доброго времени суток !  В этом замечательном ресторане мы отмечали нашу свадьбу 12 сентября 2009 года .  Зал очень красивый , уютный , что наш фотограф не мог не сфотографировать отдельные элементы интерьера .  Гости были очень довольны едой , обслуживанием , а это было очень важно для нас , как для виновников торжества .  Ерванд - директор ресторана , человек , любящий свою работу , отдающий частичку себя во всё , что он делает , помог определиться с меню , посоветовал блюда , было настолько приятно с ним общаться , что очень хочется возвращаться туда снова и снова , чтоб отмечать свои семейные праздники , да и просто приехать и поужинать в приятной , романтической обстановке .  В разгар праздника нас приятно удивил сюрприз , который подготовил нам Ерванд , было безумно приятно и неожиданно .  Мы с мужем оценили это место и очень рады тому , что не ошиблись !  Огромное вам спасибо Ерванд , за чудесное место и красивый праздник , самый первый праздник в нашей совместной жизни !!! С уважением , Андреевы Алексей и Татьяна .  ",2
9883,"Благодарность сотрудникам отделения ревматологии
Для меня ГКБ № 52 - первое мед. учреждение, в котором не было встречено хамства, а пребывание было комфортным. Врачи и заведующая отделением ревматологии внимательны и компетентны. В первые за 9 лет определены направления движений на пути к выздоровлению, за, что огромное спасибо.
P. S.: Территория больницы оставила приятное впечатление. Большим плюсом было бы наличие Wi-Fi, для того, чтобы пациентам было экономнее и веселее коротать больничные вечера.
",1
22664," нигде не писал про авиатраспортабельные ВГК--читайте внимательно, что я писал  Вполне возможно создание плавучих одноразовых барокамер из стеклопластика - во всяком случае, существуют такие газгольдеры, рассчитанные на давление в несколько десятков атмосфер. Размерность и вес, скорее, будут по плечу только Русланам, десантирование на парашютно-реактивных системах вполне возможно, срок службы - несколько суток, до прихода судна со нормальным ВГК.Во всяком случае, будет куда деть 130-150 человек.  1. Как вы без ВГК будете обеспечивать спектр глубоководных работ, о которых я говорил?2. ВГК существуют или на наземных комлексах или на морских платформах, не малых. Вы тут говорили о  слонах  каких-то. Покажите ВГК с тем же фунционалом который не  слонопотам . Или вы считаете что ВГК не нужны вообще? :))  да причем здесь ВГК вообще--я говорю о других вещах--что такой корабль как Белоусов это и есть тот самый Слон..Вы зачем то приписываете мне то, что я не говорил и упорно с этим своим приписыванием спорите.....  ВГК - тема этого поста",1
19352,"Газпром валяется в углу и скулит - объемы поставок за 2012 рухнули. С/х России разваливается на глазах. Накачка экономики потреб кредитами сказала усё. Дальше только падение.Посмеемся в этом-сдед году, когда это все еще больше обрушится и как ботексная крыса заметается.  при этом злость к Медведеву со стороны патриотов и широких масс народа будет расти в геометрической прогрессии - к нему итак относятся очень не по-доброму и это входило в  условия работы обрушился с критикой на Башара Асада - дескать, не так политические реформы проводит и с оппозицией, видишь ли, не работает",0
16306,"Свадьба Игоря и Юли 21 апреля 2012 , хотим поблагодарить администраторов ресторана Веста Тиграна и Анну за тактичность и советы , за отличную подготовку и украшение зала , за вкусную еду , за торт , за подарки и сюрпризы , официантов Михаила и Анну , за быстроту , за вежливость , за незаметность , тамаду Сергея за музыку , за песни , за отличное настроение на протяжении всего вечера !!! Все было супер и на высшем уровне , гости и мы остались очень довольны .  Так что наша счастливая семья всем советует ресторан "" ВЕСТА "" !  ",2
37381,"Все замечательно и комфортно, очень похвально наличие спортзала, сауны и бассейна, работают весь день, на достаточном уровне разнообразные рестораны с вкусной едой, вежливый и отзывчивый персонал, удобное расположение для осмотра достопримечательностей. ",1
28489,"Тем кто хочет уютно расположиться в шаговой доступности от всего нужного - выбирайте этот отель! Обстановка отеля в турецком стиле, с вычурной мебелью - прикольно! Чисто, всё прилично, тихо, уютно. Персонал очень вежливый и заботливый. Завтрак на застеклённой террасе с панорамным видом на старый город и Босфор. При желании можно подняться на крышу и завтракать там, или пить кофе вечерком. В номере есть чайник, чай, кофе, сахар, сейф. Минибар с нормальными ценами. В вестибюле тоже можно посидеть и попросить чай или кофе, бесплатно поднесут. Покупки послали с курьером в отель, всё лежало в целости в номере, когда мы пришли. Рядом куча кафе и ресторанчиков, и в самом отеле тоже есть ресторанчик.",1
2913,"Департамент по защите прав потребителей констатирует, что в результате самостоятельной обработки квартир против бытовых клопов в некоторых случаях имелись факты тяжелого отравления с летальным исходом среди детей, передает региональный портал tumba.kz. В Мангистауской области проблема с клопами приобрела эпидемический характер. Если ранее считалось, что появление их в доме является признаком нечистоты, запущенности и антисанитарных условий, то сейчас эти кровососы стали появляться везде, охватив и социальные объекты. «К плачевным результатам приводит то, что жители для избавления от клопов используют различные спреи, распылители и аэрозоли, которые приобретают на рынках, не изучив инструкцию», — сообщает руководитель отдела ДЗПП Алия Джумажанова. Как отмечают специалисты, эта проблема осаждает город последние 7-8 лет. Одна из версий их появления в городе  — завоз  вместе с товарами, где могли быть наиболее благоприятные условия для нахождения личинок.  Это могла быть мебель,  однако пока это остается догадкой. Вместе с тем, санитарными правилами, утвержденными Приказом Министра национальной экономики Республики Казахстан от 27 января 2015 года № 48, регламентированы требования к организации и проведению дезинфекции, дезинсекции и дератизации с учетом класса опасности. В случае причинения вреда здоровью населения по вине организации, занимающейся услугами дезинфекции или лиц, проводивших  обработку, Департамент вынужден передавать материалы в правоохранительные органы. Напомним, в Актау 13 марта в 22:10 в реанимационное отделение областной инфекционной больницы поступили 6-летняя Марьям Тимуркаева и 3-летний Муслим Тимуркаев с жалобами на слабость, многократную рвоту, вялость, отказ от еды. Медиками был выставлен диагноз «алиментарная диспепсия». Как рассказала потом мама детей Малика Тимуркаева, малышей утром отправили домой. Однако к вечеру дети снова почувствовали себя плохо. Каретой скорой помощи их доставили в больницу. В медицинском учреждении дети и скончались 14 марта: в 1:40 у Муслима и в 6:10 у Мариьям констатирована смерть. Посмертный диагноз детей — «отравление неясной этиологии». В этот же день по факту смерти детей начато досудебное расследование. Мама детей рассказала, что их соседка в тот день она травила клопов, и пары химических средств могли пройти по вентиляционной трубе. По сообщению, распространенным областной прокуратурой, при осмотре квартиры соседки с нижнего этажа было обнаружено и изъято 3 бутылки уксусной кислоты и 3 бутылки хлорсодержащей белизны. Также 16 марта началось досудебное расследование по статье «Невыполнение или ненадлежащее выполнение профессиональных обязанностей медицинским или фармацевтическим работником» в отношении медицинских работников ГКП на ПХВ «Областная инфекционная больница». Досудебные расследования были соединены в одно производство. ",0
64672,"Имплантация
Решилась и сделала это. У меня не хватало зуба, поставил мне хирург Юрий имплантат американский. Долго не могла понять, что за коронка у меня будет и как держаться будет. Сег. поставили, это просто превосходит все мои ожидания. Я очень благодарна, что попала в эту стоматологию. Правда еще мне делали отбеливание и чистили зубы. Курить бросила. Юрий в этом помог. Спасибо всему коллективу, желаю процветания и карьерного роста всем.
",1
9779,"видимо про чуть дальше от ленинградки  А можно пожаловаться на бесполезный светофор на пересечении пр. Шокальского и ул. Сухонская? Поток машин очень мал и утром и вечером (по сути только локальный траффик), а фазы длинные, теперь приходится стоять перед пустым перекрёстком по 2 минуты. Плюс поворачивающие налево с Шокальского на Грекова частенько запирают проезд прямо. В итоге пробочка на пустом месте, где до появления светофора никогда проблем не было.  да нифига! выезжали легко, я там каждый день езжу утром. А сейчас светофор держит долго. Ну если не верите, отправьте туда представителя, пусть поглядит.  Оу.",0
2325,"Отель находится в красивом квартале, рядом немало кафе, можно купить на завтрак свежую выпечку и не только. Также поблизости магазин с товарами первой необходимости и овощные и фруктовые лавки. Номер у нас был очень маленький, тесный. Зато отсюда приятно проуляться до Базилики Сакре-Кёр, погулять по улицам Парижа. Месторасположение неплохое, но номера могли бы быть и покомфортнее.",0
13493,"Отель, конечно, требует ремонта. Убранство былой помпезности. Завтраки однообразные, но есть возможность не остаться голодным. Номер был с балконом, что несомненно является преимуществом, но, к сожалению, грязным, а это недостаток. Грязным не в смысле, что после предыдущих постояльцев его не убирали, а в смысле, что давно не производилась генеральная уборка: пыльный тюль и шторы, пятна на ковровом покрытии. Хотя ванная комната была в идеальном состоянии. Персонал службы приема и расположение отеля - главные достоинства. Все виды транспорта буквально на углу. По соотношению цена-качество с полной уверенностью рекомендую.",0
17062," не все способны на такую самодисциплину и самопожертвование.   Хотела бы я понять, как работает голова у этих женщин. Ведь они, наверное, делают действительно доброе дело. Но я не представляю - как?!  :))))  Я не верю тут в добрые дела, при всей моей в них вере. это деньги - сто процентов.  ммм... я имела в виду бездетные семьи -  эти женщины дают им возможность иметь ребенка.  яростно голосую!!!!   Не всегда! Я лично знакома с парой, которой одна наша общая знакомая родила ребёнка без единой копейки!!!  И я очень хорошо себе представляю, как можно расстаться НЕ СО СВОИМ ребёнком. Всё не так однозначно",0
14838,"Выражаю огромную благодарность персоналу
Всем привет. Я с ребёнком 3,5 года лежала с 11.02 по 18.02 в гастро отделении на обследовании, нам поставили диагноз - ДОЛИХОСИГМА, благодаря врачу, Лобань Наталье Викторовне. Это врач от Бога, не долежав до конца, мы заболели и нам пришлось отправиться домой, но Наталья Викторовна поддерживала нас и после выписки. После выздоровления мы снова полежали в этом отделении (с 31.03-по 08.04). Всё хорошо, но мы опять не долечились, т. е. не прошли курс лечения, потому что снова заболели, в отделении страшная жара (духота), постоянно открыты окна, дети вспотевшие бегают по коридорам и их продувает. Я не знаю, как другие мамочки, но я осталась довольна мед. персоналом, есть мамаши, которые сначала возникают, а потом жалуются на персонал, а отделение забито, не всем в одну секунду могут уделить внимание. Хочу выразить огромную ПРИЗНАТЕЛЬНОСТЬ И БЛАГОДАРНОСТЬ Лобань Наталье Викторовне и всему мед. персоналу. Спасибо вам огромное! Здоровья вам и вашим близким!
",1
1979,"Очень хорошая аптека
Аптека очень хорошая. Представлено большое количество лекарств, можно самостоятельно походить между стеллажей, посмотреть препараты. Для многих важно самостоятельно перед покупкой ознакомиться с составом, инструкцией по применению лекарства. В Ригле это можно сделать без проблем. Если есть какие-то затруднения с выбором лекарства, фармацевты обязательно посоветуют, что лучше взять. Спокойная обстановка, доброжелательный, профессиональный персонал. В аптеке постоянно акции на какие-то препараты, например, на средства личной гигиены, на антисептик для рук.
",1
13492,"Уже почти полгода являюсь постоянной посетительнецей этого заведения .  Хожу с друзьями , мужем , родней и т. д. : нравится всем .  Роллы - нет слов .  Порции большие , "" мясистые "" , ингредиенты свежие , вкусные , ароматные .  Пишу и слюнки текут ) .  Горячее-вкусное , в основном порции большие , кацудон особенно .  Все ооочень вкусно .  Интерьер может и не ресторанный , но уютный , приятный , стильный .  Обилие напитков поражает , коктейли уже успела перепробовать все и все вкусные !  Самое интересное-цены , непривычно низкие , а если с купоном или с обретенной картой , то просто до неудобства низкие !  Официанты гостеприимные , особенно Максим , если не ошибаюсь насчет имени )) .  А самое главное , что работает всю ночь и это супер .  Немного таких качественных ночных заведений , пожалуй даже и нет больше  ",1
14272,"Посетили ресторан 8 мая , раньше там бывали , , поэтому и заехали пообедать .  Официаны вроде бы и быстро пытаются обслужить но все получается бестолково .  Принесли вино не той ценовой категории которую заказывали , принесли , показали бутылку и снова унесли куда-то , потом снова принесли , еле дождались .  ",0
11522,"Несправедливый сайт
Несправедливый сайт. Только одни положительные, а отрицательных мало. Потому что из отрицательного делают положительное. И в объявлениях пишем все по смыслу, а убирают многое и уже не по смыслу и оно переходит в положительное.
",1
4914," Глава НБРК озвучил данные о доходности пенсионных активов ЕНПФ за 9 месяцев 2016 года, передает ИА «NewTimes.kz» со ссылкой на пресс-службу Нацбанка РК.  Как сообщил сегодня в ходе брифинга в Усть-Каменогорске Председатель Национального банка РК Данияр Акишев, по результатам девяти месяцев 2016 года доходность пенсионных активов, распределенная на счета вкладчиков ЕНПФ, составила 7,3%, превысив за этот период инфляцию, сложившуюся на уровне 5,6%.  «Национальный Банк инвестирует пенсионные активы в финансовые инструменты по рыночным процентным ставкам. В этом году Национальный Банк также разработал ряд регламентирующих инвестиционную деятельность документов, таких как перечень финансовых инструментов, разрешенных к приобретению за счет пенсионных активов, и Инвестиционную декларацию ЕНПФ», — сказал Акишев.  Между тем, по его словам, по итогам 2015 года доходность составила 15,65% при инфляции 13,6%.  В соответствии с Законом о пенсионном обеспечении с 2016 года основные направления по инвестированию пенсионных активов ЕНПФ рекомендуются Советом по управлению Национальным фондом Республики Казахстан, который возглавляет Глава государства  «В 2016 году пенсионные активы инвестируется по следующим направлениям: приобретение государственных ценных бумаг Республики Казахстан для финансирования дефицита республиканского бюджета; покупка иностранной валюты для инвестирования на зарубежных финансовых рынках; размещение в обусловленные финансовые инструменты банков второго уровня для финансирования субъектов малого и среднего предпринимательства; приобретение обусловленных долговых ценных бумаг субъектов квазигосударственного сектора для финансирования приоритетных проектов реального сектора экономики Казахстана», — отмечают в пресс-службе Нацбанка РК.  Как ранее сообщалось, стало известно, какие категории казахстанцев смогут изымать свои пенсионные накопления досрочно. По словам директора департамента сопровождения и развития региональной сети АО «ЕНПФ» Натальи Павловской, досрочно изъять пенсионные сбережения могут только те, кто делает пенсионные взносы добровольно. По данным фонда, их 39 тыс человек. ",1
42001,"Проживаю на данный момент в отеле. Завтрак в стоимость не вошел, номер как в далеком прошлом СССР. Wi-Fi просто ужас, но за дополнительную плату могут подправить скорость. Ужин в ресторане не стоит 620 рублей. Я думаю повар не пробовал своих творений, стоит хоть раз. Звукоизоляция дверей и стен отсутствует по определению. Нет ни одной положительной эмоции.",2
3064,"Вот и прошла наша свадьба .  Конечно уже месяц прошел с этого дня , но не было времени написать отзыв .  Но не написать я не могу .  Хочется сказать огромное спасибо ресторану « Дольче » , где мы отметили нашу свадьбу .  Перед тем , как мы туда пришли , я прочитала хорошие отзывы .  Ну вот все уже было забронировано , и мне стали встречаться отзывы , которые заставили меня сомневаться , в выбранном месте для нашей свадьбы .  Но отступать уже не было времени , решили будь что будет .  И что в итоге , в итоге мы безумно рады , что нас не подвела наша интуиция и мы пришли именно в « Дольче » .  Зайдя в зал , мы увидели шикарно украшенное помещение ( зал украшал сам ресторан « Дольче » ) .  Над нашим столом были золотисто-белые сердечки из шариков , с потолка свисало огромнее количество шаров , в общем украшение было супер .  На столах было ужасно много еды , и все было очень-очень вкусно приготовлено .  Все салатики были оригинально оформлены , это и касается корзинок с фруктами .  Не знаю , почему здесь писали , что не хватило еды , гости ушли голодные .  Наши гости ушли сытые , все оставшиеся продукты нам аккуратно упаковали в контейнеры , еды осталось столько , что мы за два дня не скушали , не смотря на то что у нас ночевали гости , и их накормили с утра , как говориться « от пуза » .  Да и вечером с еще пришедшими гостями мы так все и не доели .  Всем советую ресторан « Дольче » на черной речке .  Огромное спасибо администраторам , поварам и официантам за то что они сделали наш день незабываемым !!!  ",1
21541,"ага, вот он и пытается перевести стрелки  самому интересно  Там еще только подозрение, сколько таких дел до суда не доходит. Велика вероятность, что просто отпустят.  А вот это вряд ли... Нельзя жить с человеком и не замечать таких вещей  врядли, да  да, побояться  Бороться может и бесполезно, а вот поставить это дело под контроль попытаться можно.  не люблю пессимистов)  И притом публично!  Нужны для этого неподкупные проверяющие, фанаты своего дела.  поможет ли?  время покажет  Китайский опыт показывает что взяточников и смертной казнью не напугаешь)  всех - нет, но другим урок - уже неплохо  да по-всякому быает  И не известно ещё, дойдёт ли до суда это всё.  да, согласен, время покажет  что-то вы сами себе противоречите  ага  да, ничего гады не боятся  Да коммунизм мы уже никогда не построим.  А разве кто-то сейчас собирается его строить?  нууу, собственно его и не надо))  :)  будем надеяться, все изменится к лучшему  согласен  уверены?)  :)  А менталитет у нас такой ,сами же их и разводим.  а потом удивляемся, что в стране коррупция  согласен  да есть желающие  да, нужны  а может что и забыл  да хоть кого-то, уже дело  да, мы к этому причастны  вот и давно пора бы уже копать начать  вот Голикова пусть и займется  про стрелять то речи не было)  а почему нет?  особенно если копнуть их темные делишки  да там даже представить тяжело, насколько все переплетено   не без них  )))  вполне возможно, поэтому так недовольны сейчас  и судя по всему, там все завязаны между  собою  вот и хорошо  )))  не сомневаюсь  а как по-другому?  это показывает его человеческую натуру  :)  )))  увидим обязательно  естественно!  это вы у меня спрашиваете?  такая вот она политика  согласен  да  да если честно, удивляется уже мало кто",0
26205,"ак какие конкретные правовые средства есть у государства сегодня?  А что за  Самый лучший фильм ? Не знаю такого. Посему сказать нечего.Относительно  Никаких правовых инструментов не увидел . Что - ссылок и цитат из Закона не увидел? Которыми власть должна руководствоваться, чтобы запретить распространение мерзости?Вы уж, батенька, поконкретнее бы вопрос ставили, а то на троллинг смахивает.  Пользователь  сослался на вашу запись в записи  Панацея и Гигиена культурного пространства  в контексте: [...] Дала arguendi ссылку, думала - обрадую :) Реакция arguendi [...]  И то верно)  Спасибо, круто. Все объясняет о том откуда до 67-го года так  много классных американских фильмов. А потом пошла жара, в основном откровенный сотонизм... ну ниче хаваем, кривимся но глотаем по чуть-чуть, блокбастеры и шедевры (((  Пишется коллективное письмо, да. Аргументированное, обоснованное, снабженное ссылками на соответствующие статьи закона. Каких - я на то указываю как раз",1
42659,"Очень достойное место, чтобы провести выходные и насладиться общением друг с другом Красиво, мило Вкусный еда в ресторане, хорошее обслуживаниеНа первый взгляд показалось, что место среднее, но при заезде поняли, что все очень достойно!",1
18570,"начит, между малороссами и украинцами полного тождества таки не наблюдается. Еще один резон: русинов Галичины и Подкарпатья тоже никогда не называли малороссами. А вот русины Галичины украинцами стали. А русины Подкарпатья - не стали. Поэтому нельзя автоматически апроксимировать современных украинцев и малороссов 16-18 веков. Это, как говорят в Одессе, две большие разницы.  Разумеется. ВЕЛИКОроссы, МАЛОроссы и БЕЛОрусы - это все русские",1
17637,"Бунтарь...  Уго Чавес...Солдат... КомандантеСегодня  покинул  мир...И ангелы  тихо  поют сарабандуА  дьяволы  прут  на  пир...Дикарь...  настоящий... народный индеец(Он  коку  жевал  всю жизнь...)И верил ,  свободы  текила  и перец   -Лекарство  мужицких  жил...И горечь  матэ  заливая в  глотку  Тянул  бечевой  Страну...А  в  русских просторах морозной водкойИ баней  лечил  хандру...Чем  громче  фавелы  ему   молилисьСкандируя:    Уго -Любовь!  Тем  тише шептались  Гудзон с  Пикадилли...Нефть –  вурдалачья кровь ... В  морях  озверело  гребут  шаланды ...Булькает вязкий  груз ...Но  ламу   ведет   перевалом  в  АндыИндейский шаман Иисус ...http://stihi.ru/2013/03/06/12096",1
41714,"Хочу поделиться печальным опытом
Хочу поделиться печальным опытом. Месяц назад обратился в ""Городской медицинский центр"" в Мытищах по поводу МРТ головного мозга. Сначала у них томограф был неисправен, потом вроде починили.
Сделали МРТ, выдали заключение, где не отмечено: никаких патологий (все идеально). Между тем у меня диагноз ""дисциркуляторная энцефалопатия"" с рождения, поражение склерозом участка мозга (что отражено в предыдущем обследовании МРТ). В ответ на мою претензию на некачественную медицинскую услугу, мне отказали в просьбе сделать повторное МРТ или вернуть деньги, т. е. меня просто ""послали"". Мой лечащий невролог предположил, что использовался томограф либо неисправный либо с очень маленьким разрешением.
",2
55095,"Почти полный отчет
Рожала я ровно две недели назад;) хочу сказать, что перед родами я начиталась достаточно страшилок и оооочень плохих отзывов об этом роддоме (в том числе и здесь). В результате в соплях и слезах от стаха я решила выбрать 17 роддом, который очень даже хвалят, и рожать там по контракту за 75 кэсов. В результате, никаких предпосылок к родам у меня вообще не было и ночью раньше срока (на 38 неделе) у меня сразу отошли воду и начались схватки промежутком минут 10-13. Фак. Я была к такому не готова. И контракт-то я заключить не успели и скорая-то по вызову среди ночи без разговоров увезла меня в 11 роддом. Еду я и думаю, ну все, меня там съедят. Все же пишут, что плохой роддом. В общем не буду я всего описывать, что было дальше (приемная с хамоватыми, но очень как оказалось прикольными медсестрами, пеленка как раньше между ног и казенная ночнушка, клизма любимая и т. д), скажу, что все было очень супер! И врачи хорошие в родильном отделении, очень внимательные, никто не игнорил и сразу подходили. У них была пересменка когда я рожала (кстати это оказалось не очень-то и больно, к тому же с эпидуралкой, которую вам по первому требованию сделают, хотя рядом одна рожала ТРЕТЬЕГО и орала как резаная полтора часа) и в мой блок пять человек набилось акушеров и медсестер. Они чего-то обсуждали, смеялись, надо мной прикалывались и это очень успокоило. В конце одного мужика достало, что че-то я долго рожаю и он надавил мне с локтя на живот - малыш как по маслу вылетел) Короче! Мне все понравилось, главное настроить себя на позитив и представить как я, что роды это такое интересное и неизведанное путешествие и запомнить ощущения как это было, ведь такого во второй раз может и не быть. А! И ни в коем случае не думайте о кесаревом. Я думала, опять же от страха, что еще в приемной как приеду сразу начну требовать полной анестезии и только кесарево. Во-первых просто так его никто не сделает (хотя кесарят там больше полбольницы.) а во-вторых видели бы вы как девочки (кстати в палате послеродового отделения по 4 человека всего и детки всегда с вами) с кесаревым мучились. И клизма им каждый день и обезболивающие уколы, и не встать ни сесть и ребенка больно держать и спать. То ли дело я-помучилась-то несильно полчасика и через пару часов уже бегала, хоть немножко меня и подшили. Малыша вам сразу на грудь кладут и даже из родблока не уносят. В послеродовом тоже персонал очень хороший-все покажут и расскажут. Хотя было много рожениц, которые всех хаяли и не понимали как таких врачих вообще земля носит. Сцуко, да относитесь вы проще ко всему, не одни же. Я человек очень мнительный, подозрительный и внимательный-но я ничего такого уж не заметила. Главное ваш сам настрой! Вас там всего пару дней подержат - дольше никто бесплатно кормить не будет;))) еще пара слов. С собой сперва ТОЛЬКО:бутылка воды 1 литр (пить очень во время самих родов хочется), тапки, телефон и документы. Больше вам ничего не дадут взять в приемной и отправят с мужем обратно! В после родовое передавать можно хоть целыми днями с 7 до 20. Сумки не проверяются как я поняла и вам там особо-то ничего и не надо. Я обошлась одноразовыми трусами (не надо обычные-будут промежность подшивать и обычные трусы будут давить) и упаковкой прокладок+зубная щетка, паста и жидкое детское мыло. Ночнушки, пеленки и халат там свои каждый день выдают. Свою одежду на ребенка никакую нельзя и оно даже лучше-пеленать научитесь (я так и не научилась). Там все казенное. Единственное, хоть и нельзя, но медсестра сказала, что тайком можно-соска! Малыш может не давать вам спать из-за голода иди его другие детки будить будут. Че еще. Кормят по 5 раз, хорошо))) короче! Рожать с эпидуралкой не больно, зашиваться не больно, кесареву - нет, роддом вполне хороший, если вы сами не как унылое говно по жизни;))) меня кстати 24 года назад там и рожали;) удачи вам мои хорошие и реально не бойтесь!;)))
",1
16179,"Побывала в Баден Баден и хочу поделиться впечатлениями от посещения этого ресторана .  В первую очередь кухня произвела фурор в нашей незатейливой компании .  Постараюсь описать по порядку и сформулировать все четче .  Были большой компанией в субботу вечером .  Стол бронировала заранее , так как , почитав предварительно отзывы о Баден Баден , поняла , что просто прийти и поесть в выходные может и не получиться .  Ресторан видно из далека , яркий , большой .  Оказывается , много раз уже проезжала мимо него , а так и не знала , что здесь ресторан .  На входе нас встретили несколько миловидных и приятных девушек-хостес .  Правда , пришлось несколько минут провести в очереди в гардероб .  Как мы поняли , в это время разом пришли гости на банкеты .  Девушка быстро нас проводила к столику на второй этаж . "" Мангальный "" зал был просто уставлен столами .  Минимум пять-шесть больших столов , все нарядные такие .  Кстати , когда поднимались по лестнице заметили , что во втором большом зале была свадьба .  Очень красиво оформлено все .  Наш стол был у окна , в закутке .  При желании можно было занавесками закрыться от взглядов окружающих .  Меню получили сразу же от хостес .  Выбирали долго , но официант подошел почти сразу .  Мы его отправили пока погулять и занялись чтением .  Но пришлось все-таки прибегнуть к помощи официанта , так как самим было не определиться .  На компанию взяли по паре мясного и рыбного ассорти ( лосось , палтус , масляная рыба и буженина , подкопченный язык и какой-то рулет ) .  Здесь все стандартно , можно выделить рулет – очень вкусный , курица , кажется , с овощами .  Еще взяли на стол набор легких закусок к пиву , так как пара наших друзей – любители пивасика , так сказать .  Канапе с килькой даже попробовала – и без пива вкуснятина .  Еще там был розовый соус , канапе с лососем и копченый сыр .  Далее был нам предложен салат Баден Баден с лососем и яблоком .  Легкий свежий салат .  Розовый перец придает пикантность .  Томато-моцарелло – помидоры с моцареллой , выложенные слоями друг на друга башенкой , вокруг листья салата , заправка - соус песто , бальзамический уксус и EVOO .  Выглядит очень красиво , оформление знатное , вкусовые сочетания классические .  Салат Тенерифе с креветками восхитителен .  Легкий , свежий , как мне показалось , с какими-то апельсиновыми нотками в соусе .  Салаты с копченой уткой и индейкой .  Интересные салаты , сочетания продуктов подходящие , кунжут и кедровые орешки – очень люблю – отличное дополнение салатов .  В салате с уткой был стебель сельдерея – понравилось сочетание именно с кедровыми орешками .  Оба салата тоже были оценены на твердую пятерку .  Оливье с языком – как дома .  Жульен с курицей и грибами – отличная закуска , порция достаточно большая .  Брали две сковородки – Бременскую и Тирольскую .  С капустой , колбасками и картофельным пюре и с жареной картошкой , луком , беконом и яичницей .  Наши мужчины верещали , как малыши и в один голос заявили , что уже знают , что хотят на ужин на следующий день !  На стол подали – все шкварчит и парит , пахнет – супер !  На горячее получили половинку цыпленка гриль на доске с овощным гарниром из стручковой фасоли , красного лука и паприки с бальзамиком .  Цыпа сочная , румяная , видимо слегка подмаринована .  Гарнир вообще объедение .  Для домашнего приготовления тоже годится .  Попробую исполнить как-нибудь .  Стейк из говядины прожарки medium rare с соусом из зеленого перца и лука - приличный кусок говядины ( на доске опять же ) , сочный и мягкий в меру .  Соус – отпад , но все подробности рецепта официант так и не открыл .  Шашлыки из свинины , курицы и люля кебаб тоже очень понравились .  Подают прямо на шампуре с луком , овощами и тонким лавашем .  Баранина особенно хороша .  Посоветовали новые копченые блюда .  Взяли рульку индейки ( целая нога ) с тушеной капустой и стейк из лосося горячего копчения – нежнейший кусок , вкус обалденный .  Гарниры для обоих блюд , как и положено копченостям , достаточно простые – капуста , пюре и тд .  На десерт брали наполеон , чиз-кейк и штрудель с мороженым .  Обслуживание в ресторане понравилось ( как мы заметили , персонала много и работают бойко ) .  Девочка часто появлялась у нашего стола и работала довольно технично , что было видно невооруженным взглядом .  Напитки наливала и даже по началу начала раскладывать на ассорти по тарелкам , пока мы не сказали , что уж справимся сами .  Ждали еду , кстати , совсем не долго .  Даже не смотря на то , что в ресторане свободных столов не было , когда мы пришли .  Салаты и холодные закуски получили чуть ли минут не через 15-20 .  Все просьбы девочка наша выполняла быстро и с нескрываемым удовольствием и улыбкой .  Ну и мы отплатили ей тем же и щедрыми чаевыми , благо – было за что оставить денег .  Интерьер разнообразный .  По окончании нашего ужина прошлись по всему ресторану , посмотрели залы .  Хотели даже остаться потанцевать , но у барной стойки мест для нас уже не оказалось и мы , исполнив пару кульбитов у пилона рядом со сценой , удались до дому – сытые и умиротворенные .  Мне очень понравилось .  Отличный повар , достойный сервис .  Интересно все-таки будет побывать здесь еще и летом .  ",1
42186,"Ложные результаты анализов
В апреле 2014 г. сдала кровь на определение пола. Результат: y-хромосома обнаружена, пол плода мужской на 10 недели. В итоге - девочка, такое ощущение, что на ромашке гадают.
",2
6224,"устить среднеазиатский газ в Европу, означает для Газпрома нарушение своей коммерции, не пустить – значит нарушить добровольные международные соглашения России, что страна не препятствует транзиту энергоносителей по своей территории.Решением этой дилеммы стал компромисс: Газпром договорился со всеми среднеазиатскими странами об условиях приобретения газа, который потом поставляется в Европу.  Цена покупки привязана к европейской цене реализации. Трудно судить, насколько эти цены устраивают страны Средней Азии. Когда лет 5 назад заключались долгосрочные контракты, Газпром зарабатывал на этом газе меньше, чем мог бы заработать на своём.  В любом случае, никто не стал строить альтернативных газопроводов по доставке газа  в Европу.Украина в начале и середине нулевых покупала газ в Туркмении.Газпром при этом имел геморрой по платежам за транзит: оплачивали его очень нерегулярно. В результате, когда эту схему прикрыли, остались долги на несколько миллиардов руб",1
42002,Останавливались в отеле на 2 недели. Очень приятный и не навязчивый персонал. Одноместный номер с завтраком и ужином нам обошелся в 4500 рублей. Для Москвы цена очень даже хорошая. Очень удивили и порадовали ужины. Очень очень вкусно и сытно. Номера небольшие но все чисто. Не спешным шагом до метро минут 10. Недалеко. Бесплатный интернет.,0
371,"Вы симпатичные ребята, да завязли по уши. Как будете выбираться? Гудковщина  уже стала мемом. Мне лично Геннадия Владимировича не хватает в Думе. Но не с этим, что в письме  продолжение скулящего позора, тфаюмакофку... то что за него голосовали на выборах в Думу еще можно понять, мало ли там технологии, то-сё, но как он вырос до полковника спецуры !!! это безштанное, бесполое чмо... и ведь даже ни на секунду не задумается, что сам добровольно и упорно продолжает втирать себя в... вот именно   Какая это на хуй партия.Марионетка позорная как и все партии в Гос Дуре РФ.  Когда чуровцы воровали голоса на думских выборах, им ничего не стоило уворовать чуть побольше и не пустить СР в Думу, как и Яблоко? Нет, СР прошла в ГД, значит договор есть и Миронов его отрабатывает. Кстати то, что его выдернули из руководства СФ, было в частью плана прохождения СР в ГД. Сделано это было для поднятия рейтинга СР и самого Миронова, обиженных у нас любят поддержать.  Короче, мы тут подумали, и я решил: Миронова гнать в шею за коллаборационизм и малодушие.",0
30430,"Мне очень понравился этот центр
Мне очень понравился ""Центр охраны здоровья семьи"". Все быстро, качественно, любые вопросы растолковывают, заботятся. Была там у гинеколога Шериной, лечила эрозию – все отлично вылечила. Еще ходила там к стоматологу –понравилось и отношение, и качество. В целом – это центр, в котором есть все, что нужно. И анализы, и УЗИ, и кардиолог, и окулист, и даже прививки делают. Вот собираюсь от гриппа имп. вакциной у них привиться.
",1
50272,"Благодарность Болуровой
Выражаю благодарность Болуровой Белле Александровне за внимательное отношение к маленьким пациентам и их родителям. Спасибо за добросовестный труд!
",1
30709,"Нормальная лаборатория
Администратор действительно никуда не спешит, когда я пришла, все пили чай и на мои покашливания и постукивания по стойке не реагировали. Но дальнейшее обслуживание, забор анализов и предоставление результатов нареканий не вызвало.
",1
6817,"Сегодня было жарко .  Душно , и после полуторачасовой прогулки по Невскому , не сильно оголодавшие , но уставшие мы пришли в Суп Вино .  Мне казалось шли чрезвычайно долго , оставляя позади себя Шарлоткафе с летними навесами , Террасу с богемной публикой и Face Cafe .  И вот Суп Вино .  Здесь четыре стола .  Три из них ( самых удобных естественно ) были отмечены табличкой "" reserved "" .  И правда - если Вы хотите назначить здесь встречу , лучше - бронировать .  То , что это "" младший брат "" Теста напоминает большой абажур с орнаментами , повешенный прямо в центре зала .  Мы уселись за стол с надпись "" reserved 19.30 "" и сделали заказ .  Мой состоял из морса и панини с моцареллой и помидорами .  Если Вы , настраиваясь на встречу , предполагаете вести душевные разговоры , это место точно НЕ подходит .  Слышимость благодаря расположению столов и маленькому помещению ресто-бара потрясающая .  Не понравилась обслуга .  Два молодых человека в одинаковых коричневых футболках с одинаковым отсутствующим видом на лице .  Они как будто делают тебе одолжение , преподнося блюда .  Грязные тарелки один из официантов забрал не сразу же , а только после того , как выяснил свои жизненные проблемы по телефону .  Морс - хорош , но для душного Питерского лета теплый , а итальянский бутерброд без претензий вообще :) Очень сытный , и сыр свежий .  Супы пробовать не стали , может в следующий раз , когда погода будет чуть попрохладней ?  Но что-то подсказывает мне , что зимой здесь не самое теплое место , ибо все столики находятся вблизи двери , а это - сквозняк :) Все-таки понравилось .  Аналогов в Питере этому РЕСТО-БАРУ пока не встречала .  Необычно .  Креативно .  Здорово .  За супом вернусь :)  ",0
46919,"Хочу поблагодарить заведущую Морозову Ольгу Алексеевну
Хочу поблагодарить заведущую Морозову Ольгу Алексеевну в том, что она разрешила ходить на молочную кухню через день. Это очень удобно для родителей.
",1
9797,"прекрасный тихий и уютный отель Добродушный персонал,как только видят вас расплываются в улыбке что очень приятно)Так же подскажут и помогут если что ешит какую нибудь проблему!В ближи отеля жд станция,до центра 20-30 минут.Номера уютные чистые,у меня номре был в пастельных тонах!wifi бесплатныйвкусный завтрак шведский стол все замечательно",1
5181,"В Алматы на пересечении улиц Тимирязева и Маркова возле БЦ «Алатау Гранд» произошла стрельба  с места событий. Добавим, что в бизнес-центре расположены отделения «Сбербанка» и ВТБ.   Как рассказали очевидцы, стрельба была слышна в обеденное время. Охранник банковского отделения, расположенного по соседству, сообщил, что стреляли перед бизнес-центром. По его словам, пострадал клиент банка.      Сотрудники полиции работают внутри отделения банка «ВТБ». Место происшествия не оцеплено, однако внутрь бизнес-центра никого не пускают. Полицейские разыскивают подозреваемых в стрельбе в Алматы.      Ранее, утром 25 октября, неизвестные напали на охранника одного из отделений банка «Центркредит» в Алмалинском районе Алматы. В результате злоумышленники завладели его оружием — травматическим пистолетом. Сотрудник бизнес-центра сообщил, что ограбление произошло внутри здания. По его словам, охранник закрыл отделение и пошел в туалет, который находится в другой части бизнес-центра. По словам очевидца, охранник зашел внутрь, налетчики выследили его, пошли за ним в туалет. После они напали на него, захватили оружие. Ключом отделения банка не смогли завладеть и с пистолетом убежали в неизвестном направлении. По данным очевидца, охранник оказал сопротивление налетчикам.   https:// /crime/v-almatyi-vozle-banka-proizoshla-strelba-ochevidtsyi-305184/ ",2
18009,"лишком жопу свою любишь, в которую на Майдане могут всадить хорошую порцию соли, а то и покрепче. Но твое отношение к  братскому  народу очевидно.  Я свое уже получил, - и не в виде соли. До сих пор ржавеет. Поэтому ты не по адресу... И именно твою ссаную жопу я защищал, (к сожалению)Меня удивляет не братский народ, а отдельные его представители, которым вдруг показалось, что они вещают от имени народа. Считают, что чем истеричнее и воинственнее они себя ведут, тем их голос весомее среди общего мнения народа.Если Украина когда-нибудь будет расколота, то этот груз будет висеть именно на таких, как вы истеричных и психически несдержанных натурах. А через 50 лет будете истерично ныть, что вас закобалила Польша или (еще кто там у вас на очереди), с кем вы там собираетесь  дружить  в качестве ненадежного партнера. Все, - надоел своей твердолобостью и невежеством",2
40764,"Все хорошоУдачное расположениецена адекватнаяудобно с завтракомЕсть сайтудобно бронироватьрядом шикарный ботанический сад, рядом транспорт, не далеко метро,продуктовые магазины,вид из окна хороший",0
15191,"Обрезание в поликлинике
Узнала от соседки, что на приёме в поликлинике на Чкалова её сыну сделал обрезание Икромов. А нам тоже предлагал, хорошо, что отказались. Посоветовали ещё к Баранцеву сходить. Оказалось, что не надо совсем этого делать. А ведь эта процедура платная. Бог нас отвёл от этого лекаря. Администрация проверяет хоть, чем этот нерусский доктор занимается в поликлинике? Ужас! Это же в Коломне в стационаре под наркозом делают.
",2
41997,"Спасибо Михалеве Надежде Николаевне
У моего сына аллергия на манту. Пришли получили полную консультацию у педиатра и она предложила сделать квантифероновый тест. В течении 3-х дней я получил результат по эл. почте и консультацию онлайн. Спасибо, педиатру за нестандартный способ решения данной проблемы.
",1
2189,"это уже косяк следствия.  еще и пленум свежий зачтите. тоже удивитесь преизрядно.  да я уж смотрю редакции, ища оправдание, почему так лопухнулась )косяк следствия или, скорее, защиты. поскольку основной целью тут было бы возбудить уд против нападавших, чтобы доказать реальность угрозы и противоправный характер их действий, пюс действие в группе (чтобы как-то оправдать то, что ранила она белоусова, а не курбатова, который был с ножом).  это, кстати, и теперь не поздно  1. вокруг меня нет чурбанов, а если б вредные чурбаны были, то я бы решал вопрос их вредности не путем принуждения их к раскаянию.2. я не заставляю вас извиняться - я просто настаиваю на использовании  вы  в беседе вместо  ты .3. я в курсе  про историю . однако, здесь речь идет не об истории а о а) уважении к собеседнику - by default, о следовании элементарным современным нормам вежливости  б) о выяснении, способен ли собеседник хоть на чуточку идти на компромисс - профессиональное любопытство, если желаете.4. вежливость, знаете ли, это далеко не всегда признак слабости)5. детский сад продолжается...   так мне пришли ваши ссылки.",1
94,"Покупали машину с рук в 2017 г. с пробегом 120 тыс.км.Предыдущий владелец заменил: цепь, салинблоки, стойки, тормоза. После покупки нам оставалось лишь провести текущее обслуживание, заменили: - масло в двигателе;- масло в ГУРе.За год эксплуатации заменили передние стойки стабилизатора и рулевые наконечники.Плюсы машина:- экономичная: расход в городе 8 л., на трассе 6 л.;- теплая, даже на трассе не выдувает воздух и больше 1 не включаешь вентилятор, если машина хорошо прогрета. Бывает даже жарко зимой в машине и приходится открывать окна, хотя на улице -20;- мощная, не смотря на количество лошадей. Очень удивило на трассе нажимаешь газ и она просто рвет с места;- вместительная с разложенными задними сидениями;- удобные кресла, спина не устает;- даже при росте от 190 см и выше будет комфортно, муж при росте 186 см водительское сиденье не до конца отводит назад;- хороший ближний свет;- хороший уплотнитель: звуки и пыль не попадают.- удобные карманы на дверях, большие и вместительные;- в нулевой комплектации есть подстаканники, и даже сзади для пассажиров один подстаканник расположенный в туннеле;- хорошая аудиосистема: в нулевой комплектации сзади тоже есть колонки.Минусы:- маломощная: двигатель трехцелиндровый и тарахтит как дизель, но спустя месяц совсем не замечаешь эти звуки;- на морозе долго греется, особенно на холостом ходу прогреть ее не реально;- маленький багажник;- на больших кочках подвеска работает на пробой;- не удобно расположена центральная торпеда, бывает задеваешь правой ногой (это бывает у мужа, у меня с ростом 165 см таких проблем нет);- отсутствует как таковой бардачок, нет дверцы, документы так оставлять в машине опасно.Хорошая маленькая машинка, проблем с парковкой не будет, а расход топлива заметно порадует.За 10 лет совместной жизни с мужем у нас было 10 авто не верю своим глазам , отзывы обо всех можно прочитать ниже:Toyota Cresta (Тойота Креста) 1988 г.Chevrolet Niva 2008 г.Mazda Demio (Мазда Демио) 2000 гFord Fusion (Форд Фьюжн) 2008 г.Mazda3 хэтчбек 2007 г.Daewoo Matiz (Дэу Матиз) 2012 г.Chery IndiS (Чери Индис) 2013 г.LADA Kalina (Лада Калина) 2008 г .Skoda Fabia (Шкода Фабия) 2008 г.Renault Logan (Рено Логан) 2007 г. ",1
1558,"Понравилось всё- и номер, и расположение, и (особенно) завтрак!!! Первый раз была в Барселоне и, конечно, не ожидала такого качества сервиса от 3-хзвёздочного отеля. Номер с небольшим балкончиком, выходил на маленькую улочку Готического квартала. Завтрак - шикарнейший!! Свежие фрукты, горячее, выпечка и всё очень вкусно))) расположение тоже очень удачно для осмотра центра Барселоны. Вполне рекомендую!!!",1
557,"Все чисто, убирают каждый день. Есть бесплатная комната для байков. Достаточно бюджетный отель по деньгам. Отличные шведский стол на завтрак. Привтеливый персонал, отлично разговаривают на английском. Отель хорошо расположен, следующий раз остановлюсь в нем же. Номер был с видом на Монжуик.",1
3439,"Я постоянно выбираю Невский Форум уже несколько лет подряд - часто приходится бывать в Петербурге по работе. Кроме идеального расположения (5 мин от вокзала и непосредственно рядом с входом в м. Маяковская) меня привлекает высокий уровень комфорта и очень отзывчивый, приятный персонал отеля. Сотрудники всегда внимательно и гибко подходят к пожеланиям гостей, они предельно лояльны и готовы всегда пойти навстречу. Недавно приезжал с семьей на майские-2014 - все, как всегда, на самом высоком уровне. Если соберетесь в Питер - Невский Форум вам 100% добавит настроения. Удачи!",1
43831,"Эректильная дисфункция
Мне 42. У меня нарушалась эректильная дисфункция. Доктора Асабова знаю не первый год. Он уже не раз мне помогал. Специалист объяснил, что такое у меня появилось на фоне пережитых стрессовых ситуаций, и порекомендовал просто отдохнуть. Я не думал, что это так, но доктору поверил. Спустя какое-то время у меня все наладилось. Врач оказался прав, и не стояло мне глубоко копаться в себе.
",1
55166,"Всем спать охота
Рожала сынишку 13. 10. 2010 г. Бесплатно. Приехала с мужем ночью, в половину четвёртого, встретили не очень приветливо (типо, чего так долго со сватками ходила.) но, это меня не сильно расстроило, т. к. ночь - есть ночь - всем спать охота. Тем не менее, пришлось персоналу пробудиться и заняться моим интересным положением. Девочки, я не буду рассказывать обо всех ""прелестях"" появления на свет малыша, скажу одно - КТГ - это жесть! Так долго лежать с этими датчиками. У меня всё тело занемело, даже не понимала, толи схатка очередная, толи кости ломит от обездвиженности. Сейчас смешно, конечно, но тогда не до смеха было. Послеродовые палаты чистые, бельё носят каждый день, но если тебе надо ещё пелёнок или сменное пастельное - без проблем. Единственное, в расписании дня было указано кварцевание помещений, но этого не наблюдалось в течение всего времени до выписки. Хотя, и без этой процедуры, я ничем не заразилась и сынок тоже. Персонал хороший, добрый, отдельное человеческое спасибо Цыганковой Юлии и Игорю Богдановичу. Конечно, только на гуманность врачей полагаться не стоит, от самой тебя также многое зависит. Ведите себя спокойно (по мере вожможности), уважительно в отношении этих особенных врачей. Помните, что вы у них не единственная в этот день, нормальные роды не бывают безболезненными, всё идёт так, как и должно происходить. Удачи всем. Рожайте и будте здоровы.
",1
12589,"Расположение отеля очень подходит для шопинга. За углом налево, после пары перекрестков KDW и другие универмаги (5-7 минут пешком). До станции ZOO десять минут пешком или две остановки на 200 автобусе. Остановка 200 автобуса практически напротив отеля. На нем можно доехать до Рейхстага и до Александрплац. Улица отеля относительно тихая и спокойная. (Отели расположенный ближе к станции ZOO на мой взгляд этого плюса лишены).В номере чисто и аккуратно. Есть ежедневно пополняемые две бутылки воды в качестве комплимента (вторая в минибаре). Русского ТВ канала, если не считать RT на английском, нет ни одного. Бесплатный WiFi с ограниченной скоростью и, как я понял, действует сутки на устройстве. По крайней мере у меня было так - одни сутки он работал на одном телефоне, потом отключился и я пользовался еще сутки другим устройством.После прочтения предыдущих отзывов у меня были, наверное, завышенные ожидания по отношению к завтраку. Я не могу назвать его шикарным или очень разнообразным. Скорее достаточным и нормальным.В одном из отзывов я прочитал, что уборка номеров начинается в 8:00, то есть в принципе был готов к такому раннему визиту. И что Вы думаете? В 8:05 в мою дверь настойчиво постучали: ""Housekeeping""! Последующие дни спасался табличкой ""не беспокоить"". Считаю, что уровень отеля определяется в том числе и незаметностью (неназойливостью) персонала. Кроме этого отмечу, что на стойке регистрации не предупреждают (по крайней мере так было у меня) о депозитной политике отеля. Конечно ясно, что после просьбы показать карту, последует блокировка суммы, но вычислениями приходится заниматься потом самостоятельно. У меня через несколько часов после заселения была заблокирована вся сумма за проживание, плюс депозит 150 евро. При выписке списали еще раз всю сумму, блокировка до сих пор висит. Должна отвалиться через месяц. Рекомендую для этих целей использовать кредитную карту, а то можно поиметь блок на приличную сумму реальных денег.",0
34315,"Прием у гинеколога
Я была в Куркино в ""Уникур"" на приеме врача гинеколога. Во время приема, когда я была на гинекологическом кресле без моего разрешения заходила врач бурятской внешности, которая постоянно общалась с гинекологом, который вела мой осмотр. Постоянно между ними шла беседа и комментарии в мой адрес. Также постоянно заходила уброщица, которая также смотрела на меня, когда я была на гинекологическом кресле. Берут лишние анализы, рекомендуют дополнительные процедуры.
",2
10809,"Невозможно дозвониться
ПОЧЕМУ ПОСТОЯННО У ВАС ТЕЛЕФОН В РЕЖИМЕ ЗАНЯТО??? И ЭТО НЕ ПЕРВЫЙ РАЗ! НЕВОЗМОЖНО ДОЗВОНИТЬСЯ И ВЫЗВАТЬ ВРАЧА! ХОРОШО ЗНАКОМЫЕ В ПОЛИКЛИНИКЕ РАБОТАЮТ, КОТОРЫЕ ОСТАВЛЯЮТ ВЫЗОВ В РЕГИСТРАТУРЕ! СКОЛЬКО ЭТО МОЖЕТ ПРОДОЛЖАТЬСЯ????? ВЫ НЕ ХОТИТЕ РАБОТАТЬ ИЛИ ЧТО?
",2
36391,"Неплохой сравнительно недорогой отель в центре рядом с учебным центром 1С. Недостатки - интернет платный (около 100р в сутки), плюсы - завтраки неплохие типа ""шведский стол"" рублей за 250. Главное - угадать с номером, довелось жить как в блочном номере (2 комнаты и общий коридор с холодильником и туалетом-ванной) без нормального ремонта, так и в более свежем отдельном номере - разница в разы именно по ощущениям от гостиницы, от ее полного неприятия до ""вроде ничего, жить можно"".",0
13094,"Купчино не всегда радовал интересными заведениями .  Моё знакомство с Персоной произошло году эдак в 2010 .  После окультуривания в музее Воды , мы вернулись в свои края .  На улице холоднющий февраль , мальчики пошли ставить машину , а девочки хотели поесть и немножко выпить ;) Заказ был скромный , на вскидку не вспомню , что именно , но что я ела обжаренный картофель с мясом - это точно .  Пили Метаксу .  Я - впервые , и сразу влюбилась в этот напиток , хотя крепкое не слишком жалую .  Пришли мальчики , тоже что-то поели , выпили водочки .  Вроде тоже не жаловались .  Счет приятно удивил .  Глядя на интерьер , было ощущение , что всё несколько дороже будет .  Обалденные большие бордовые диваны почти везде , плазмы по залу ( видимо , футбол транслируют , но когда мы были - показывали клипы , причем музыка незаезженная ) , да и общий стиль очень по нраву ;) После , за неимением идей , решила отметить там свой день рождения .  Было хорошо и вкусно .  На восьмерых около шести тысяч получилось .  Правда , до бильярда так и не добрались .  Спустя где-то года два заглянули туда с той же спутницей , что были в первый раз .  Интерьер изменился .  Но узнаваемо .  Поела пасту , подруга ограничилась салатом , и выпили вина за встречу .  Да так хорошо пошло , что одной бутылкой не закончилось :)) Кухня обычная - ничего фееричного , хотя я особо там и не потчевала .  Но в целом , чтобы встретиться с кем-то и поболтать за бокальчиком чего-нибудь светлого и вечного , очень даже приличное заведение .  Везло , правда , на буднях .  Людей немного и очень комфортно .  Официантки , правда , не очень приветливые , но мне не до них было :) В выходные , возможно , то , о чем писала девушка передо мной .  ",0
17559,"На днях довелось посетить этот уютный ресторан .  Великолепные грузинские блюда !  Культура обслуживания .  Аккуратно , уютно и спокойно .  Сухое красное вино бесподобно : ароматное , вкусное - классическое дополнение к мясным блюдам .  ",2
9664,"Поход по докторам - действительно, так себе детское занятие. Но это из разряда надо . Заодно и ребенка можно приучить к этому понятию. И поиграть в очереди тоже можно. Поход в магазин - тоже не абсолютно взрослое развлечение. Для ребенка это тоже игра - игра во взрослого. Опять-таки, можно учиться сравнивать, складывать цены, можно самому выбирать понравившиеся яблоки или йогурты. А папа и правда молодец, тем более такие маленькие разницы в возрасте у детей. У нас немного попроще - 8 лет, 5 лет ( почти 6! ) и 1.8
",0
17711,"Были месяц назад .  Я человек не притязательный , но действительно был растроен многим .  Заказывали конкретное место и стол .  Когда пришли стали предлагать абсол . другое , типа там еще не освободилось и т. д. Хотели сразу уйти и пойти в соседний Шеш-Беш или Генацвале на Смоленке .  Там бывал часто и вообщем-то был доволен .  Но хотелось посмотреть , что это за новое место !  И вот что вышло : качество обслуживания в Гаяне - отвратное .  Официант , имени не помню , который обслуживал , абсолютно не имел простых навыков этикета и обслуживания .  Задумывался с какой стороны класть вилку , а с какой нож .  Вино еле открыл с хлопком , не дав продегустировать , а сразу решил разлить всю бутылку по бокалам .  Что очень удивило .  Заявленные "" баклажаны на мангале "" оказались не на огне приготовленными , а просто политы "" жидким дымом "" .  Баранины вообще не оказалось , пришлось заказать шашлык из свинины .  Который оказался сухим и явно приготовленным заранее .  Итог , кроме хачапури , качество приготовления блюд , крайне низкое .  Создается впечатление , что повар явно не имеет представления о заявленных блюдах .  Верхний зал не уютный , столы стоят в притык друг к другу , проходной двор .  Все отзывы здесь явно написаны лицами заинтересованными , так как Стыдно за такое обслуживание и за такую кухню .  Это явно не Кавказская кухня , а породия !  Итог : реклама этого места , не соответствует содержанию .  Это уровень кафе , но ни как не ресторан и цены крайне завышены для такого качества .  ",2
20613,"Рейс задержали и мы не успели на стыковочный рейс Турецких авиалиний.Нам предоставили сутки в этой гостинице с 3-х разовым питанием.Из ресторана можно наблюдать взлет самолетов , из номера их хорошо слышно.В данном случае я не выбирал, но все устроило.",1
4745,"Некачественные материалы у стоматологов
Были маленькие сколы на переднем зубы, решила отреставрировать. Попала к Надайчик, она поставила пломбу на один из кариозных зубов, пломба стоит пока. А вот с передним зубом - обточила его, сделала реставрацию пломбировочным материалом. Через пару дней откололся маленький кусочек. Я пришла, она заделала его по гарантии. И в этот же день отвалилась большая часть с др. стороны зуба. Я расстроена, зуб испорчен, теперь придется идти в платную, надеюсь хоть там сделают хорошо. Уж не знаю, что тут - неопытность врача в этом вопросе или плохие материалы.
",2
10465,"Благодарность Иванову Дмитрию Сергеевичу
Хочу сказать дорогому и уважаемому доктору Иванову Дмитрию Сергеевичу. Большое спасибо за то, что он хорошо, грамотно и оперативно оказывал помощь в моем выздоровление и лечении. Я, Аглиулина Адиля, была привезена в больницу 18 июня 2014г. С высоким давлением. Действительно, его работа - это призвание, в результате лечения удалось значительно справиться с давлением, привезли 200 на 110. На данный момент оно держится 150 на 90. Я очень благодарна ему как за профессиональные навыки, так и за человеческий подход. Желаю ему всего хорошего и успехов в его труде, также выражаю большую благодарность всему медицинскому персоналу неврологического отделения номер 2 во главе с Кривозубовой Людмилой Николаевной. Огромное Вам Всем Спасибо!
",1
3625,"Мне очень нравится уютная обстановка , хорошая кухня .  Спокойно , уютно с любой компанией ( с детьми , с друзьями , с родителями ) .  Оставляет только положительные эмоции .  ",1
20059,"Не советую
Никогда не заключайте договор для детей до года (личный доктор люкс). Эта контора состоит из 6 человек, к НИИ они не имеют никакого отношения. Снимают помещение в больнице напротив регистратуры, у них там своя и три кабинета, вот и все. Договора стоят более 200 тысяч, если вы еще живете за МКАД.
",2
27830,"Сходили в паб , если его так можно назвать .  Обстановка можно сказать ничего , если бы не эти столики как в привокзальном кафе .  Заказывали столик для некурящих и специально говорили что мы будем смотреть футбол .  Когда мы туда пришли , пришлось ждать несколько минут пока уберут .... ЗАЛ !  К нашему удивлению , экран в зале для некурящих отсутствовал , на что нам сказали что он сломался .  Сели в зал для курящих ( отдам должное , накурено там не было , правда никто и не курил .... ) .  Когда начался матч пришлось просить официанта что бы включили нужный канал , после того как они нашли новые батарейки для пульта , нам включили футбол .... без звука с музыкой в зале .  Сделали заказ ( пока на двоих : два пива ( разливное и в бутылке ) , гренки , семгу в кляре и тигровые креветки в кляре под соусом , уточнив что они действительно тигровые ) , попросили включить звук , наша просьба была выполнена и теперь мы смотрели футбол со звуком и музыкой в зале одновременно ( я так поняла официанту нравилась эта музыка ) .  Пиво принесли , то что в бутылке оказалось очень теплым ( что удивительно , называя данное заведение пабом , бутылочного пива нет в холодильнике , он весь заставлен водой ) , разливное пиво это отдельная тема : данное пиво , в некоторых местах даже название такое же , вы можете найти в сети магазинов живого пива , разбросанных по городу , никакой там ни ирландский эль .  Нас стало трое ( спустя 1 час ) , принесли креветки : обычные , не в кляре , без соуса ; на вопрос к официанту , почему принесли не то что заказывали , ответил что повар "" накосячил "" , сейчас узнаю , оказалась тигровых нет , поэтому только такие ( об этом мы узнаем спустя час и уже когда принесли !!! ) , отказались .  Говорю официанту : "" мы уже час ждем гренки и семгу , когда уже принесут "" Ответ : "" молодые люди вы всего полчаса сидите , все принесут "" ( начался второй тайм : 45мин + 15мин=60мин ) .  Делаем очередной заказ ( начали выбирать из расчета , что могут быстрее приготовить , но много из меню не оказалось ): 3 салата цезарь с курицей , 3 стейка и 3 пива ( разливное и в банке ) , пиво принесли , банка упала на пол , официант как ни в чем не бывало ставит его нам на стол , хотели от него отказаться , но эта банка была последней . До этого брали "" темный эль "" ( еще ничего ) в этот раз заказали "" светлый эль "" ( ужасное , с таким непонятным привкусом ( частенько пишут про димидрол , мне кажется это тот случай )) . Спустя час нам приносят один салат , на вопрос "" а где еще 2 ? "" , официант удивленно : "" а что у вас 3 ? , сейчас скажу повару "" , ждем дальше ( уже принципиально сидим ) , приносят картофель фри , который мы не заказывали , забирая тарелку , часть картофеля сыпется на пол , уносит , а через минуту он это картофель несет соседнему столику ! Официант включает музыку в зале на всю катушку , уже друг друга не слышим , просим убавить звук ( мы все таки не на концерт пришли ) , через какое-то все повторилось . Спустя пол часа приносят еще два салата ( салат в нем явно не первой свежести ) , узнаем что с гренками и семгой , ответ : "" гренок точно не будет , т. к. у нас кончилось масло , а семга должна быть "" ( это спустя 2.5 часа , при пустом зале , занято было 3 столика ) , спустя пол часа приносят стейки ( из семги очень ничего ) , семгу в кляре мы так и не дождались . Сил больше сидеть не было , ушли , насмотревшись на все это . Еще один момент : после того как закончилась акция на сайте , в ресторан стало не дозвониться , трубку не берут вообще . Когда мы пришли зал был свободный , а на всех столиках табличка "" бронь "" , приходила пара человек , которые не бронировали и их сажали за эти столики , у одних спросили : "" вы бронировали ? "" ответ : "" нет , до вас невозможно дозвониться "" , они : "" у нас завал , целый день на телефоне "" ))) , но пока мы сидели ( 3.5 часа ) ни одного звонка не было и почти все столики на всем протяжении этого времени были свободны ( с 18.00 до 21.30 ) . В этом заведении нет крепких спиртных напитков ( нет лицензии ) их можно приносить с собой , так что не трудно догадаться что за контингент собирается там под вечер . Судите сами .  ",2
37325,"Очень хорошо с мужем расслабились и отдохнули. Завтрак был шикарный и разнообразный, были даже удивлены. Большая удобная кровать, чистые простыни. Единственное, окна выходили на контейнер и рано утром стоял таааакой шум при его уборке. ",1
6242,"Отель по набору услуг, качеству номеров превосходит многие трешки-четверки. Провела там выходные и считаю, что отель оптимально расположен для того, чтобы осмотреть город. До центральной площади минут 10-15 ходьбы. Номера очень стильные и необыкновенно чистые. Безукоризненная ванна-туалет с новой сантехникой. Все глаз радует. На последнем этаже очень симпатичная веранда с видом на город, но в феврале она была закрыта, а в летнее время там, видимо бар и площадка для принятия солнечных ванн (видела лежаки). Очень приятные молодые ребята на ресепшионе, хорошо говорят по-английски и консультируют и помогают по всем возникающим вопросам. С удовольствием остановлюсь там в следующий раз",1
3908,"Если чинарь потратит не по статье то его посадят.   Ваша запись появилась в рейтинге 3000-ТОП. Отслеживать судьбу записи вы можете по этой ссылке.Подписаться на рассылку или отказаться от рассылки можно здесь.  были б бабки, пошли б деткам, а не дедкам с их победобесием  Куда только бабка смотрит...  товарищ, здесь про блог реального ветерана войныпоздравь настоящего живого победителя   а помочь деду деньгами - не, не готова?немножко, хоть тыщенцию  Ветеранша просит милостыню  всем похуй  ты помогла уже?  ваивал наверное...   ну в общем-то да  незнаю, кто воевал  их совсем   единицы,  может  он дети  войны  молодецуважаю  накатишь за Поёбду 9-го?   обязательно)  100  грам  фронтовых, у меня  два деда воевали, один безвести пропавших числится,  другой прошел  всю войну  взаимно)  а третий?   всмысле  третий ?  - Дед.    а когда это ватничков ебало? там главное рефлексия ))   я написала  что два деда  а откуда   третьему  взяться  Вечный огонь- символ газпрома. Самое святое, что есть для каждого россиянина   Ну я ХЗ. Вдруг и третий был. Война жы, ваивали, все могло случится...   не на что повышать зарплату на медсестер и строить дома учителям в селе.",1
24943,"о, если такой свидетель потом станет обвиняемым. эти действия при условии их доказанности будут железным основанием для ареста   - поэтому Аксана от следствия не прячется?  спасибо, пишите еще  - отказ от дачи подписки сам по себе наказуем? Нет подписки - нет ответственности за  разглашение ? отказ сам по себе не наказуем, но, теоретически, следователь своей подписью фиксирует ваш отказ - последствия те же самые. как если бы Вы подписали. Правда, он может слепить протокол с отказом от подписи вообще без вашего участия - почему и написал. что нужно разбираться индивидуально- Что делать, если следствие не желает конкретизировать перечень сведений, мотивируя тем, что  все тома уголовного дела на листочке не поместятся ?Обжаловать в суд по мотиву - такая подписка нарушает право на защитуподписка дается в отношении  ставших им известными данных  - как быть с информацией, известной вам априори, до получения процессуального статуса?Если ваша фамилия имеется в деле, имеете ли вы право  разглашать  ее без письменного согласия следователя?Если вы были очевидцем событий, можно ли рассказывать кому-то сей факт из биографии? без привязки к процессу?Все зависит от степени идиотизма и важности следователя. Правильные вопросы. потому и нужно добиваться конкретизации. либо уклоняться от подписания вообще- Как отделить сведения, полученные на процессе от информации  со стороны ? Если то-же вы узнаете из  несекретного  источника?Существует ли  приоритет неразглашения  для сведений, внезапно ставших  данными  для участника процесса?Практики особой по этим делам нет, потому. ка я и сказал, все зависит от степени идиотизма следователя  Практики нет",1
69576,"Равнодушное отношение к пациенту доктора Гаджиева
13 декабря 2015 г. дочь в спортзале повредила колено, решили не рисковать и обратиться за помощью в городской травмпункт. Нас осмотрели, пощупали и! Выписали направление на МРТ и мазать ногу ""Вольтарен гель""! Так как мы были в растерянном состоянии, не стали требовать сделать рентген. Вечером нога опухла и наутро мы решили все-таки съездить и сделать рентген. Снимки показали, что у нас перелом большой берцовой кости! В детской травматологии, куда мы обратились, были очень удивлены, что нам не только не оказали первую помощь, но и направил на МРТ! Не каждому, согласитесь, по карману это процедура. Со слов детского травматолога, это не первая ситуация с детьми, которые обратились к ним. Непонятно, почему в стране, где везде кричат ""дети наше все"" такое отношение!? Чтоб такое не происходило, не надо молчать! Если мы это будем игнорировать, ничего не изменится и мы и наши дети будут страдать от таких ""врачей""!
",2
18807,"Универсальный диагноз, подходит всем, и Вам тоже:))  Обнадеживает, что Ленин был тогда еще невинным ангелочком...)  Вот интересно, что для людей опаснее - причинение добра или одиночество и некому помочь?  Ааа...)  Это да...))  А если правда знаешь лучше? Разве не бывает?  Про детей честно не понял...  Глупо будет спрашивать, чью позицию поддерживал Тургенев в момент вашего спора.   Это да  Скорбная женская фигура над открытым капотом - тоже своего рода просьба...)  Красивый коктейль)) А в чем вопрос?  А как же благодарность? Это же и есть далеко идущая интерпретация? Или нет?  Лучше над собой отдохнуть... Суббота же:))  А некоторым именно поэтому просить тяжело...) Тут что главнее, страх или совесть:))  Интересный алгоритм:))  цитата из фильма  Орел и решка . сцену не пересказать, надо смотреть))а вкратце, что я имела ввиду - просить и помогать легко, если человек, будь то помощник или просящий, не делает слишком далеко идущих интерпретаций  что-зачем-почему-как жить дальше-чем расплачиваться  во время помощи))  Экая ты инструментальная:))   Пока не начнёшь работать над собой, не поймёшь, с каким упрямым материалом имеешь дело.  (с)  А  по приколу  манипулировать нельзя? Даже в состоянии я-ты-ок? Это ведь один из главных мотивов действий человечества)))  В прошлом году напал на меня такой ступор. В декрете я, общения не хватала, а большинство друзей взяли и закончилось. И вот я не могла сформулировать людям, чего же мне надо-то: поболтать, помочь мне разобраться в новой себе, поддержать в начинаниях или даже просто вообще тортик принести.Пол года ушло на раскачивание себя начать просить тортик. А потом и остальное проклюнулось  - у кого чего попросить. Но на момент, как расклинило - уже и сама начала справляться, да и мир стал выдавать нужное мне сам околичными путями :)))))  смысловой аналог цитаты - анекдот:У мужика не поглажены брюки.",1
948,"А вообще у них была возможность растратить все 16 млн и ничего не заплатить.  С луны я или нет к делу не относится, а уголовное дело полностью сфабриковано, даже в цифири, прекращалось за отсутствием состава преступления и имеет под собой политические основание.  Признает, но не платит с 2009 г. Т.е. уже 4 года. Как думаете, почему? Может, потому, что ВЛК - это ООО?  У Кировлеса задолженности на 200млн рублей, по некоторым оценкам.Я думаю хотели при банкротстве замылить этот долг уже перед Кировлесом, но это все не является уголовным преступлением, а попадает под действия ГК между ВЛК И Кировлесом.Я не знаю есть ли по 3 млн, какое -нибудь судебное решение или иски со стороны Кировлеса к ВЛК, но ООО очень выгоднаяв данном случае организация, тут Вы правы.   Я не знаю есть ли по 3 млн, какое -нибудь судебное решение или иски со стороны Кировлеса к ВЛК  - а что ВЛК можно предъявить, если оно ООО? Единственный вариант - попытаться доказать, что вся сделка была изначально незаконна.",1
51914,"Бассейн в поликлинике
Посещаем бассейн с малышкой вот уже 4-й месяц. Как же это здорово, что в этой расчудесной стране остались хоть какие-то опции бесплатно поддерживать физическое развитие ребенка! Нам очень нравится инструктор Светлана: программа четкая, постепенно усложняющаяся; любовь к своему делу налицо! Каждому ребеночку успевает уделить время, к малышам разного возраста индивидуальный подход. Единственное что: если кто-то из руководства поликлиники или из Минздрава читает эти отзывы, пожалуйста, выделите деньги на ремонт! Плитка уже отваливается. Бассейн становится небезопасным для мамочек и малышей!
",1
17894,"У нас был новогодний корпоратив 18 декабря 2012 .  Смотрели большое количество положительных отзывов и понадеялись на лучшее .  Хотелось бы отметить несоответствие стоимости и качества продуктов : блюда не такие и вкусные , заказали много салатов на 20 человек по 15 порций .  Так салат с креветками и гребешками и невкусный и не всем присутствующим его предложили , а мне принесли по требованию , но без гребешков .  Оливье отвратительный .  Все остальное самое обычное .  По винам вообще обманули , например : вместо заявленного Шато ле Шен Крю Буржуа ( О-Медок АОС ) 2006 , которое было оговорено заранее , прописано в приложении к договору ( т. к. платили заранее по безналу ) вынесли вино Шато ле Шен ( О-Медок АОС ) 2010 года .  И заявили , что такое вино идет по одной стоимости .  Может быть это вино и 2010 года по этой стоимости мы бы не стали брать .  Зато заставили подписать приложение № 2 - прейскурант на порчу имущества , где каждая тарелка по стоимости , как в музее , а заодно и шторы и прочее имущество .  Сидели - боялись двигаться .  Какое удовольствие , час с вином разбирались – ничего толком не добились , Хорошо что ничего не разбили .  Хотя в нормальных ресторанах стоимость посуды заложена , и никто штрафовать за разбитый стакан не станет .  Не самый дешевый и не самый хороший ресторан .  Готовят невкусно , во всяком случае на коллектив .  И честно горя , и не очень-то уютно в нем. Видимо здание не очень подходит для ресторана .  ",2
9831,"оно 47 кг весит, я его даже до помойки донести не могу
",2
2372,"В принципе можно восполнить убытки, усилив налоговую нагрузку на граждан, но при этом честно и нормально объяснить, что это вынужденная мера по переделке Крыма. Неприятно, но вопрос о возвращении исторических земель стоит выше личных интересов.
",0
3515,"Самый главный врач в моей жизни
Мне врача Кузьмичеву Аллу Борисовну послал Бог! В то время, как слепой заведующий отделением гинекологии (мужчина армянин) предлагал мне чистку, так как уверял, что беременность замершая, сердцебиения нет, она буквально убеждала его не спешить и спасла моего ребенка. Всю жизнь я буду Вам благодарна! Вспоминаю Вас часто и мечтаю поблагодарить лично и просто поцеловать вам руки. Беременность была тяжелой, но если бы не Вы в самом начале, то не было бы у меня моей дочки.
",1
55751,"Благодарность
Спасибо за здорового сынишку и хорошие роды! Я рожала в декабре 2008 года, спасибо огромное хорошим специалистам и детскому педиатру.
",1
35445,"Школа Revitonica
Огромное спасибо! Замечательно и профессионально прошли все занятия. Отдельное спасибо Марине, занятия прошли интересно, увлекательно, познавательно. Очень полезный курс.
",1
16657,"Не вернутсяНе на то расчет  Они русский то сдать не могуткакая там математика...Одни вон.. чечено-дагестансктие отличники  и смешно и грустно....  это точно  Ясное делоЗнать нужно предмет  Вполне возможноНо.. Школа так или иначе отчитывается тем самым за проделанную работуИ все ж таки фильтрует тех кто знает и тех кто не знаетА вот ВУЗу и правда нужно еще большее фильтрованиеВ противном случае туда набьется различный шлак  вот умные мысли... но тогда источник денег (взяток, подношений) иссякнет...(школу имею в виду)... на это никто не пойдет  Одних знаний мало, нужно уметь эти знатия систематизировать, выстроить в ответ, донести до экзаметатора. Необходимы самообладание, умение не теряться, красиво и аккуратно писать на доске. Во время устных экзаменов, была задействована туча всяких полезных навыков, которые были необходимы во взрослой жизни.Если вспомнить систему советского мониторинга знаний учеников, посредством городских и районных контрольных работ...    Да даСтарая басня и сейчас актуальна  А что стирашного в том, если признаться что с переводом стрелок обосрались? Или с промиллями? А просто и там и там надо самоутвердитьсякомплекс карликовИ дело не в росте  не признаются в провале, увы. Новую провальную форму скорее введут, и будут злорадно хихикать(  Я бы сказал, мания величия, помноженная на параноидальный бред.  Не знаю как у Вована, а у Димона явно присутствует комплекс неполноценности. Это стало очевидно еще после истории с Веселым Гномом. Куда ему до признания собственных ошибок...  Смотря какая цель преследуется  цель их нацелена явно не на прогресс  а на хрен там думать то.. Звизданули и ладно  не подсказывайте Медведеву: а то введет единый часовой пояс по всей стране  и главное никто не в ответе  этот можетему то как с резиной зимней  Вы просто сделали мне утро :))))))))  В мое время учебы мы хотя б учили и предмет зналиА не тупо ответы подгоняли из написанных((  А как еще отметиться в истории?)  ыы, резиновый Медведь ему кликуха  Вот это и меня больше всего пугает детей загоняют в рамки шаблона, насчет ответов там сейчас не все так просто, по математике можно знать тему, решать, но так замудрят с постановкой вопроса, что не напишешь или исправлений быть не должно, ошибся в оформлении от волнения, тему знаешь, решать умеешь, но бал снизили.",2
1587,"Не напрягайтесь. У нас не существует фашистской идеологии, нет гомофобских настроений. Никто никого не преследует. И иудеев в Средние века никто не преследовал. Приняли бы себе христианство и жили бы спокойно. И христиан в Риме никто не преследовал. Молились бы себе в пещерах и никто бы их ни трогал. И Иисуса никто не преследовал.",1
20417,"Карен Павлович Акопян хороший врач
Очень хороший, внимательный, доброжелательный, тактичный, профессиональный врач дерматолог Карен Павлович Акопян! Жители, пациенты САО просят выразить ему благодарность! Побольше бы таких врачей как он.
",1
21677,"Чистота, прекрасный персонал, душевнейшее отношение, куча российских ТВ-каналов, 3 мин от СофииНедостатки:Неудобный спуск в отель по крутой лестнице без перил, но дормен помогает с багажом и поддерживает под ручку. Завтрак минимальный, но свежий. Главное - маленькие номера и нет места, чтобы разложить чемодан.",0
8919,"Меню на 2 !  Выбрать не из чего .  Половина роллов в меню состоит из 4 ( sic !! ) кусочков .  То есть это половинка полноценного ролла !  Где вы еще такое видели ?  Везде кладут лук .  Репчатый , зеленый - неважно .  А узнаешь об этом , лишь получив блюдо , в меню это не указано .  ",0
4455,"Дело в том что их права не закреплены ни чем. И если Кургинян захочет то они перестанут иметь возможность пользоваться всеми этими благами. Так что нельзя говорить о преодолении отчуждения. Есть только иллюзорное представление о добром хозяине Александровского который все делает ради их блага.   В нашем обществе само обладание орудиями производства (заводами, фабриками, нефтяными скважинами) обуславливается принадлежностью к правящим криминальным группам. Соответственно тот кто вхож в эти круги, получает орудия производства, тот кто выпадает из них - быстро их лишается. То есть мы имеем у нас не капитализм практически, а феодализм, в котором СП, целые имущественные комплексы, раздаются бандитскими сеньорами своим вассалам. Это регресс? Да, регресс. Это отменяет обладание СП как основной классифицирующий признак при выделении классов и собственно классовую боьбу? Естественно нет.",1
25146,"Как только я приехал домой, сразу зашел на сайт ,что бы написать отзыв. Потому что я и мои родители очень любим останавливаться там.Отель расположен очень близко от основных туристических мест. Персонал (Чингиз и Азиз-я не знают правильное написание их имен) очень хороший и дружелюбный. Они всегда пытались встать на место путешественника,гостя и помогали как могли,что позволяло чувствовать себя комфортно. Завтрак самый лучший,который я когда-либо пробовал в Стамбуле. Я останавливался в трехместном номере на 3 ночи, он было теплым, чистым и имел хороший вид на город. Я настоятельно рекомендую вам остановиться здесь, современный отель Султана, если вы путешествуете в Стамбуле.",1
21256,"Атеизм как минимум удобнее религий и культов тем, что в нём нет обрядов и канонов. Если вы уверены, что у атеистов нет морально-этического кодекса или он слишком гибок, то вы весьма заблуждаетесь.  Да и вообще во имя всеразличных богов всевозможные заповеди нарушаются куда чаще, чем соблюдаются.Главное (говорю как атеист) не делать атеизм принудительным и обязательным, точно так же, как и религию. Пусть верят во что угодно и как угодно, например, Вася в Будду, Мойша в Аллаха, Нгумба в Кецаля, Мустафа в Тангароа, Батыр в Заратустру, а Чжан Лю в Б-га. А я буду верить в  бога нет  и в то, что правы физики, химики, биологи и палеонтологи, в теорию эволюции и в то, что Земле сколько-то миллиардов лет, а не несколько тысяч. Правда, мой закалённый атеизм и материализм совершенно не сомневается в том, что в горах и пещерах есть дУхи, и что с этими духами надо повежливее, а то с фотоаппаратом что-нибудь нехорошее может случиться... или вообще со мной.Собственно, если человеку для того, чтобы жить повседневной жизнью, нужно оглядываться на сущность, о которой он имеет крайне туманное представление, то это говорит исключительно о личной неуверенности и нежелании думать. А те, кто целиком посвящают себя религии, равно как и занимаются исключительно борьбой с религией, достойны только жалости: они губят на корню свои прочие таланты и занимаются совершенно пустым и никчемным делом.",1
9606,"Пациенты и их родственники
Не только к вашим родным такое поганое и хамское отношение, но и к сотрудникам тоже. Как и от пациентов, так и от самих сотрудников. В частности старшего медперсонала - никакого уважения и понимания. Вот именно по этому работников становится мало, отделения, а затем и больницы, сокращают. И больных от этого меньше не становится. Как говорится, рыба гниет с головы. Если начальство будет плохм, то и работа будет соответствующей.
",2
37738,"Не советую
Отвратительный медицинский центр! Молодой человек был записан к урологу, пришли в назначенный день, нам сообщают, что врач не сможет нас принять (а позвонить и предупредить вы не могли?), ок, перенесли запись на следующий день, приезжаем - опять та же история - ""он на операции"", в итоге отказались от услуг этого специалиста.
Что касаемо меня лично, мой хирург захотел присутствовать на узи, но при условии, что это будет определенный специалист, благо для записи у меня было целых полтора месяца впереди, нужно было записаться в один день и в одно время сразу к 2м врачам - узи+хирург. К хирургу я успешно записалась, зато к узи-специалисту я звонила все полтора месяца: то нет расписания, то она его пока не составила, то позвоните позже, оставьте свой телефон, мы обязательно сообщим Вам о расписании и скоординируем посещение, последнее, что было сказано мне - ""Позвоните 19-го до обеда."" Звоню в назначенный срок.- ""А врач А. в отпуске."" Приехали. В итоге пришлось записаться к другому УЗИсту и на неудобное для меня время.
Об оборудовании, отколотых плитках на стенах и отсутствии кондиционеров в кабинетах я промолчу.
Как теперь скоординировать мое посещение, а это важно для меня, это не просто осмотр, это мое ЗДОРОВЬЕ, мой дорогой медицинский центр, я не знаю.
Спасибо Вам за заботу о ваших пациентах, спасибо за мое потраченное время и нервы. В мою страховку входит обширный круг клиник, просто вы были ближе к дому, теперь для меня это не приоритетно и вашими услугами я пользоваться точно больше не буду.
",2
498,"Такая удивительная история.. Дания. Это вам не цыганка с упоротым ребенком.
",0
58338,"Прекрасный родильный дом
Прекрасный родильный дом. Очень внимательные люди. Работа отлично организована. Ежедневные лекции по уходу за ребенком и за собой. Выписались с полным знанием последующих действий. Ставят ГВ, помогают, искренне, во всем. И самое главное, все бесплатно и без взяток. Девочки, СПАСИБО ВАМ БОЛЬШОЕ! За вторым, только к вам! PS. Пожелание - научиться рожать вертикально или в др. позе удобной матери.
",1
7148,"Какой символизм! Колючая проволока как последний заслон здравого смысла. Брёвна как первые шаги к пагубной привычке. Вращающее бревно как собственно сигарета. Пламя с двух сторон символизирующее, что пока горит сигарета с одной стороны ты сжигаешь себя с другой. Акулы как символ рака лёгких поджидающий тебя на твоём пути курильщика. Срочно в музей этот шедевр! Gifx
",2
59646,"Не понравилось
Очкарик в облаках (М. Красногвардейская).
Больше ни ногой!
Недоброжелательный (на грани хамства) персонал. Врачи, вроде ничего, а вот еще пара теток которые там крутятся (менеджер и кассир?), явно из советской торговли реинкарнировались. Заказывала очки ИНТЕРВИСТА с астигатизмом, (забегая вперед, можно было и простыми обойтись, раскрутили на более дорогие) когда забирала, спросила ""Если что-то не устроит, дискомфорт в глазах, головная боль, я могу обратиться, чтобы проверить, что не так? Все -таки сумма приличная. ""Фурия аж взорвалась: ""Такого не может быть! Кто вам такое сказал, такого не бывает, все должно устроить"". Комментарии излишни. Ну, как накаркала себе)). С самого начала пошло все не совсем так. Пришла к врачу, которая выписывала. Та - мол, ""что вы хотите. астигматизм. надо привыкать. ну, если, что (если что!) приходите, будем что-то думать"". За год так и не привыкла. Пришла, за кассой то же лицо. ""Что вы хотели?"" Таким тоном обычно посылают в пешее эротическое путешествие. Говорю: ""Нужна врач Имярек"". ""У нас такой нет!"" Пытаюсь деликатно выяснить, может раньше работала? Уволилась? ""Да, работала! Сейчас не работает! Вы ведь спросили про сейчас!?"" Детский сад. И опять за свое ""ЧТО ВЫ ХОТЕЛИ!?"" Попыталась объяснить, а в ответ выслушала лекцию, смысл которой, если коротко, свелся к тому же, что год назад я выслушала от её товарки. ""Такого не может быть. Не морочьте голову. Я ношу. (любят они себя в пример ставить дешевый прием)."" В общем, пошла в поликлинику, врач спокойно обследовав, выписала рецепт на простые без астигматизма (он небольшой) очки, люди подсказали хороший салон, без звучного названия, но с приемлемыми ценами и нормальным персоналом. В ОЧКАРИК больше ни ногой!
",2
27103,"Будующая мама
Согласен с выше написанным, не стоит туда ходить! Заключили договор на ведение беременности, после этого началось: то потеряют результаты анализов, когда я сам их нашел в ихнем центре, то там оказалось, что врач указал дату не 22.02.2012, а 19.06.2011 и вообще не факт, что это наши результаты УЗИ, то забудут направить на анализ мочи, то не отправят на обследование к ""специалистам"", то не заполнят свои внутренние формы, когда говоришь им, что нужно заполнить, то все равно заполняют не то. Сегодня сдавали мазки и кровь, после этого приехали домой и на пороге звонит гинеколог Мартиросова и говорит ""сегодня обязательно нужно вернуться и сделать УЗИ, я вам о нем забыла сказать, это нужно сделать обязательно"". Договор заключил 22.02.2012, сегодня задумался о его расторжении!
Ужасно!
",2
6892,"Заходил несколько раз и с партнерами по бизнесу , и с женой , и с друзьями .  Честно сказать за год ресторан раскрутился довольно не плохо !  Последний раз , правда , остался не очень доволен ..... долго ждали еду , хлеб какой-то черствый принесли , айоли заветренное ...  Официантка ( если не ошибаюсь Мария ) вела себя мягко сказать вульгарно , принимая заказ наглаживала себя по бедру и то и дело зияла голыми боками , томно и нагло засматриваясь на мужчин за нашим столом .... Ну не знаю может это имидж такой ресторана .  Но смотреть смешно ) Портофино и Елисеев пока отдам предпочтение им !  ",0
24589,"Этаж в Меге поразил своим ужасным сервисом .  Точнее полным его отсутствием !  Придя туда , сев за столик мы обнаружили , что после предыдущих посетителей никто даже не удосужился вытереть стол от крошек и пепла , поменять пепельницу и поставить на стол салфетки .  Сидя в этой грязи ( т. к. больше не было свободных столиков ) , мы прождали меню минут 30 !! Пытались позвать хоть одного официанта , которые меланхолично ходили мимо нашего столика , не обращая на нас никакого внимания , как-будто они там и не работают вовсе .  Одна официантка , пробегая мимо , откликнулась , но её отклик состоял только в громком : "" Щас "" !  Что за хамство ?? !!!! Спустя полчаса настойчивого зазывания официантов , делающих вид , что они глухие , нам всё-таки принесли меню , унесли грязную пепельницу , не обращая внимания на грязный стол .  Еще спустя 20 минут приняли заказ , и только после просьбы принести салфетки , нам их поставили на стол .  Вместо унесенной грязной пепельницу чистую на столик так и не поставили .  Теперь немного о заказанном : капучинно там варить не умеют , так что пробовать не советую .  Хорошо , что мы догадались попросить счет сразу , когда делали заказ , а то бы еще лишних минут 40 потратили в этом заведение .  Научите официантов работать , вежливо и внимательно относиться к клиентам !  Если у вас такой отвратительный сервис , поменяйте администратора , чтобы тот правильно и грамотно организовывал работу и ни один клиент не был забыт и оскорблен !!  ",2
43243,"Ездили в этот отель в феврале 2015г. Неплохая трешка. Или как говориться трешка есть трешка. Но МЕСТОРАСПОЛОЖЕНИЕ ОТЛИЧНОЕ!!!!. Выходишь и через 3 минуты пляж. Для меня это первый критерий при выборе отеля. Ведь едешь в первую очередь за морем. Завтраки скромные, очень скромные. Сейфы на рецепции деревянные. Я не капризная, мне было нормально, хочешь лучше-плати больше.",1
16732,"Отель расположен в 5-10 минутах ходьбы от вокзала в Хельсинки, нужно перейти несколько дорог (с большим чемоданом не очень удобно). Гостиница позиционируется лучше, чем есть на самом деле:номер не очень уютный, окно не открывается, вид из окна был на вход в отель и соседние окна. С утра очень много людей на завтраке: найти свободный чистый столик практически не возможно, поэтому многие выносят еду из ресторана и едят в холле отеля. Из плюсов-в лобби есть компьютеры с принтером и интернетом, есть небольшая игровая зона для детей. Персонал вежливый и готов Вам во всем помочь. Прямо напротив входа - остановка трамвая, на котором можно проехать 8-кой по городу. Гостиница тянет на 4+, но в следующий раз я бы там не остановилась.",0
23867,"Большое спасибо докторам и медсестрам
Большое спасибо всем врачам, медицинским сёстрам РОНЦ РАМН НИИ ДОГ за их самоотверженный труд, за чуткое, доброе сердце! Их талант, знание - это дар Божий! И этот талант, эти знания, отношения к нам, пациентам, они так бесценны, что мало тех слов благодарности, которые существуют. Словами не передать всю благодарность, которую испытываем мы, родители детей, которые лечатся, и которые вылечились. И всё же, нам предоставлена небольшая возможность поблагодарить. И я от всего Сердца благодарю за самоотверженный труд, за доброе, чуткое сердце, за дар таланта Надежду Михайловну, Андрея Борисовича, Дмитрия Васильевича, Артёма Витальевича, Дениса Борисовича, Рахмона Момасалевича, Светлану Николаевну и многих-многих, врачей, мед. сестёр, кто лечит моего сына. Низкий вам поклон. Желаю всем вам здоровья, многая лета! С уважением к вам, и сердечной благодарностью, Лариса Завидова, мама Кирилла.
",1
27681,"Адекватное предложение цена/ качество. Хозяева очень стараются. Пользуйтесь навигатором, иначе поплутаете сначала.. Внизу в маленьком магазиньчике можете узнать реальные НЕ тур цены на все товары. Потому что иногда торговаться с ними по любому поводу надоедает!",0
6945,"Всё правильно крестьянка.
",0
10222,"Номер большой, чистый, вода и фрукты при заезде, очень порадовали. Я бы сказал, что это не отель, а полностью крыло жилого дома... В котором было очень тихо и спокойно. В шаговой доступности развлечения....",0
18660,"Персонал больницы
Благодарим нашего лечащего врача Гончарова Андрея Александровича за чуткое, внимательное отношение к нам, больным пожилым людям, во время прохождения лечения.
Благодарим медицинских сестер за профессиональное лечение и доброе отношение к больным. Спасибо за теплое, доброе, терпеливое отношение со стороны санитарок. Особое спасибо Блохиной Наташе и сестре-хозяйке Оле.
Палата № 512. Дубровская, Корноухова, Иванов, Морозова. 14.06.2012 г.
",1
59703,"Невнимательное отношение
Пришли с ребенком выбирать оправу со своим рецептом из глазного центра на Моховой. Минут пять ждали администратора, ее позвала девушка с соседнего отдела ортопедической обуви, но она, видимо, решила не торопиться. Мы хотели посмотреть сначала оправы, выбрать, что нравится, но она нам сразу: ""Давайте рецепт, потом уже поговорим."" Дала рецепт. Она нам сразу хотела предложить дорогие оправы, я сказала, что нам нужны недорогие и попрочнее. В прошлый раз мы покупали оправу за 3500 р, думали, дороже значит лучше, оказалось нет, чинили раз 5. Теперь не хотим такие. В общем, она сунула нам одну оправу, и навязывала ее всю дорогу, не давая посмотреть другие. Оправа из дешевых - 1500 р, но мне она не очень понравилась, я попросила квадратной формы, а она ни в какую не дает, говорит, типа, ему не подойдет. в общем мы взяли навязанную ею, ребенку вроде понравилось, дальше еще интереснее: не может разобрать наш рецепт, спрашивает меня, что здесь написано, я смотрю и ничего не понимаю. Я не врач и не работник оптики. В общем, пишет что-то. Считает стоимость, спрашивает как будете оплачивать. Я сказала: ""По безналу, в общем, оплатили все же, потому что не было времени у меня еще выбирать. Вот теперь ждем звонка, что там получится... Подведем итог: обслуживание не понравилось, такое чувство было, что мы у нее что-то просить пришли, а не очки заказывать. Дата: 05.11.13.
",2
26188,"Некомпетентность некоторых сотрудников
В филиале на Пражской по сменно работает несколько врачей. Есть смена, где 2 молоденькие девушки - вот они КОШМАР! Мало того, что очереди с ними постоянные, так они еще АБСОЛЮТНО не компетентны. Одна мне делала уколы пару раз - потом не получилось, была в другом городе и сделала там в каком-то мед. центре. Так мед. сестра в этом центре аж воскликнула, когда я спустила штаны. Она спросила, кто такое со мной сотворил и, что уколы делались слишком низко и там жуткие гематомы и, что возможно понадобится хирург, чтобы их вырезать. В общем, эти девочки из ЛЕЧУ-ИНВИТРО уколы точно не умеют делать. Возможно и анализы не правильно берут, от чего и результат страдает. Я у них еще спрашивала по анализам, Уреаплазма spp включает Уреаплазму parvum и urealicticum - они меня заверили, что все 3 вида Уреаплазмы абсолютно разные и, что spp не включает 2 других вида, они сказали, что это ОТДЕЛЬНЫЙ вид, то есть по их мнению 3 вида уреаплазмы.)) Но на сайте Инвитро, да и везде пишут абсолютно противоположное. Как-то еще забавная история была в Инвитро, но только на улице Чертановская, там где оптика - там, когда брали у меня мазок, сломался расширитель и меня попросили сидя в гинекологическом кресле держать самой себе расширитель,)))) я отнеслась к этому с юмором, но если так посудить, то это жжжесть! Уж не знаю, почему Инвитро и Лечу нанимают таких не компетентных работников - вроде цены на услуги у них далеко не низкие - могли бы не брать таджичек без образования и девочек без подготовки, которые даже укол правильно сделать не могут, не покалечив пациента и на вопрос правильно ответить, потому ничего не знают и не умеют!
",2
12341,"Благодарность отделению реанимации
Я перенесла огромное количество операций за короткий период и чуть не померла. Я уже не могла видеть операционную, но мед. сестры реанимации выходили меня. И я жива. Спасибо им огромное. У них очень тяжелая работа. Но не все это ценят.
",1
51724,"Вызвать врача на дом
Уже 3-й день невозможно дозвониться на вызов врача на дом ребенку! Вызываем скорую! Когда будет многоканальный телефон?! Один номер на весь Дмитров!
",2
34745,"Чуткое отношение
Я всегда боялась уколов, но в этой клинике настолько добрые и профессиональные медсестры, что даже ничего не чувствуешь.
",1
2674,"Прошло немного времени и ничего не изменилось .... в лучшую сторону !  Обслуживания как не было , так и нет .  Работает одна официантка , которую вечно не дождаться .  Час времени уходит на ожидание меню , потом заказа , а после и счета :(( .  Обстановка конечно располагает к приятному общению , но что-то надо срочно делать с персоналом .  Может просто набрать его ??? !!! Хотим видеть сервис , а не недовольную официантку , обслуживающую сразу всю кондитерскую !  ",0
14333,"Франция так же долбит российских чиновников, как долбила фашистов в 40-х: только на словах, десять лет спустя.
",2
9022,"Не совсем все, это называется мобилизация в случае объявления военного положения и существует целый перечень льготников
",0
14978,"Не люблю большие сетевые отели , так как уже не однократно с ними прогадывали ! В этот раз нам нужно было переночевать две ночи в Берлине и отель рассматривали непосредственно в центре выбор упал на этот отель потому как сравнительно неплохие отзывы были на Booking.com но это в сравнении с остальными отелями в центре !! Мы забронировали два номера на родителей и себя с мужем , хочу сразу заметить что я курящий человек и табачный запах меня не особо смущает ( по крайней мере мне так казалось )))но это до того момента пока мы не вошли в номера ) такое ощущение что в номерах закрыли адских курильщиков на неделю и просто напросто не выпускали !! Неприятно стало даже мне что уж говорить о моих родных которые в принципе не курят !! Так же номер не блещет чистотой , хотя на постель и полотенца это не распространяется , к этому меня претензий нет !!! ",0
58667,"Ногинский роддом супер
22 октября 2015 года я родила мою сладкую плюшечку в Ногинском роддоме, рожала бесплатно! Персонал весь приветливый, все везде стерильно, ремонт хороший и т. д. Огромное спасибо ВСЕМУ ПЕРСОНАЛУ РОДДОМА.
",1
14940,"Останавливались с мужем в период с 1 января по 4 января 2015 года, бронировала кровать дабл, в момент заселения были номера только твин (мы приехали раньше времени заселения), согласились на твин. В момент оформления ключей от номера выдают заодно и проездной на общественный транспорт, за 4 дня мы мало ездили по городу на транспорте, но, в любом случае, приятный бонус. Номер был без завтраков. Сам номер чистый, свежий, новый, шумоизоляция превосходная, окна выходили на ж/д пути, но ничего не было слышно. Отель удачно расположен, особенно если вы приезжаете на поезде (как мы). От отеля до Рейхстага пешком - 5-7 минутПо ощущениям - отель не подходит для туристов, больше для командировочных и для деловых поездокно, в любом случае, сам по себе отель хороший, рекомендую",0
20358,"Очень громкая музыка , невозможно спокойно поговорить приходится орать .  Неприветливый персонал .  ",2
43045,"Хороший отель для отдыха, чисто, тихо, должные завтраки, голодным не будешь. Всё рядом два пляжа Ката и Карон пешком можно ходить, правда немного крутой подъём и спуск, но в низу на посту можно вызвать машинку (для гольфа) и она вас поднимут в отель. Магазины, массаж, кафе всё близко.",1
18056,"Полную профнепригодность оной дамы прозреваю я.А там профнепригодность на профнепригодности. Песков, Чаплин...  Так это, с самого начала же было очевидно: Лунтику не нравится быть  наногномом ,  клоуном ,  медвежонком димой , etc. Ну и собственно лунтиком. (айфоней, опять-же)Вот ему и форсят новый ник.  Ну вкратце - т. Путину необходим клоун наверху (зачем - бог весть).Он вызывает Димона, только что зачистившего Газпром, и говорит - надо. Тот отвечает - яволь, май женераль!  А фиг его знает...Хотя он, как глава правительства поболе должен был  набить , нежели семь штук на французской  мандавошке ...  И према нет, нищеброд :)))  Мы их стату не увидим - Серб для них  Ru_Kreml  создал.",0
43052,"Лечение стоит денег
Я считаю, что за такие услуги, комфортное пребывание в стационаре, профессиональное, комплексное лечение, индивидуальный подход к пациенту, стоят того. Я вот лечилась у вас от алко зависимости и осталась довольна всем, а главное результатом. Хотя по началу раздражало все, но стремление вернуться к нормальной жизни, преодолело все.
",1
69294,"Плохое отношение и высокие цены
Была недавно в этом месте, совершенно ужасное отношение. Высокие цены. Если план лечения выбираешь не самый дорогой, то вообще начинают относиться как к нелюдям. Да и еще отвели меня на 4 этаж, а там врач отвел и предложил мимо кассы в полцены сделать.
",2
12546,"Небольшие, но новые и уютные номера. Учитывая центральное расположение и цену, отель оставляет хорошее впечатление. Рядом находится лучшая мюнхенская пивоварня HB и отличный торговый центр. Интересно интерьерное решение ванной комнаты. Неудобные подушки!!",0
43372,"Сложно добираться до моря, если нет своего транспорта.Отношение персонала тянет на 5! Очень дружелюбные и готовые прийти на помощь!Номера достаточно новые и симпатичные.Отель не пляжный, для остановки на пару ночь-идеальный вариант! Цена очень порадовала!",0
23705,"Шелестова и Бойкова
Неприятной оказалась встреча с УЗИ-диагностом Шелестовой М. Л. Попали мы к этому специалисту случайно (по неизвестной нам причине в регистратуре мы были посланы к ней, очевидно, из-за комиссии), и надо признаться, пожалели о своем визите. Врач несколько раз прерывала исследование, отвечая на телефонные звонки. Не желая тратить много времени на детальное рассмотрение имеющихся у плода пороков, доктор «округлила» патологии конечностей малыша (увидела двусторонние искривления, дабы не разбираться, справа или слева). Потом в кабинет была приглашена Бойкова Ю. В., как пояснила ей Шелестова: «Потому, что мне нужно две подписи». Хозяйской рукой более опытный и, очевидно, более высокий по рангу врач, отодвинула коллегу и принялась за осмотр. Слава Богу, обнаружился желудок плода, до этого ускользавший от глаза Шелестовой! Но суровое и неприветливое обращение осталось. «Опуститесь вниз! Не видите, мне приходится тянуться!» - грубо скомандовала Бойкова. Видимо, я должна тонко чувствовать докторов и предугадывать изменение положения своего тела для большего удобства каждого из них.
",2
35226,"Благодарность врачу
Подругу водила к своему гинекологу в Он-Клиник к Агаян Л. Г. У нее был нерегулярный цикл, бывало даже по пол года его не было. После тщательного обследования и целого ряда анализов ей назначили лечение, которое наладило цикл, теперь она готова к беременности.
",1
24785,"Это была наша первая поездка в Стамбул, и Aybar Hotel добавил хороших впечатлений! Мы останавливались на 4 ночи в улучшенном номере. Расположение отеля отличное, в пешей доступности все основные достопримечательности, рядом трамвайная остановка. До аэропорта Ататюрк можно добраться где-то за час. Район оживленный, много кафе, ресторанов и магазинчиков, но при этом сам отель находится на тихой улице. В отеле есть лифт. Номер достаточно просторный, чистый и светлый, в нем есть все необходимое. Уборка каждый день, с заменой полотенец и пополнением геля/шампуня и пакетиков чая/кофе. Кровати большие и удобные, подушки комфортные. С Wi-Fi проблем не было, сигнал устойчивый. Одно из достоинств отеля – его сотрудники. Все очень приветливые и отзывчивые, готовы помочь с решением любой проблемы, было приятно общаться с Дианой, она хорошо говорит по-русски. В общем, нам все понравилось, рекомендуем!",1
15609,"Сутрудникам урологии благодарность
Лежали с 16.12.14 по 23.12.14 в отделении хирургической урологии. Все понравилось, мед. персонал хороший! Особую благодарность хочу выразить Гусейнову Анар Яшаровичу, вы просто чудо, замечательный специалист, добрый, отзывчивый человек, вы излучаете позитив! Спасибо вам большое! Заведующий Абдулаев Фуад Кемаллович тоже очень замечательный человек!
",1
57108,"За вторым только к ним
Лежала в патологии на 4 этаже (за всю беременность 3 раза) у ГОШКО ИРИНЫ АНАТОЛЬЕВНЫ. Замечательный врач! Помогла мне, наконец-то, выносить ребеночка (до этого 3 берем. заканчились плачевно). От патологии впечатления самые наилучшие, уютно, хорошо кормят, нет ощущения ""богодельни"". Роды принимала тоже Ирина Анатольевна, родили за 4 часа замечательную дочу, за, что ей и акушерке (к сожалению не знаю ее имени), принимавшей у меня роды 06.05.2009. ОГРОМНОЕ СПАСИБО! Отдельное спасибо педиатору Юлии Михайловне. За вторым только к ним!
",1
11730,"такое ощущение, что человек не деньги зарабатывает, а работает на корпорацию. тоесть это не письмо бизнесмена, это письмо менеджера корпорации...  всё хорошо, да вот 1 проблема, население стареет, а рождаемость низкая, кто работать будет? молодые женщины рожают и им отказывают в приёме на работу, после 50 тоже неудобные, смертность среди мужчин очень высокая на протяжении всей жизни, так кто будет работать, не понимаю, это не стратегия кадровой политики - это бездарность:) сейчас во многих школах и лицеях преподают и менеджмент и основы экономики и основы кадровой политики, и любой школьник скажет, что это не перспективно:)  Вы не найдете на некоторые виды работ, требующих кропотливости, усидчивости, при небольшой зарплате, мужчин. Не найдете  кое-для каких работ толкового специалиста с опытом и знаниями, если ему меньше 50. Придется мириться, если на вашем предприятии есть такие рабочие места. Или бесконечно лопатить рынок труда, выискивая там молодых мужчин с нужными вам качествами, которые уйдут через полгода  в поисках лучших условий, потому что не выдержат, в первом случае, занудной малооплачиваемой работы, а во втором, посчитают себя слишком гениальными для предложенных им условий.  В Израиле послеродовой отпуск длится 3 месяца, еще три можно взять за свой счет с сохранением раб.места. Моя знакомая-аудитор вылетела на работу после одного месяца после родов, ее уже стали активно подисживать в фирме. В Штатах та же ситуация.",1
29143,"Один из лучших отелей сети Аккор, в которых я останавливался. Вероятно это связано с относительной новизной отеля. В холлах вкусно пахло ароматизатором, персонал был очень вежливый. Все привилегии, положенные мне в соответствии со статусом, были заранее сделаны - ни о чём дополнительно просить не пришлось. Завтрак не заказывал, но бар при отеле тоже достаточно неплох",1
2972,"Пошла знакомиться с госпожой Холмогоровой  Эк вас заносит-то, и не стыдно?:-((Сами себя позорите.  В Москве мужчин мало.В политике много.А там до госдумы до растёт.  Зачем конструктивная критика? Вам недостаточно написанного? Господин runo - совесть русского национализма, нервн национального самосознания, его белоснежный покров.  Давайте-давайте...Совок совка видит издалека.  Не совсем понимаю кто такие  совки . Каждый, кто употребляет этот термин, придаёт ему совершенно разные толкования. Согласно данному тексту, совком можно считать женщину, которая по внешним данным не дотягивает до фотомодели ( иначе зачем делать акцент на внешности Холмогоровой и выставлять старые фото), женщина, которая имеет собственное суждение отличное от мнения некой тусовки  интернет националистов .",1
22022,"Очень хороший отель, мы полностью всем довольны, счастливы что остановились именно здесь, самый центр, шаговая доступность к достопримечательностям, вкусная еда, прекрасное обслуживание, всё очень удобно и красиво. Спасибо за высшее качество, во всём!!!",1
7400,"В девяностых рыбы в реках больше было. Сейчас у многих уловы скромные.
",0
30020,"Мы работаем недалеко и постоянно там обедаем , отмечаем корпоративы и лично я праздники .  Этот ресторан наше любимое место , там на самом деле очень вкусно и порции не то что большие а здоровенные !!!! ТАК ЧТО НЕ ПЯТНАЙТЕ РЕПУТАЦИЮ НАШЕГО ЛЮБИМОГО МЕСТЕЧКА !!!! МЫ НЕ ПОЗВОЛИМ !!  ",2
67797,"Не сдавайте своих близких в ПСИХУШКУ
Люди, по возможности, не сдавайте своих близких в ПСИХУШКУ. Конкретно о 14. Моя МАМА (85 лет) находилась в 11 отд. Я не знаю, как в других ПСИХ больн., но по сравнению в отд. неврологии в обычных. чисто, нет характерного запаха, нет бабуль не ухоженных. Но у меня создалось, что их там обкалывают, они становятся ОВОЩАМИ!
",2
39012,"Уважения никакого
Был у 2-х врачей. Травматолог, Лущенко Сергей Владимирович. Врач отличный, если опаздывает, то предупреждает заранее. С проблемой разобрались (частичный разрыв плечевого соединения) все отлично. А вот гастроэнтеролог, Сажнева Юлия Вадимовна, ехала в будни из мск в область встала в пробку ( в 3 бала то) и ждал я ее более 1.5 часа, после чего ушел (записан на 12.15, пришел в 12 ушел в 13.40). Она даже не предупредила заранее. Т. е. нам самим пришлось идти и узнавать почему ее нет. Не знаю, может она и хороший специалист, но отношение к людям никакого, впрочем, как и у регистратуры, в которую, дозвониться, это выиграть в лотерею. Сам видел, как они специально поднимают трубку и сразу кладут. Если вы желаете, потратить деньги и кучу времени, то вам в Ангару.
",2
27742,"Мы с мужем случайно попали в ресторан "" Райский Уголок "" где нас так приятно встретили и очень вкусно накормили . порции очень большие и цены довольно таки приемлемые .  Желаю этому заведению побольше клиентов и перспектив в будущем особенно для влюбленных пар , так как у них очень романтическая обстановка .  Мы очень остались довольны этим рестораном и хотели бы поставить наивысшую оценку .  С благодарностью Урозова Елена и ее муж Мещеряков Никита .  ",2
15005,"Благодарность сотрудникам урологического отделения
Я хочу выразить огромную благодарность всем сотрудникам урологического отделения! Весь персонал просто очень замечательные люди! Хочу сказать ОГРОМНОЕ СПАСИБО Журавлевой Галине Аркадьевне, Вы - ВРАЧ с большой буквы! Также хочу сказать спасибо: Екатерине Владимировне, Андрею Андреевичу, Евгению Сергеевичу! И конечно же всем девочкам медсестрам: Ирине, Тане, Оле, Кристине, Юле, Лили, Альбине. Мы лежали в ноябре 2013, у нас диагноз (гидронефроз справа). Нам сделали операцию, все хорошо прошло. ОГРОМНОЕ ВАМ СПАСИБО за Вашу работу!
",1
5715," Цыплят по осени считают "" .  Давно хотела попробовать новое меню в этом ресторане , наконец удалось : заехали в субботу с мужем пообедать .  Хороший гардероб напротив входа со здоровающимся работником .  Табличка рядом "" повествует "" , что сейчас у них проходит неделя французской кухни .  Ого , это интересно !  Вдвойне воодушевлённые , направились в зал. Встречи нет .  Побродив по ресторану , выбрали стол в углу у камина : чуть ли не единственное место , где не сквозило .  Официантка принесла меню .  Ознакомившись , сделали заказ : я выбрала из предложений шеф - повара тёплый салат с утиной грудкой и соусом из маракуйи ( 299р ) , буйабес ( 399р ) .  На горячее - из предложений по французской кухне - домашний цыплёнок с апельсинами ( 399р ) , к нему бокал французского Пино Нуар 2007г . ( 190р ) .  Супруг заказал салат "" изысканный "" ( 319р ) , свиные рёбра в медовом соусе ( 499р ) .  Также заказали графин морса ( 196р ) , хлебную корзину ( 59р ) , эспрессо - мне ( 120р ) , капучино - мужу ( 140р ) .  Стали рассматривать интерьер .  Везде мыши .  Мне не очень понравилось .  Плюс очень тусклый свет .  Почему - то от него становится довольно тоскливо на душе , особенно в такое время года .  Публика - в основном молодёжь ( видимо , сказывается наличие рядом студенческого городка и филиала Публичной библиотеки ) .  Шумно , накурено .  Полное ощущение , что находишься в пивбаре , а не в ресторане .  Обслуживание .  Медленное и какое-то отстранённое . "" Накрытие "" пустого стола - через 20 минут , перед выносом первого блюда .  Салфетки - после нескольких просьб .  Хлебная корзина - только ко второму блюду .  Зубочистки - уже сами взяли на барной стойке , покидая ресторан .  Наблюдая обслуживание за соседним столом , поняла , что нам ещё повезло : пепельница на нём вообще не менялась .  Теперь о кухне .  Принесённый "" тёплый салат с утиной грудкой "" оказался абсолютно холодным и почти безвкусным .  Съела , посолив и поперчив .  Салат мужа оказался абсолютно рядовым и ничем не запомнился ( по-моему , какие-то наструганные овощи с сыром и ветчиной ) .  Принесённый мне далее буйабес был бы неплох , если бы не был сладким .  Цыплёнка по-французски не смогла есть : жареный цыплёнок ( а точнее , половинка ) , с очищенными дольками апельсинов и полукольцами красного лука , отдельно - соус типа аджики .  Сочетание апельсинов с луком вызвало полное неприятие блюда .  Супруг же своё горячее блюдо обозвал "" свиные кости с медовым соусом "" .  Было ощущение , что с рёбрышек перед приготовлением срезали мясо по максимуму , плюс на гарнир было пожарена примерно одна маленькая картофелина .  Не буду повторять слова , которыми он наградил повара за него .  Так что отданный ему цыплёнок пришёлся очень "" ко двору "" , хотя восторгов не вызвал .  Блюдо скорее в кавказском , чем французском , стиле .  Понравились морс , кофе и вино .  Расплатившись , покидали это место с уверенностью , что это наше первое и последнее посещение данного заведения .  Вывод .  Заведение больше подходит для посещения молодёжи : очень экономный вариант при заказе сырного фондю на девятерых и пива .  Авторская кухня пока очень слабая : блюда маленькие , среднего качества и с завышенными ценами .  P.S. Дома весь вечер "" крутило "" желудок , плюс много "" хорошего "" пришлось выслушивать от мужа по поводу моего выбора места для обеда .  ",0
22395,"Отличный и изысканный отель в очень удобном районе. До таксима можно пройти пешком. Номер чистый, светлый, большой и со вкусом обставленный. Вся мебель новая. Персонал хорошо говорит по-английски и очень добродушен. Пожалуй, лучший из отелей Стамбула, где мне довелось останавливаться.",1
9631,"Офигеть, не знал, что ремейк с Кейджем, надо заценить. Про Вторую мировую было у автора:
",0
20823,"роме того, вы мимоходно упоминаете  в рамках договора . Это значит, что в рамках УСТАНОВЛЕННЫХ договором отношений между нанимателем и работником. И в этом установленном договоре ОБЯЗАННОСТИ учитывать заявленные права нанимателя уже ПОДКРЕПЛЕНЫ согласием работника.Если в договоре НЕ содержится обязательств работника учитывать ЗАЯВЛЕННЫЕ права нанимателя, то и любое  оставление  или  новое заявление  прав нанимателя остается пустым звуком самого нанимателя, не оказывающего влияние на отношения с работником.Понимаете ли, что любые ПРАВА каждый индивидуй, хоть наниматель, хоть мечтатель, может придумать себе тыщу по сто раз на дню. Даже любой идиот или вообще не хомо сапиенс может придумать себе тыщу разнообразных прав самой вычурной конфигурации. Но лишь с того момента, когда оппонент принимает на себя обязанность по отношению к идиоту (даже без знания о правовых желаниях идиота), возникает не просто отношение между двумя индивидуями, возникает само общество, как система отношений, в которой кто-то соблюдает чьи-то права, выполняя СВОИ обязанности.   вы не волнуйтесь так сильно :)То, что права возникают из обязанностей, я в курсе и никак с этим не спорю",1
21749,"Отдыхали в мае 2014г. В отеле идет ремонт и все новое. Пока заселяют верхние этажи, 4-3. Но все чисто и аккуратно, Персонал вежливый и по русски не разговаривает, немного по английски, завтраки как и везде в Стамбуле однообразные. Рядом есть хамам и набережная, что и нужно. На улице тихо, хотя и проезжая часть рядом. Есть два супермаркета рядом . Так что все удобно и расположение хорошее, все рядом.",1
27974,"Решили поесть суши около дома .  В зале куда нас посадила хостес было очень холодно , на просьбу как то решить этот вопрос нам ответили что кондиционер не работает , а работает только вытяжка и сделать они ничего не могут .  Ресторан был заполнен меньше чем на треть , не смотря на это официантку пришлось ждать довольно долго .  Горячие блюда принесли еле теплые , роллы были подсушены , как будто они долго лежали .  От пивного бокала откололся кусочек стекла , когда мы обратили на это внимание официантки , даже не какого извинения от нее не последовало , молча забрала бокал и ушла .  ",2
8540,"С такой логикой можно дойти до оправдания уже и прямого развала страны - например, поздравит Путин лидеров нацрегионов с обретением независимости, а Фёдоров и тогда будет верещать о  Штирлице, которому виднее ...То есть, патриотические слова Фёдорова расходятся с его делами.По Путину:1. Собянин стал независимым от Путина мэром Москвы. Ранее Собянин тесно сотрудничал с  Альфа-Групп , которая финансировала антипутинское Болото. При этом Собянин заигрывает с антипутинцем Навальным.2. В Ярославле Немцов стал депутатом думы, а в Екатеринбурге ставленник Прохорова Ройзман стал мэром.3. Лидер антипутинского Болота Навальный выходит на федеральный уровень - с помощью кремлёвских либералов.4. Лидеры антипутинского Болота приглашены на Валдай.5. Либерал Голикова назначена руководителем Счётной Палаты.6. Либерал Кудрин назначен на важный пост в Сбербанке.7. Человек Чубайса А. Фёдоров назначен управлять кадрами в администрации президента: ключевая должность.8. Сурков, стоявший за организацией Болота - вернулся во власть.И всё это - только за последний месяц! Ничего подобного с патриотами не наблюдается. Происходит открытая смычка (до этого тайная) кремлёвских и уличных либералов.Путин уступает позиции во внутренней политике.",0
3631,"А мне последнее время очень нравится бывать в этом месте .  Во-первых , на свежем воздухе , во-вторых , вкусно , в-третьих , меню подходит всем друзьям .  Кто хочет роллы есть , кто хочет хачапури заказывает , ну а кто-то цезарь ест .  Обслуживание тоже хорошее .  ",1
4082,"Отель находится на Ул Феран, всегда многолюдной и оживленной, рядом Рамбла и рынок Бокерия. До моря можно дойти не спеша через готический квартал за двадцать минут, так же до набережной и памятнику Колумбу. В десяти минутах площадь каталонии. В общем очень удобно для прогулок по Барселоне. Напротив есть неплохая пицирия за 3 евро приличный кусок пиццы. Всевозможные ресторанчики и забегаловки, в общем соблазна в еде придостаточно. Сам отель достаточно большой, на рецепшн приветливый англоговорящий персонал. В номерах чисто, уборка каждый день. Wi-Fi платный 2 евро в час, выгоднее брать шести или девяти часовой тариф. Если не хочется платить, то можно пройтись до до площади Жениралитета, минута ходьбы, там есть сеть Pans &со ( что то типо макдональдса с сабвеем, но на испанский манер) там wi fi бесплатный, с приемлемой скоростью. Завтраки однообразные и прямо скажу к пятому дню начинают надоедать : не очень вкусные колбаски, приторный сок. Есть хлопья, фрукты, йогурт , вкусные тосты, три вида джема, сыр, колбаса, яйца. Кофе из автомата, бала на три, пару раз было мясо, похожее на нашу тушенку , но все это скрашивает впечатление о Барсе, так что если вам нужно море и впечатления+ шопинг, вам определенно понравится. ",0
27570,"Monaco это отель среднего класса, с очень маленьким вестибюлем и небольшими комнатами, обслуживание среднее, питание такое жемкак и везде. Единственно хорошее расположение аозле торговых магазинов, для шопников это удобно.",0
24814,"ли даже того же Зубкова и поставят вновь.   а разве среди всех вышеназванных есть те кто имеет свое мнение, отличное от мнения своих хозяев. а если в фамилии этой дамы переставить буквы  б  и  и  то она будет соответствовать должности председателя цб  что характерно, ярика кузьминова сволочью кличут даже патентованные либералы  Точно. NTERFAX.RU - Помощник президента РФ Эльвира Набиуллина предлагается на пост председателя Центрального банка России.  Я намерен предложить кандидатуру Эльвиры Набиуллиной на пост председателя Центрального банка Российской Федерации , - сказал президент на встрече с нынешним главой ЦБ Сергеем Игнатьевым и Набиуллиной.  Путин не либерал. Либералы - Немцов и кошерная компания - не считают его за своего.  Нет, некоторые все еще верят, что он не кретин, и что он чем-то управляет",0
21924,"Вполне нормально
Была всего 3 раза, у Голубевой. Не знаю, со мной она очень вежливо разговаривала, на вопросы все ответила, мне даже понравилась. В регистратуре тоже никто не хамил, вполне культурно, карту быстро завели и сразу к доктору. Ремонта конечно, очень требует, ну, думаю, сделают постепенно. А вообще, читаю тех, кто сильно ругается и думаю, вы куда идете-то, это же просто бесплатная ЖК, тут на ваши выкрутасы улыбаться никто не будет. Хотите уси-пуси, идите в платную клинику, а здесь только по делу.
",1
14098,"А у тебя ситуация хуже. Правильно говоришь, что главный укол в мозгах. Пока не примешь решения, то и не перестанешь бухать.   (Посмеиваясь)Как алкоголик со стажем в 15 лет я не понимаю ваших проблем.У вас с мозгом видать что-то не так.Не пить ни капли - это своего вида извращение для слабых людей.  подписался под каждым словом  эти кодировки не действуют Вообще, стоит чуть интернет копнуть, чтобы это узнать. Просто сам не пьешь и все.  да уж...твой последний запой произвел на меня неизгладимое впечатлениекак там таня?жива ли ишшо?  Все мои друганы, кто кодировался, все равно подбирали код и все повторялось, только в гораздо больших масштабах)) и и с более тяжелыми последствиями)) по мне, так лучше пить постоянно, но знать свой предел выпитого))  в мемориз  -  уверяю вас, что пьющий человек не сможет бросить пить до тех пор, пока состояние опьянения нравится ему больше скучного трезвого бытия.",1
42463,"Единственный минус- неудобная дорога до самой гостиницы. Нет пешеходного перехода и приходится бежать по трамвайным путям. Душ чистый, кровать удобная, спутниковый тв, вежливый персонал и вкусный ресторан в пристройке.Обязательно приеду ещё.",0
7288,"Новым директором Департамента внешнеэкономического сотрудничества Министерства по инвестициям и развитию Республики Казахстан стал Ален Даулетов. О его назначении написал директор департамента индустрии туризма Марат Игали в Facebook, передает zakon.kz   ""Поздравляю Ален Даулетов с назначением на должность директора Департамента внешнеэкономического сотрудничества Министерства по инвестициям и развитию Республики Казахстан. Кутты болсын!"", - написал М.Игали.   >     А.Даулетов родился 12 апреля 1985 года. В 2008 году закончил Казахский Национальный университет им. аль-Фараби по специальности международные отношения. С февраля 2010 года работает в Министерстве по инвестициям и развитию РК. Последняя должность - заместитель директора Департамента внешнеэкономического сотрудничества.   Фото: rabotnikitv.com ",0
51265,"Складывается мнение
Работа ДГП № 76 заметно ухудшилась с приходом на должность главного врача. Куда смотрит департамент Здравоохранения. Почему на должности главных врачей назначают людей психически не здоровых и абсолютно не компетентных. И не смотря на многочисленные жалобы персонала ДГП № 76 и населения не снимают его с должности. Складывается мнение, что это связано с коррупцией в Департаменте Здравоохранения САО.
",2
36960,"В брони был указан адрес, по которому мы приехали в 2 часа ночи на такси из аэропорта. Основной вход оказался закрыт. С чемоданами искали вход, оказался со двора... зашли, преодолевая ступени вверх и вниз с тяжелыми чемоданами. Внутри никого. Позвала - никого, поиграла на пианино - никого. Зашла на территорию ресепшен, где-то внутри нашла охранника и т.д. Оформили нас быстро,но оказалось, что жить мы будем не тут,а надо со всеми чемоданами идти в другой корпус. Проводить и помочь нам отказались и мы, т.е. я опять тягала чемоданы и тащила их в другое строение. там тоже были какие-то ступеньки, но меньше. После этого фраза охранника про ""Попробуйте подняться на 3 этаж, может там ваш номер"" уже была такой мелочью... В номере был очень грязный ковролин, старая ванна, кафель и унитаз, новый кран и странный запах, но чистое и новое белье и полотенца. странное сочетание. но для одной ночи в 3 (уже было 3) часа - пережить можно.Есть и плюсы))) Очень понравился завтрак, ну и мы с дочкой хотели на ВДНХ погулять - рядом",2
60260,"Спасибо за вашу работу
Хочу поблагодарить врачей, которые всё же добираются до пациентов и оказывают им помощь, за то, что у них в разгаре смены ещё остаются силы улыбаться и поднимать настроение пациентам, подбадривать и поддерживать их. Спасибо!
",1
65940,"Профессионалы
В один прекрасный день выпала пломба, установленная в поликлинике по месту жительства. В панике стали искать, где лечить. Объездили весь Королев, везде цены высокие, да и врачи какие-то ушлые. Отчаявшись, решили поехать в Москву. По дороге нам на глаза попалась вывеска очередной стоматологической клиники. Решили зайти и не пожалели. Вежливый и профессиональный коллектив. Без развода на деньги, что приятно удивило. Цены средние. Нам там так сильно понравилось, что теперь ездим только туда. Так что советую это клинику.
",1
24821,"Очень милое и уютное местечко , обстановочка приятная и не очень шумно .  Правда обслуживание прихрамывает , но терпимо .  Кормят вкусно и по деньгам хорошо .  Короче вечер провести можно иногда .  ",2
4242,"Нурсултан Назарбаев обозначил приоритеты третьей модернизации Республики Казахстан, сообщает ИнформБюро.   31 января 2017 года Нурсултан Назарбаев обратился к народу Казахстана с Посланием «Третья модернизация Казахстана: глобальная конкурентоспособность». Приводим полный текст Послания.   «Уважаемые казахстанцы! В преддверии новой эпохи я обращаюсь с Посланием к народу Казахстана. Страна с честью прошла свой 25-летний этап развития. Мы гордимся своей страной. В рамках празднования 25-летия Независимости мы отметили достижения и успехи Казахстана. Они хорошо известны и высоко оцениваются мировым сообществом. С начала 2017 года Казахстан стал непостоянным членом Совета Безопасности ООН.   В этом году в Астане пройдёт международная выставка «ЭКСПО-2017». Мы первыми среди стран СНГ и Центральной Азии проводим столь значимое мероприятие мирового масштаба.   В Алматы стартовали спортивные состязания в рамках Универсиады-2017, в которой принимают участие более 2 000 спортсменов и членов делегаций из 57 государств.   Всё это является результатом правильного политического пути и высокого авторитета Казахстана на международной арене.   Казахстан должен войти в число 30 развитых государств мира к 2050 году. Мы уверенно идём к этой цели.   В условиях роста конкуренции и отсутствия стабильности в мире возрастает актуальность предложенной мной народу в 2012 году Стратегии-2050. Мы сумели своевременно предвидеть предстоящие сложности.   Благодаря экономической политике «Нұрлы Жол» и Плану нации «100 конкретных шагов» мы достойно проходим первоначальный этап сложной глобальной трансформации. Только в 2014–2016 годах на поддержку экономики нами дополнительно было выделено 1,7 триллиона тенге. Все это предоставило возможность для экономического роста и поддержки бизнеса, создания свыше 200 тысяч новых рабочих мест.   В результате в 2016 году обеспечен рост внутренней валовой продукции на 1%. Это особенно важно в нынешних сложных условиях. Ситуация в мире динамично меняется. Это новая глобальная реальность, и мы должны её принять.   Уважаемые соотечественники! Только те народы, которым удастся опередить будущее и решительно пойти навстречу вызовам, а не стоять и ждать, окажутся победителями.   В мире началась очередная, уже Четвёртая промышленная революция.   Повсеместная цифровизация экономики приведёт к исчезновению целых отраслей и созданию принципиально новых. Великие перемены, происходящие на наших глазах – это одновременно исторический вызов и шанс для нации.   Сегодня я ставлю задачу обеспечить реализацию Третьей модернизации Казахстана. Необходимо создать новую модель экономического роста, которая обеспечит глобальную конкурентоспособность страны.   В настоящее время многие страны пытаются решить такую же задачу. Уверен, рецепты перехода к новой модели роста везде будут разными. Мы же должны исходить из наших сильных сторон и не растерять потенциал, который вместе создали за 25 лет нашей Независимости.   Мы все помним Первую модернизацию Казахстана. Помним, как начали свой путь четверть века назад на руинах СССР. Тогда наше поколение с фундамента создало новое государство, которого не было на карте мира.   Был осуществлён переход от плановой экономики к рыночной. Для меня принципиально важно, что мы вместе тогда удержали страну от потрясений, гражданской войны и экономической разрухи. Казахстан вышел из того периода с минимальными потерями и наибольшими приобретениями.   Вторая модернизация началась с принятия Стратегии-2030 и создания новой столицы Астаны. Её результаты бесспорны. Страна вырвалась из зоны экономического отставания и вошла в число 50 конкурентоспособных экономик мира.   Две успешные модернизации дали нам бесценный опыт. Теперь мы должны смело шагнуть вперёд и начать Третью модернизацию.   Эта модернизация – не план борьбы с текущими глобальными вызовами, а надёжный мост в будущее, навстречу целям Стратегии-2050. Она будет проводиться на базе Плана нации «100 конкретных шагов».   Я вижу её пять основных приоритетов. Они призваны обеспечить темпы роста экономики выше среднемировых и устойчивое продвижение в число 30 передовых стран.   Первый приоритет – это ускоренная технологическая модернизация экономики.   Мы должны культивировать новые индустрии, которые создаются с применением цифровых технологий. Это важная комплексная задача.   Необходимо развивать в стране такие перспективные отрасли, как 3D-принтинг, онлайн-торговля, мобильный банкинг, цифровые сервисы, в том числе в здравоохранении и образовании, и другие. Эти индустрии уже поменяли структуру экономик развитых стран и придали новое качество традиционным отраслям.   В связи с этим поручаю Правительству разработать и принять отдельную программу «Цифровой Казахстан».   Следует адаптировать наше законодательство под новые реалии.   Также важно обеспечить развитие коммуникаций, повсеместный доступ к оптоволоконной инфраструктуре. Развитие цифровой индустрии обеспечит импульс всем другим отраслям. Поэтому вопрос развития IT-сферы Правительство должно держать на особом контроле.   Важным условием становления новых индустрий является поддержка инноваций и быстрое внедрение их в производство.   Поручаю Правительству создать на базе одного из объектов ЭКСПО-2017 международный технопарк IT-стартапов. Он должен стать платформой для привлечения предпринимателей и инвесторов со всего мира. Для этого необходима соответствующая инфраструктура и благоприятные условия, включая налоговые льготы, упрощенные визовый и трудовой режимы.   Мы также должны развивать свой научный и инновационный потенциал на базе вузов, Назарбаев Университета и ПИТ «Алатау».   Вторая комплексная задача. Параллельно с созданием новых индустрий нам следует придать импульс развитию традиционных базовых отраслей.   Это промышленность, АПК, транспорт и логистика, строительный сектор и другие.   Первое. Важно существенно повысить производительность труда.   Основным фактором здесь должно стать повсеместное внедрение элементов Четвертой промышленной революции. Это автоматизация, роботизация, искусственный интеллект, обмен «большими данными» и другие.   Поручаю Правительству совместно с бизнесом разработать комплекс мер технологического перевооружения базовых отраслей до 2025 года.   Второе. Необходимо продолжить индустриализацию с упором на развитие конкурентоспособных экспортных производств в приоритетных отраслях.   Перед Правительством уже стоит задача по увеличению несырьевого экспорта в два раза к 2025 году.   Для активизации работ в этом направлении необходимо сконцентрировать инструменты развития и продвижения экспорта в одном ведомстве. Поддержку экспортёрам нужно оказывать по принципу «одного окна», в том числе и в регионах.   Поручаю создать при Правительстве Совет по экспортной политике. В него должны войти представители бизнес-сообщества.   До 1 сентября текущего года Правительству совместно с акимами и бизнесом необходимо разработать единую экспортную стратегию.   Казахстану нужно сохранить лидерство по привлечению иностранных инвестиций. Важную роль в привлечении финансовых ресурсов в экономику страны должен играть Международный финансовый центр «Астана».   Нам следует встраиваться в глобальные цепочки производства и сбыта товаров и услуг. Это нужно делать прежде всего за счет привлечения транснациональных компаний.   Необходимо эффективно реализовать совместную с Китаем инвестиционную программу по созданию производств в Казахстане. Договорённости с китайской стороной достигнуты. Объекты обозначены. Нужно конкретно работать.   Это будут современные производства с созданием порядка 20 тысяч новых рабочих мест для казахстанцев. На сегодня начата реализация шести проектов, а два проекта уже запущены. Один из них – завод по крупноузловой сборке гибридных и полностью электрических автомобилей JAC.   Поручаю проработать вопрос дальнейшего развития производства электромобилей с экспортной ориентацией, предусмотрев создание необходимой инфраструктуры.   В целом у Казахстана должна быть своя инвестиционная стратегия. Правительству нужно подготовить ее до 1 сентября текущего года.   Необходимо обеспечить защиту и продвижение национальных экономических интересов в рамках международного сотрудничества. Это касается прежде всего работы внутри ЕАЭС, ШОС, сопряжения с Экономическим поясом Шелкового пути. Для чего следует перестроить и активизировать работу экономической дипломатии.   Третье. Горно-металлургический и нефтегазовый комплексы страны должны сохранить свое стратегическое значение для устойчивости экономического роста.   В условиях замедления мирового спроса нужно выходить на новые рынки и расширять географию поставок. Большое внимание должно быть уделено расширению минерально-сырьевой базы. Необходимо активное проведение геологоразведки.   Дальнейшее развитие этих отраслей должно быть жёстко увязано с углублением комплексной переработки сырья.   Поручаю до конца года обеспечить принятие нового Кодекса о недрах и внесение необходимых поправок в налоговое законодательство.   *****   Четвёртое. Аграрный сектор должен стать новым драйвером экономики.   Агропромышленный комплекс Казахстана имеет перспективное будущее. По многим позициям мы можем быть одними из крупнейших в мире производителей аграрной экспортной продукции. Особенно по производству экологически чистых продуктов питания. Бренд made in Kazakhstan должен стать эталоном такой продукции.   Вместе с тем мы должны стать так называемой «хлебной корзиной» по производству зерна на всем евразийском континенте. Нам необходимо обеспечить переход от сырьевого производства к выпуску качественной, переработанной продукции. Только тогда мы сможем конкурировать на международных рынках.   В связи с этим Правительству и акимам поручаю следующее:   Поручаю обеспечить увеличение экспорта продовольственных товаров на 40% к 2021 году путем диверсификации производства сельскохозяйственной продукции.   Эти задачи должны быть реализованы в рамках новой государственной программы развития агропромышленного комплекса.   *****   Пятое. Развитие новой евразийской логистической инфраструктуры является одним из важных приоритетов.   Уже вложены значительные инвестиции. Сейчас необходимо получать от них экономическую отдачу.   Поручаю Правительству к 2020 году обеспечить увеличение годового объема транзитных перевозок:   – в 7 раз для грузов, перевозимых контейнерами – до 2 миллионов контейнеров;   – в 4 раза для пассажирских перевозок воздушным транспортом – до 1,6 миллиона транзитных пассажиров.   Необходимо повысить доходы от транзитных перевозок в 5,5 раза – до 4 миллиардов долларов в год.   В 2015 году я инициировал программу инфраструктурного развития «Нұрлы Жол». За прошедшие два года программа себя полностью оправдала.   В текущем году будет охвачено работами по строительству и реконструкции 4 400 километров автодорог республиканского значения. Из них до конца года будет введено не менее 600 километров с поэтапным внедрением платности.   Для полного раскрытия транспортного и транзитного потенциала страны нужна координация с соседними странами. Необходимо обеспечить свободу транзита грузов, создание и модернизацию транспортных коридоров. Особое внимание нужно уделить управлению транспортной инфраструктурой, повышению уровня сервиса и устранению административных барьеров.   В связи с увеличением объёмов перевозок по Транскаспийскому коридору необходимо приступить к реализации второй фазы строительства порта Курык – автомобильного перехода.   Шестое. Процессы урбанизации обуславливают необходимость развития строительного сектора. Он должен стать полноценным драйвером отечественной экономики.   Важно не забывать, что, инвестируя в строительство дорог, домов и другой инфраструктуры, мы определяем физический и технологический облик наших городов на много лет вперед. Поэтому важно обеспечить трансферт новейших технологий как в строительство, так и в производство стройматериалов. Для этого у нас сейчас имеются хорошие возможности.   По моему поручению с этого года начинается реализация жилищной программы «Нұрлы Жер». Она направлена на решение важнейшей задачи – обеспечить жильем 1,5 миллиона семей в предстоящие 15 лет.   В программе заложены комплексные меры развития рынка жилья. Это удешевление для застройщиков банковских кредитов за счёт предоставления государством субсидий через АО «Даму». Будет производиться субсидирование ипотечных кредитов для населения, выдаваемых банками, через АО «Казахстанская Ипотечная Компания». Продолжится строительство кредитного жилья акиматами для вкладчиков Жилстройсбербанка. На это будут повторно использованы ранее выделенные средства по «револьверному» принципу.   Для социально уязвимых слоев населения акиматы продолжат развивать арендное жилье без права выкупа. Для массового жилищного строительства акимы должны выделить соответствующие земельные участки.   Мы будем стремиться к тому, чтобы строительство индивидуальных домов в городах осуществлялось в едином архитектурном стиле. Для этого государство будет помогать необходимой инфраструктурой.   Правительству совместно с акимами нужно принять меры по развитию транспортного сообщения больших городов с ближайшими населенными пунктами.   Третья комплексная задача – это модернизация рынка труда.   С внедрением новых технологий в традиционных отраслях будут высвобождаться трудовые ресурсы. Вместе с тем создание и развитие новых индустрий должно стать дополнительным источником занятости и роста реальных доходов граждан.   Поручаю Правительству и акимам создать условия для управляемого перетока работников в другие сферы.   Нашим крупным предприятиям нужно совместно с акиматами разработать соответствующие «дорожные карты». В них необходимо предусмотреть совместное инвестирование в переподготовку сокращаемых работников и их дальнейшее трудоустройство. Нужно обеспечить поддержку процессов мобильности рабочей силы из трудоизбыточных регионов, а также из сел в города.   Правительству следует реформировать центры занятости и создать единую онлайн-платформу по всем вакантным рабочим местам и всем населенным пунктам.   Второй приоритет – кардинальное улучшение и расширение бизнес-среды.   Одной из наших стратегических целей является обеспечение к 2050 году вклада малого и среднего бизнеса в ВВП страны не менее 50%.   Амбициозная, но достижимая цель. Для ее решения на данном этапе необходимо следующее.   Первое. По моему поручению Правительство с этого года приступило к реализации Программы продуктивной занятости и развития массового предпринимательства.   Теперь граждане Казахстана на селе или в городе могут получить микрокредит до 16 миллионов тенге для своего бизнеса.   Важно расширять географию микрокредитования, активно использовать инструменты гарантирования и сервисной поддержки предпринимателей. Эти меры необходимо сопровождать организацией обучения бизнесу и финансовой грамотности.   Нужно дальше совершенствовать инструменты поддержки массового предпринимательства. Каждый регион Казахстана должен предложить комплекс мер по развитию массового, в том числе семейного предпринимательства.   Количество созданных новых рабочих мест, как и ранее, один из ключевых критериев оценки эффективности деятельности Правительства и акимов.   Второе. Правительству совместно с Национальной палатой предпринимателей «Атамекен» необходимо принять меры по фронтальному снижению всех видов издержек для бизнеса. Особенно это касается стоимости услуг в энергетике, транспорте и логистике, а также в ЖКХ.   Процессы оказания государственных услуг должны быть максимально оптимизированы. Необходимо сократить сроки и перечень документов, исключить дублирующиеся процедуры. При этом нужно перевести их оказание полностью в электронный формат, без обязательного физического присутствия.   Кроме того, существующая регулятивная нагрузка на бизнес несовместима с задачей создания новой модели роста.   Перед Правительством и акимами ставлю задачу – разработать к 1 июля текущего года системные меры по дерегулированию бизнеса.   Нужно внедрять лучшие стандарты и практики развитых стран. Особенно важно эту работу провести на региональном уровне.   Акимам совместно с Правительством необходимо разработать детальные планы по улучшению условий для ведения бизнеса в регионах на основе рейтинга Всемирного банка.   Необходимо ввести в стране рейтинг регионов и городов по легкости ведения бизнеса. Для лучших мы учредим специальную премию. Вручать ее будем раз в год, в День индустриализации.   Третье. Новый импульс экономическому росту должно дать снижение доли государства в экономике до 15% в ВВП, до уровня стран ОЭСР.   Ранее был определен перечень из порядка 800 предприятий для приватизации до 2020 года. Работа здесь ведется.   Поручаю Правительству ускорить и завершить приватизацию предприятий из этого перечня до конца 2018 года.   Надо также ускорить подготовку и выход крупнейших наших компаний на IPO. Внедрение принципов Yellow Pages позволило сократить виды деятельности для государства в экономике на 47% (с 652 до 346).   Следующим этапом необходимо до 2020 года передать в частный сектор либо ликвидировать все предприятия и организации госсобственности, не отвечающие этим принципам. А это несколько тысяч предприятий.   Практика, когда мы создавали юридические лица под каждую программу или поручение, должна быть прекращена.   Нужно обеспечить прозрачность и эффективность приватизации. Также надо пересмотреть роль государственных холдингов.   Поручаю Правительству обеспечить качественную трансформацию холдинга «Самрук-Казына». Необходимо провести полную ревизию и оптимизацию как управленческих, так и производственных бизнес-процессов. В итоге он должен стать высокоэффективным, компактным и профессиональным. Качество менеджмента и корпоративного управления нужно подтянуть до международного уровня.   Необходимо четко определиться, что оставить за государством, в каких важных секторах и с какой степенью участия.   За государством нужно оставить естественные монополии и реализацию стратегически важных проектов, в том числе с участием ТНК. Эти проекты должны давать мультипликативный эффект.   Реорганизации необходимо подвергнуть и холдинги «Байтерек» и «КазАгро». Они должны быть операторами по реализации государственных программ развития. При этом их функции надо оптимизировать. Все, что может осуществляться частным сектором, нужно передать бизнесу.   Также им следует заниматься привлечением фондирования из негосударственных источников на реализацию программ.   Четвертое. Большой потенциал для развития предпринимательства дает расширение государственно-частного партнерства. Речь идет о передаче ряда госуслуг бизнесу.   У нас уже есть хорошие результаты по их привлечению в дошкольном образовании. Если за предыдущие 3 года государство построило 189 детских садов на 40 тысяч мест, то частный сектор открыл их более 1 300 на 100 тысяч мест. Больше всего открыто частных садов в Южно-Казахстанской (397), Алматинской (221), Кызылординской (181) областях.   Для меня пример ГЧП в этом секторе принципиально важен. Он показывает, как государство и бизнес совместно решают одну из главнейших общенациональных задач – стопроцентно охватить детей 3–6 лет дошкольным образованием к 2020 году.   Развитие ГЧП зависит от конкретной и профессиональной работы акимов.   Для привлечения частного капитала нужно использовать все возможные виды и формы ГЧП: доверительное управление госимуществом, сервисные контракты и другие. При этом следует максимально упростить и ускорить все процедуры согласования, особенно в отношении небольших проектов.   ГЧП должно стать основным механизмом развития инфраструктуры, в том числе социальной.   Для модернизации объектов ЖКХ необходимо их передавать в управление или концессию с возможной дальнейшей приватизацией. Правительству хватит топтаться на месте. Нужно активизироваться в этом направлении.   Пятое. Важно не допускать ценовых и тарифных сговоров.   Поручаю Правительству совместно с НПП «Атамекен» провести «ревизию» всего законодательства на предмет выявления норм, препятствующих конкуренции.   Третий приоритет – макроэкономическая стабильность.   Ключевой задачей здесь является восстановление стимулирующей роли денежно-кредитной политики и привлечение частного капитала в финансирование экономики.   Первое. Сегодня перед Национальным банком стоит важная задача по развитию режима инфляционного таргетирования. Необходимо добиться поэтапного снижения уровня инфляции до 3–4% в среднесрочном периоде.   Второе. Нужна «перезагрузка» финансового сектора страны.   Поручаю Национальному банку выработать комплекс мер по оздоровлению банковского сектора.   Необходимо ускорить работу по расчистке балансов банков от «плохих кредитов» и при необходимости обеспечить их докапитализацию со стороны акционеров. Национальному банку нужно дать больше прав для оперативного контроля за состоянием банков. Он должен перейти от формализованного подхода к риск-ориентированному, чтобы принимать меры воздействия к банкам, не дожидаясь формального нарушения с их стороны.   Также необходимо усилить ответственность аудиторских компаний, обеспечить прозрачность акционеров и в целом улучшить корпоративное управление. Все это надо закрепить на законодательном уровне.   В целях решения проблем нехватки денег в экономике и высоких ставок по кредитам поручаю Национальному банку и Правительству принять комплекс мер по обеспечению доступного средне — и долгосрочного фондирования в тенге.   Национальный банк должен отвечать не только за инфляцию, но и совместно с Правительством за рост экономики.   Третье. Дальнейшее развитие фондового рынка.   Приватизация должна дать импульс его развитию. Необходимо разместить на нем акции компаний фонда «Самрук-Казына», о чём я говорил выше. Нужно дальше расширять возможности для населения инвестировать свои сбережения прежде всего в различные виды ценных бумаг.   В конце 2016 года мы завершили акцию по легализации. В ней приняли участие свыше 140 тысяч граждан нашей страны. Всего легализовано 5,7 триллиона тенге, из них в виде денег – 4,1 триллиона тенге.   Задача Правительства – чтобы эти средства работали на экономику, в том числе через участие в приватизации. При этом также необходимо проработать вопросы субсидирования облигационных выпусков частных казахстанских предприятий.   Поручаю Правительству совместно с Национальным банком принять меры, направленные на активизацию отечественного фондового рынка.   Другой ключевой задачей является приведение налогово-бюджетной политики к новым экономическим реалиям.   Первое. Следует кардинально повысить эффективность бюджетных расходов.   В 2017 году мы полностью обеспечили необходимыми ресурсами государственные программы развития. Нужно проверить эффективность использования средств министерствами и ведомствами.   Необходимо начать с министерств труда и социальной защиты населения, здравоохранения, образования и науки, на которые приходится более 40% республиканского бюджета. По итогам доложить мне.   Следует перераспределить средства с неэффективных программ на программы, обеспечивающие реализацию задач Третьей модернизации. Кроме того, нужно упростить бюджетные процедуры для более быстрого и эффективного доведения средств до реальной экономики.   Нам нужно продолжить политику фискальной децентрализации. В предыдущие годы с центрального на местный уровень передано большое количество функций и полномочий. Теперь их нужно подкрепить достаточной финансовой самостоятельностью. В то же время важно не допустить концентрацию расходных полномочий на областном уровне. Следует передавать их дальше на районный и сельский уровни. Акимы должны решать вопросы регионального и местного значения, а Правительство – сконцентрироваться на общегосударственных вопросах.   Второе. Необходимо более рационально относиться к использованию средств Национального фонда.   Размер гарантированного трансферта из Нацфонда должен быть поэтапно сокращен до 2 триллионов тенге к 2020 году.   Налоговую политику нужно нацелить на стимулирование выхода бизнеса из «тени» и расширение налоговой базы в несырьевом секторе. Важно провести оптимизацию действующих налоговых льгот. Необходимо по-новому рассмотреть специальные налоговые режимы в преддверии всеобщего декларирования.   Требуют улучшения механизмы налогового администрирования. Прежде всего это касается взимания налога на добавленную стоимость.   Третье. Правительству необходимо выстроить систему мониторинга и контроля за внешними и внутренними займами квазигосударственного сектора и навести здесь порядок.   *****   Четвёртый приоритет – улучшение качества человеческого капитала.   Первое. Прежде всего должна измениться роль системы образования. Наша задача – сделать образование центральным звеном новой модели экономического роста. Учебные программы необходимо нацелить на развитие способностей критического мышления и навыков самостоятельного поиска информации.   Наряду с этим нужно уделить большое внимание формированию IT-знаний, финансовой грамотности и воспитанию патриотизма молодежи. Необходимо сократить разрыв в качестве образования между городскими и сельскими школами.   Поручаю Правительству представить соответствующие предложения.   По вопросу поэтапного перехода на трехъязычное образование.   Казахский язык сохранит свою доминирующую позицию. Большое внимание будет уделяться его дальнейшему развитию. Вместе с тем сегодня английский язык является языком новых технологий, новых производств, новой экономики. В настоящее время 90% информации создается в мире на английском языке. Каждые два года ее объем увеличивается в два раза. Без овладения английским языком Казахстан не достигнет общенационального прогресса.   Начиная с 2019 года обучение по некоторым предметам в 10–11-х классах будет проходить на английском языке. Необходимо тщательно рассмотреть этот вопрос и принять по нему разумное решение.   Уровень школ и учителей в городах и селах существенно различается. Актуальна также проблема дефицита квалифицированных педагогов. Поэтому, учитывая все эти аспекты, необходимо внедрять английский язык поэтапно.   Поручаю представить соответствующие предложения.   С этого года по моей инициативе начинается реализация проекта «Бесплатное профессионально-техническое образование для всех».   В первую очередь бесплатное образование должно охватить безработную и самозанятую молодежь, а также людей трудоспособного возраста, не имеющих профессионального образования. Нужно дать импульс развитию системы профессионального образования для подготовки специалистов новых производств в рамках обозначенной экономики.   В этих целях необходимо обновление профессиональных стандартов в соответствии с требованиями рынка труда и передовым мировым опытом обучения на производстве.   Наряду с этим будет уделено особое внимание качеству системы высшего образования. Следует усилить контроль и требования в отношении кадрового состава высших учебных заведений, уровня их материально-технического обеспечения и образовательных программ.   *****   Второе. Наряду с системой образования должна измениться и система здравоохранения.   С 1 июля текущего года начнет внедряться система обязательного социального медицинского страхования, основанная на солидарной ответственности государства, работодателей и граждан. Эффективность этой системы доказана мировой практикой.   Участникам системы медстрахования будет предоставляться широкий спектр медицинских услуг. Участие в ней социально уязвимых слоев населения будет поддерживаться государством.   Правительству нужно обеспечить необходимую информатизацию здравоохранения. Для развития конкуренции частным медицинским организациям следует предоставить в системе ОСМС равные условия.   Поручаю Правительству и акимам провести широкую информационно-разъяснительную работу.   Необходимо также законодательно ввести регулирование цен на все лекарственные средства.   Третье. В сфере социального обеспечения.   По моему поручению с 1 июля 2017 года будут повышены пенсии для 2,1 миллиона пенсионеров до 20% к уровню 2016 года.   Кроме того, с 1 июля 2018 года назначение базовой пенсии будет осуществляться по новой методике. Ее размер будет зависеть от стажа участия в пенсионной системе.   Все эти меры в 2018 году обеспечат увеличение в 1,8 раза нового размера базовой пенсии по сравнению с 2017 годом.   Ежегодно в стране рождается порядка 400 тысяч детей, что выше уровня 1999 года почти в два раза. Такую хорошую тенденцию надо и далее поддерживать.   По моему поручению с 1 июля 2017 года будут увеличены размеры единовременного пособия на рождение на 20%.   Необходимо пересмотреть также прожиточный минимум. Он должен соответствовать реальным потребительским расходам казахстанцев. Это позволит с 1 января 2018 года повысить для 3 миллионов человек размеры базовых пенсий, пособий для инвалидов, семьям, потерявшим кормильца, адресной помощи и пособий для воспитывающих детей-инвалидов.   С 1 января 2018 года нужно поднять порог оказания адресной социальной помощи с 40 до 50% от величины прожиточного минимума и внедрить ее новый формат. При этом все, кто может работать, должны получать поддержку только при условии участия в программе занятости.   Пятый приоритет – институциональные преобразования, безопасность и борьба с коррупцией.   Первое. В рамках Третьей модернизации Правительству необходимо обеспечить работу по имплементации лучших практик и рекомендаций ОЭСР.   Второе. Мы проводим реформы, направленные на защиту частной собственности, верховенство права и обеспечение равенства всех перед законом. Эту работу надо продолжить.   Поручаю Правительству совместно с НПП «Атамекен» и гражданским сообществом провести ревизию всего законодательства на предмет усиления защиты прав собственности.   Следует также гуманизировать административное и уголовное законодательство. Административные штрафы должны быть справедливыми и соразмерными совершенному правонарушению.   Нужно проводить дальнейшую работу по снижению санкций за правонарушения в предпринимательской сфере. Следует декриминализировать экономические составы с невысокой степенью общественной опасности.   Необходимо добиться повышения доверия к судебной системе. Важно исключить любое неправомерное влияние на деятельность судей.   Третье. Состояние безопасности становится мерилом сильного и дееспособного государства.   В современных условиях человечество столкнулось с ростом терроризма. Ключевыми здесь являются вопросы борьбы с финансированием деструктивных сил и связями с зарубежными террористическими организациями.   Необходимо проводить работу по предупреждению пропаганды религиозного экстремизма, в том числе в Интернете и социальных сетях. Нужно формировать в обществе нулевую терпимость к любым действиям, связанным с радикальными проявлениями, особенно в сфере религиозных отношений.   В местах лишения свободы должна организовываться целенаправленная работа теологических реабилитационных служб с осужденными лицами. Нужно предпринять дополнительные шаги по духовно-нравственному воспитанию подрастающего поколения.   Необходимо активно подключать к этой деятельности неправительственный сектор и религиозные объединения.   Все эти меры должны быть учтены в разрабатываемой по моему поручению Государственной программе по противодействию религиозному экстремизму и терроризму на 2017–2020 годы.   Все большую актуальность приобретает борьба с киберпреступностью.   Поручаю Правительству и Комитету национальной безопасности принять меры по созданию системы «Киберщит Казахстана».   Четвертое. Мы сделали существенные шаги по снижению уровня коррупции в стране. В то же время основной акцент направлен на борьбу с последствиями коррупции.   Необходимо усилить работу по выявлению и искоренению причин и предпосылок коррупции.   Одним из ключевых вопросов является совершенствование сферы закупок.   Поручаю Правительству внедрить единую систему госзакупок по принципу централизованной службы.   В квазигосударственном секторе, сфере естественных монополий и недропользования также нужно кардинально пересмотреть подходы по проведению закупок.   Многое в борьбе с коррупцией будет зависеть от активного участия всего общества. С развитием социальных сетей и других медиаресурсов всеобщее неприятие должно стать мощным инструментом в противодействии коррупции.   Уважаемые казахстанцы! Через это Послание я хотел донести до каждого гражданина свое видение направлений развития в новой реальности.   Поручаю Правительству разработать Стратегический план развития до 2025 года по Третьей модернизации страны под названием «Национальная технологическая инициатива Казахстана».   У нас нет другого выбора, кроме как достойно принять вызов времени и решить задачи по дальнейшей модернизации страны. Я верю, что наш великий народ всецело воспользуется уникальным историческим шансом.   Дорогие друзья! Казахстан – молодое многонациональное, уверенное в своем будущем, динамично развивающееся государство! Мы прошли 25-летний путь становления. В следующие 25 лет нас ожидают еще более высокие рубежи.   Собрав уникальный богатый опыт в создании государства, мы вступили в новый этап. Уверен, какие бы трудности не встретили нас впереди, мы их преодолеем. Наша главная сила – в единстве.   Мы превратим Казахстан в еще более процветающую страну для наших потомков!»   Напомним, Нурсултан Назарбаев уже обращался к гражданам с официальной речью.   По сообщению сайта inaktau.kz ",0
49116,"Марина нас очаровала сразу же) Брали бунгало джангл, остались очень довольны. Территория отеля вся в зелени, огромный бассейн. Лежаки расположены так, что ты находишься как будто один(также расположено и бунгало). У нас были завтраки и ужины(комплимент от отеля), все очень понравилось, было вкусно и разнообразно. Рекомендую именно этот отель.",1
16633,"Ну и супер. Наверно, депутаты, вложившие по несколько сот тысяч и кучу нервов в избирательную кампанию, будут чувствовать зависимость от избирателей, а не от потных мужчинок из управления внутренней политики, и не будут в единодушном порыве голосовать за закон об умерщвлении детей-инвалидов.   Одномандатники, кстати, еще более зависимы. В списке он может пойти путем всяких компромиссов и разводок. А вот если он встанет в позу против губернатора, округ ему не выиграть никогда.  Ну почему? Может пройти и на контрах с губернаторах как Ройзман, может и в виде тёмненькой лошадки как Ширшина, может разосраться с губером уже после избрания как волгоградский чудик Попков, может вообще губернатор поменяться и т.п. Не говоря уж про то что взаимосвязь депутата с одним из 83 пёстреньких губернаторов, лоббирующих свои очень разнообразные и уравновешивающие друг друга интересы - это куда лучше, чем унылые ряды истуканов-списочников, не приходя в сознание строем бегущих голосовать за очередной дебильный законоид...  Ну в принципе интересно это было при наличии в регионах альтернативных элит, но их громят, как в Ярославле.  Одномандатные округа могут стать катализатором их развития. Особенно если их станет не 225 а 450 - в среднем по 5-6 на губернию. Даже избранному при поддержке губернатора депутату через пару годиков может прийти в голову светлая мысль: а чем я, собственно, хуже? ))  Вот ровно поэтому там будет такой губернаторский кастинг.",0
41175,"Спасибо за Рето
Д. день! По поводу продуктов: я езжу по воскресениям на собрание, после которого всегда обед. Так вкусно я дома не ем. С радостью кушают все, и детки, и взрослые. Каждый день благодарю Бога за Рето, за столько спасённых жизней. Какая это радость, видеть живые, преображённые, радостные лица ребят, которые какое-то время назад были на краю гибели. И вот они не в тюрьме, ни в притоне. Многие после Рето восстанавливают семьи, получив профессию в Рето (например, автомеханик), находят работу. Спасибо Богу за них. На счёт правил. Это не санаторий. В санатории наркоман или алкоголик не вылечится. А близкие в какой-то степени тоже созависимые. Больному нужно по крайней мере в первое время оторваться от среды и окружения привычного. Знаю по своей ситуации (мой брат-алкоголик в Рето ехать не хочет, наверное, почитал в инете негативные отзывы ""доброжелателей"", которые сами реабилитацию не прошли и другим путь закрыли), что родители жалеют детей, и неправильно поняв жалобу ""Поспать не дают, работать заставляют"" - могут рвануть, забрать сына (например). А у кого-то члены семьи могут тоже быть наркоманами и передать дозу в письме (всё может быть, я думаю). Люди, которые проводят реабилитацию - все в прошлом употребляли наркотики. Они знают как лучше помочь вашему сыну, брату, мужу.
",1
70508,"Хочу поблагодарить клинику
Бытует такое мнение, что мужчина не должен уделять себе много внимания. По уровню положения, которое я занимаю у себя в компании, я просто обязан выглядеть хорошо. Регулярные переговоры и встречи всегда должны проходить на высоком уровне. После 40 лет я решил подкорректировать форму лица с помощью безоперационной технологии Ulthera System. Данную услугу мне смогли предложить в Центре, расположенном в Барклай Плазе, поблизости. И практически сразу же после процедуры в Лантане я снова был в боевой готовности и смог на следующий день уже провести переговоры.
",1
24486,"В отель мы приехали очень рано, около 6ти утра, поэтому пришлось долго ждать заселения, хотя все-таки нас заселили до 12ти. В отеле очень большой холл с множеством диванов, на которых нам даже удалось поспать, пока ждали номеров. Отдельного внимания заслуживает завтрак: много выпечки, сладостей, мед прямо в сотах, разные виды колбас и ветчины (вполне приличные, хотя в Турции колбаса не очень), каши, мюсли, разные виды чая.Номера маленькие, но очень уютные и красивые. Но говорят, что в центре Стамбула в отелях везде маленькие номера. В отличии от самого номера, ванная комната просторная. Постельное белье новое, хрустящее. Администратор на ресепшн очень подробно рассказал, куда стоит пойти, и как туда добраться.В общем, отель очень советую, ко всему прочему очень хорошее расположение, рядом много хороших кафешек и ресторанов.",1
16289,"Очень удобное месторасположение в центре города недалеко от Александрплатц и основных достопримечательностей, конечно очень красивый аквариум, номер специально просили с видом на него, приятная спа-зона с небольшим бассейном и саунами, ходили туда днем на час-полтора, в это время были там одни, поэтому было очень комфортно, номера среднего размера, достаточно обычные, красивая современная ванная комната, порадовал маленький электрический чайник, бесплатная вода и пакетики чая/кофе/сахара. При заезде сняли с карты депозит 50€, который вернули после длительной переписки с отелем только через месяц.",0
23109,"Ужасное отношение к пациенткам
Хочу рассказать о Голубевой Марине Борисовне! Читала отзывы, где её хвалят, только не пойму за что! От человека с самого начала идёт только негатив. Пришла с задержкой, она осмотрела меня и отправила на УЗИ. В итоге я сходила не в ""Фиалку"", а ""Медикал он групп"" на УЗИ. Вернулась к ней с результатами (киста правого яичника). От фразы: ""Зачем вы пошли на 27-ой день менструального цикла на УЗИ?"" - я просто обалдела. А вы мне что-то сказали насчет этого? Объяснили на какой день нужно идти? Она отправила еще на одно УЗИ на 7-ой день менструального цикла, сказав, что записаться на УЗИ можно 15-го и 30-го числа каждого месяца. Т. к. в феврале у нас 28 дней, я решила позвонить и узнать, когда можно записаться. Мне сказали, что второй и последний четверг каждого месяца, то есть не только в феврале. Причем тут 15 и 30 число? Не объяснит, не расскажет. Врач, которому абсолютно наплевать на пациента. Далее, попросила справку в учебное заведение - это вообще победа. Это относится к ее медсестре. Дату не поставила, оформила справку неправильно. В общем, проблем из-за нее было много! Регистратура - одно хамло. Не понравилась больница вообще! Задумайтесь, прежде чем туда идти! Может и есть хорошие врачи, но Голубеву не советую никому!
",2
58639,"Им все по барабану
Лечащего врача, Николая Николаевича, я так и не увидела, только дежурных. Все сестры милые, но им все по барабану. На просьбу позвать доктора в конце концов посмотреть меня (схватки уже через 10 минут шли, а я первородящая и вообще ничего не знала) отговаривались - Вот будут через каждые 5 минут, подходи. Про то как соседка потреряла ребенка и чуть сама не умерла от халатности сестры и как другая после осмотра заведующей 12 (!) часов отходила с отшедшими водами, сами напишут.
",2
51086,"Громадные очереди
Поликлиника очень большая, а специалистов мало. Пока отстоишь очередь к окулисту, проходит часа 2, а к лору и хирургу и того больше. Пока подойдет очередь в процедурный кабинет, на ребенка в течении 2-х часов кашляют и чихают больные дети. Для чего нужны 7 этажей?
",2
68883,"Некомпетентность
Протезистка по внешнему виду не могла определить, что зуб был ранее обточен и с него спала коронка. В довольно надменной форме объясняла мне, что это ""такой зуб"" и, что она врач, а не я и я не знаю, что делается у меня во рту. Спорила до тех пор, пока я ей не показала ту самую коронку. Если такую малость врач не умеет распознать, что говорить об остальном. Об антураже - 2 малюсеньких кабинетика на первом этаже жилого дома. Под патронажем местной управы. Нет возможности делать снимки.
",2
22876,"То есть, патриоты по факту пошли на открытое сотрудничество с Путиным в этом вопросе - напрямую, минуя мутного Кургиняна. Дали Путину сигнал о необходимости заканчивать игры с патриотами втёмную.Но, к сожалению - молчат об этом. Тем самым идут кривой дорожкой Кургиняна - дают повод для различных сомнений, подозрений и т.д.Советую им как можно быстрее принять концепцию Эволюционного Марша  Смена курса - без смены власти , чтобы получить возможность чётко обосновать своё присутствие на Марше в защиту детей. Иначе даже и Кургинян будет обвинять их в пропутинском холуйстве.Хватит упускать инициативу - пора научиться самим задавать повестку дня, а не просто реагировать (да ещё и с опозданием) на вызовы.Куй Путина, пока горячо:evolution-march.livejournal.",0
20324,"очень милый ресторан . уютно . музыка просто великолепная Лаура Паусини ( это мне официанты подсказали ) . единственный минус - 2 двери на выходе - одна красивая резная , а вторая ( ближняя ) АБСОЛЮТНО прозрачная .  Мой брат её не заметил и ушибся .  А вообще , спасибо , очень всё здорово . душевно .  ",2
14987,"Очень современный отель во всех смыслах этого слова - и дизайн и сервис и рестораны - все очень стильно и современно ! Отличный завтрак, очень классные номера, бассейн с сауной на крыше и видом на город - все это делают этот отель одним из действительно лучших отелей в Берлине. Рекомендую !",1
16529,"учше бы оставить материнский капитал и другую поддержку рождаемости только в тех регионах, где, например, уровень рождаемости ниже средней по стране.  Ваша запись появилась в рейтинге 3000-ТОП. Отслеживать судьбу записи вы можете по этой ссылке.Подписаться на рассылку или отказаться от рассылки можно здесь.  Ну и кому надо это откровенное враньё, кроме одного дефективного, который пишет под ником  глорияпутен ? ..А до этого еще был Сталин, снизивший плодовитость российских женщин с 6,8 в 1926 году до 2,8 ребенка на женщину в 1953 Да только приведённый график говорит о том, что это товарищ Гитлер в 1941м году понизил рождаемость, ну ни как не Сталин, который никаким боком к рождаемости отношения не имел. Почему сторонники ботоксного врут во всём и всегда? Если в стране всё хорошо, то и говорить об этом людям не надо, тарифы падают, цены на продукты и жильё снижаются, социальные программы множатся, рождаемость увеличивается, а смертность падает. Что тут можно добавить?А когда обратная картина, то смотришь на таких  сторонников путена  как на бестолковую мразь, которые объясняют окружающим, что всё в стране хорошо, хотя люди видят ежедневно обратное.  вы слегка передергиваетев моей семье было например четверо (1962), не считая одного умершегоу соседей сегодня четверо и шесть внуковсписок можно продолжатьно те кто остался не способны за всех подогнать численность, это же не машинное доениеестественный процесс который вы тут подметили он один - социализм  ==Плодовитость снизили естественные процессы превращения аграрного общества в индустриальное, со всеми вытекающими.==а как вы узнаете какие процессы естественные а какие нет?вот например те провалы начиная с 17-го естественны?    Плодовитость снизили естественные процессы превращения аграрного общества в индустриальное, со всеми вытекающими",0
2823,"альсифицировал всё, к чему прикасался.К т. н.  юбилею  этот конфликт прямого отношения не имел. Хотя уродство с асфальтированием ул.  Веровской и строительством скотоподобного моста через Смолку - его прямая инициатива. Благоустроил подъезд к дому, лень было из администрации ехать по объездной дороге, хотелось напрямую, через площадь. Жадность фраера сгубила - это и про Грушина тоже.Ответы про основные  юбилейные  дела будут",1
47395,"Красивая, ухоженная территория. Приветливый персонал. При въезде в отель берут депозит 500$, о чём нас забыл предупредить в агентстве, но возвращают в батах. Т.е. они 500$ переводят в баты, по своему внутреннему, отелевскому курсу, и возвращают на выезде баты, получается «наживаются» ещё на обмене на 10%.",0
5475,"Добрый день, речь пойдет о Mitsubishi ASX - 2014г. 1.8 л., передний привод. Пользуюсь автомобилем с 2016 года! Очень доволен! Используют в основном городе 80% за городом 20%. Машина устраивает, небольшой расход бензина, по городу около 10л. по трассе около 5-6 литров. Коробка передач (вариатор) работает плавно, никаких проблем не замечено! Из недостатков можно отметить ""среднюю шумоизоляцию"" ! Полочка в багажнике частенько дребежжит, что конечно немного напрягает ну и не самый большой багажник! За время эксплуатации был заменен только ступичный подшипник! Пробег на авто уже 97 000 км, все работает хорошо без нареканий! Автомобиль не ржавеет и не глохнет! При установке сигнализации с автозапуском не ""зашивается"" 2ой комплект ключей другими словами у собственника останется 2 ключа, что так же не может не радовать! В целом автомобиль показал себя очень хорошо! ",0
56723,"Специалисты с большой буквы
Хорошие условия пребывания. Чисто. Хороший персонал. Рожала под множеством разных аппаратов подключенных ко мне. Роды были тяжёлые без этих СПЕЦИАЛИСТОВ мне бы все пузо располосовали скальпелем. Они всячески помогали мне советами. Следили за приборами. Подготовка к родам: сказать ничего не могу плохого. Родила сразу почти, роды длились 17 часов. Акушерка, врачи находились около меня, не отходили от меня, всячески помогали, советовали как дышать и тужится - КЛАССНЫЙ КОЛЛЕКТИВ! Очень добрые отзывчивые. Специалисты с БОЛЬШОЙ БУКВЫ.5+
",1
25868,"Слишком вежливые
Вчера была свидетелем, как в Амд всем составом пытались успокоить одну скандальную барышню, которая материлась и вела себя безобразно. И все из-за того, что ее задела случайно на входе одна полная женщина. Не так, что бы сильно а чуть ее коснулась и все. Что тут началось! И на ее крики вышли все сотрудники, предлагали ей кофе пытались успокоить, вместо того, чтобы вышвырнуть скандалистку за дверь. Надо быть жестче и не потакать скандалистам.
",2
33307,"Останавливались в отеле на 10 дней. Отель хороший, чистый, только что после ремонта. Номер немного тесноват, есть все, что нужно. Можно взять чайник и утюг под депозит 500 рублей за каждый предмет. Из минусов могу отметить только плохую звукоизоляцию и иногда холодно по ночам в номере, но не сильно. В стоимость номера входит завтрак. На завтрак предлагают выбрать 4 блюда. 1. Йогурты, кефир, творог, иногда был пирог. 2. Омлет, глазунья, творожная запеканка, вареные яйца. 3. Большой выбор выпечки. 4. Каша. И чай или кофе. Вкусно и сытно. И в этом же месте днем столовая. Вкусная, с приемлемыми ценами. Думаю, что это не самая лучшая гостиница в Москве по такой цене, но в этом районе точно. Из 5 поставила бы твердую 4.",0
5395,"Спасибо. Но чтобы переделать,нужно снять белые рамки все перекрасить.
",0
17845,"Благодарность юристу
Хочу выразить искреннюю благодарность юристу Наталье Анатольевне, за полученную консультацию по различным юридическим вопросам! Спасибо Вам, за Ваши человеческие черты характера, как то отзывчивость, доброту и желание помогать людям, что делает её как юриста, специалистом с большой буквы слова! Буду рада обратиться к ней снова, все четко, ясно, профессионально, знает законы! Желаю Вам дальнейших успехов и процветания!
",1
40490,"Прилетели в Москву в полночь. Стыковочный рейс только утром. Долго искали отель с приемлимыми ценами и с работающим кафе. По критерия отбора подошел только Отель Авиатор Шереметьево.Плюс отеля бесплатный трансфер от Шереметьево до Отеля. Минус трансфера - автомобиль Газель и долгая дорога до отеля, хотя отель находится в 10 минутах ходьбы от аэропорта.В полночь в кафе поесть было нечего, а что было не впечатляло качеством. Пришлось пить только чай с лимоном. Трансфер из отеля каждый час, машину заказать к определденному времни не возможно. Либо выезжаешь раньше, либо водитель не гарантирует, что успеете на посадку.Завтрака так же не было. Пил опять чай с лимоном. Общее впечателение от отеля 3 с минусом.",2
6627,"Всем спасибо
Спасибо всем, кто делает все возможное, чтобы ""поставить на ноги"" тяжело больного Павлова В. М. Благодарю Копе Владимировича и всех сотрудников отделения гемодиализа. Огромное спасибо Наталье Александровне - зав. отд. 7 кардиологии, лечащему врачу Галине Александровне, медсестрам отделения. Спасибо сосудистому хирургу, который наблюдает Павлова и всем консультирующим врачам.
",1
23002,"Атмосфера домашнего уюта, турецкого колорита ))) Тепло, вкусно,красиво!Хочешь посмотреть Стамбул? Прекрасно можно жить в этом отеле, за 5 минут попадать на площадь Ипподром! Персонал, который рассказывает как бюджетно добраться до исторических достопримечательностей . А не разводит , как кроликов на дорогие туры ....Шикарно!Молодцы)",1
12829,"Отказано в приеме анализов
Прошу Вас принять меры. В каб. 106 поликлиники на ул. 8 марта сегодня 26.05.2014 у меня не приняли результаты анализов на СПИД и сифилис (официальный сертификат), выполненных в Инвитро. Меня отправили в кожвендиспансер на Каширке дом 103, заявили, что результаты анализов действительны только оттуда. Прошу Вас срочно принять меры по приему документов.
Тел.: 8-915-241-36-60, Александр.
",2
27251,"Прекрасный отель возле исторического Железнодорожного Вокзала Сиркеджи, рядом с Золотым Рогом и Проливом Босфор. А что самое великолепное это парк Гульхане, после завтрака можно рано утром там прогуляться и насладиться красотой этого паркаи пением разных птиц. Хороший отель в хорошем месте .А если захотите куда нибудь сходить, вам поможет добрый парень Manager Guest Relation Гаяз, который говорит хорошо на русском языке. Завтраки очень вкусные и кофе зерновое используют.",1
7593,"Выбрали этот на booking.com для посещения Барселоны. Из плюсов отеля расположение в старом городе, рядом с парком. Большим плюсом для нас явилось наличие собственной парковки (15 евро). Комнатки небольшие уютные, со всеми необходимыми удобствами. По отзывам в отеле неплохой ресторан, завтрак был за отдельную плату, но очень вкусный. Из минусов по техническим причинам вода была еле теплая, после разговора на ресепшен проблему исправили.",0
36668,"Больше помощи просить не буду
Начиная от регистратуры и дальше хамское отношение. Бесплатно не возможно ни на прием попасть, ни подкол сделать. Они специально назначают через месяц, а платно, пожалуйста, сегодня! Никакой помощи, только обещают и как на кроликах опыты проводят и пишут диссертации. Я 5 лет к ним обращалась, перепробовала все лекарства, только угробила все здоровые органы. А теперь они мне заявляют просите денег у Москвы, вернее выбивайте на антитела. Кроме подколов ни чем не помогли и то платно. А когда я сказала, что я медик, на пенсии, они вообще сказали, что вы бы вообще лучше молчали и т. д. и т. п. Я чуть со стыда не сгорела. Вот тебе и клятва. Больше ни ногой туда!Убедитесь сами!
",2
55315,"В целом обычный роддом
Кто-то из женщин сказали, что никто не улыбается. А я заметила, что улыбаются все, если сама приветливо общаешься и шутишь. В целом обычный роддом. Дочку приложили щёчкой к груди, дали потрогать пятку. А я мечтала сразу хоть-немного дать пососать грудь. Слишком быстро унесли её. Отношение гинекологов хорошее. Тем, кто просит рассказывают как ухаживать за детьми, но не совсем правильно (например учат мыть деткам глаза детским мылом!). Девчонки учитесь заранее у надёжных людей).
",1
41542,"Консультация
Была на консультации у Акимова Сергея Сергеевича. У меня варикоз. Понравилась компетентность и доброжелательность доктора. На все интересующие меня вопросы я получила ответы, доктор все терпеливо мне разъяснил и посоветовал, что лучше предпринять конкретно в моем случае. Спасибо. Буду рекомендовать мед. центр всем знакомым.
",1
7000,"negativa . da Это все приятель московский .  Очень там кальян ему нравится .  Набережная Фонтанки и Невский рядом .  Интерьер : в целом нормально .  Мы же поговорить пришли .  Персонале : запоминает заказ .  Потом : часть забывает вообще ; приносит не белое а красное вино ; могут сказать что блюда нет тогда , когда прошло минут 30 ; открыли все бутылочки колы сразу и не при госте ; не успел я закинуть пару вилок цезаря в топку как принесли суп .  На мой недоуменный взгляд последовало не менее недоуменное приподнимание брови и разворот на 180 * со стремительным исчезновением .  Чудеса !! В заказ : 1гость - салат Кредис , виски Дж .  Уокер и кола , лед , кальян и мате Ничего не сказал .  Только возмущался тем , что когда он курит кальян в Иране , то за час никого звать не надо .  А тут то угли менять то еще что .... Мы : салат Кредис .  Что-то с креветками и манго , кукуруза и прочие овощи .  Просто еда .  Никак .  Цезарь с курицей : неплох , но без мням .  Суп чили : он почти остыл . по всяческим кино думал , что после поедания должен был обратиться в дракона и спалить заведение огнем .  Нифигашечки ))) но вполне себе для неискушенного .  Под погонялом ' Лязиза ' скрывался лосось гриль .  Мне кажется испортить такое нельзя ..... фото отсутствует , т. к сей рыб был заказан после 30 минут ожидания другой рыб , и сожран практически мгновенно На гарнир пошел рис басмати .  Кажется просто рис , белый такой , почти круглый Кашмир с курицей : рис с курицей , грибами и еще чем то — на вкус это был рис с курицей , грибами и еще с чем то .  Здрасти , досвидасти были .  Расчет быстрый .  Посуду и пепельницы меняли .  Опять к обычному куску рыбы подали приборы для разделки целой тушки .  В общем все невнятно и тяги повторить поесть нет .  Долго пытались расшифровать сие блюдо К персонале не обращались , ибо он пофигистически равнодушен и ничего не знает ( кстати , при попытке выбора вина , были обескуражены фразой : не могу ничего вам рекомендовать ) , а какой-то полу африканец или индус ( не разбираюсь ) , на нашу просьбу о чем то , прошипел надменно : оффисиянт .  И ушел .... И если честно , то неоправданно дорого тут ..... ((  ",0
46264,"Кардиолог и терапевт
Очень понравились Машечкова И. В. и Федорова Ю. А. Была на приеме. Все по делу, ничего лишнего, всем рекомендую! Лечение помогает!
",1
41280,"Обман с оплатой за услуги
Советую всем желающим посетить клинику ""Альтернатива"" вначале посмотреть передачу ""Прямой эфир"" за 01.08.2014 г. Увидите истеричного и неуравновешенного главврача, который никому не давал высказаться, заглушая своим ором всех, кто негативно высказывался о его клинике. А теперь скажу по существу. Я лечила там зубы. Перед лечением за 2 пломбы мне была озвучена цена в 4500 р., а по факту, когда пломбы были поставлены, цена резко увеличилась вдвое. Я попросила распечатку и, конечно же, оказалась куча непонятных терминов, как будто бы не пломбы ставили, а проделали целую стоматологическую операцию во рту. Обратилась с жалобой к главврачу. Он, естественно, защищал свой персонал, сказал, что я неблагодарный пациент и поняла, что рыба гниёт с головы. Хотите потерять деньги и лишиться здоровья - путь в ""Альтернативу""!
",2
17921,Несколько раз останавливались в этом отеле. Прекрасное сочетание загородного отдыха на берегу при этом в непосредственной близости от города. Винмательный персонал. Радует широкий выбор блюд на завтрак. Есть своя небольшая спа зона. Очень рекомендую номера с видом - после городской суеты огромное наслаждение любоваться заливом. ,1
32654,"Отель бизнес-класса, где есть все необходимое для гостей, независимо от того, с какой целью они приехали в Москву. Немного смущает атриум с рестораном, расположенный в центре отеля, так как выходящие из номеров в этой зоне отеля гости сразу видят внизу тех, кто ест в ресторане, и иногда в номер проникают запахи из кухни, а сидящие внизу за столиками могут любоваться вышедшими из номеров гостями в халатах с нижнего ракурса через стеклянные прозрачные перегородки на этажах. Поэтому, если будете жить в номере, выходящем на атриум, позаботьтесь о нижнем белье под халатом - всё видно!",1
21447,"Правел в Швейке свой день варенья и не жалею . было весело , настроение никто не испортил , резинки искали в колбасках не нашли .  Директора видели два раза - интересная Мадам !  Обслуживал нас официант с юмором и вниманием нам понравилось .  Всем друзьям предлагаю отдыхать в этом милом местечке .  ",2
40105,"Зандирование слезного канала
Здравствуйте! Не советую Вам делать в этой клинике эту операцию. Отдадите 2500 руб., и вы поедете все равно в Морозовскую. И при этом возвращать деньги не хотят. Говорят - обращайтесь только в суд. Ужасная клиника.
",2
1717,"Отель понравился своим расположением, интерьером, чисто и уютно. Всего 10-15 минут пешком до Эйфелевой башни, Дома Инвалидов и Музея Орсе. На рецепшн работают очень внимательные и гостеприимные Ванесса и Мурад, хорошо говорящие по-английски. В номерах ежедневная уборка, фен, туалетные принадлежности, сейф и минибар. Комнаты немного тесноваты, но это не представляло для нас никакой проблемы. Понравилось все! К тому же недалеко от отеля есть чудесный ресторан L'auberge Bressane. Заглянув туда случайно, мы были очарованы вкуснейшей кухней и атмосферой!!!",1
59352,"Линзмастер отстой
Линзмастер - самая поганая компания, состоящая из голой лжи.
",2
22429,"Отель привлек своим расположением. У меня был маленький номер на самом последнем этаже с видом на море. Очень приличные завтраки. Дружелюбный персонал. Для любителей пеших прогулок рекомендую удобную обувь, местность холмистая.",0
13538,"Посетили с гостями этот ресторан , праздновали день рождения .  Обслуживание плохое , очень долго несли напитки , приходилось несколько раз повторять официанту .  Мы заказали салаты и вторые блюда заранее , сделав предоплату и менеджер обещал , что к нашему приходу все будет готово .  Пришли - нас как буд-то не ждали .  Теплоход отошел от причала , а стол не накрыт .  Второе подали , когда теплоход возвращался обратно .  Вообщем , еле успели доесть заказанные блюда .  Теперь о кухне - порции маленькие , мясо жесткое , а цены высоки для такой еды .  Мне перед гостями было не удобно , плохое обслуживание сгладил чудесный вид из окна и приятный интерьер .  ",0
4360,"Гуляя по Невскому , случайно увидела это местечко , понравилось название и зашла !  Понравилось и все остальное , очень мило и уютно , обслуживание хорошее ( без общения , но внимательное ) , вареники были действительно "" домашние "" !  Меню с оригинальными названиями , только оригинальность заключается в естественности , без всяких "" красиво - непонятных "" .  Очень понравилось , советую для обеда или спокойной беседы о жизни с подружкой !  ",1
37835,"Отель прекрасно расположен на Ленинградском шоссе, идеально подходит тем, кто ненадолго приехал в Москву и прилетел в аэропорт Шереметьево или поездом на Белорусский вокзал. Уровень сервиса средний, уборка довольно хорошая, парковка есть.",0
44497,"Очень удачное расположение. С одной стороны, на Патонге, с другой - чуть в стороне от шума и суеты. Большая, ухоженная территория. Небольшая линия пляжа прямо на территории отеля доступна в часы максимального прилива - но не рекомендую купаться с море! Мы купались там 4 дня, пока совершенно случайно в 30 м от места купания не обнаружили, что в море сбрасывается вода из канализационной по виду трубы! Шокированные увиденным, мы больше не возвращались к морю, и купались в бассейне. Из разговора с администратором несколько дней спустя - гостинице, конечно же, известно об этой проблеме.Завтраки вкусные, соответстствуют классу гостиницы. Персонал в целом вежлив, но не могу сказать этого про всех сотрудников. Я была в этом отеле 6 лет назад, и с сожалением отмечаю, что несколько лет назад я бы сказала, что весь персонал очень дружелюбен и предупредителен, но не теперь. Советы:Прихватите с собой репеллент. Нет-нет, да пара комаров залетит. Если будете ужинать на территории отеля на воздухе, тоже мера совсем не лишняя, иначе москиты загрызут.В отеле есть приличная душевая комната. Удобно освежиться, если вам нужно перекантоваться несколько часов до самолета.СПА расположен на горке - вид оттуда просто захватывает дух. Цены кусаются, но разок-другой побалуйте себя.На мой взгляд, главные достоинства этого отеля - расположение, красивая территория и красивые виды на море прямо с площадки с лежаками.",0
43370,"Делала узи, все хорошо
Как родила дочку, с организмом стали твориться непонятные «чудеса». Очень болезненно стали идти женские дни, то тошнит, то голова кружится, а тут вдруг стала безумно болеть грудь, причем настолько, что я думала у меня что-то серьезное. Оставила дочку с бабушкой и в первую клинику, которую я нашла, побежала на узи. Никаких проблем у меня оказывается не было, просто проходит болезненно процесс перед этими днями. Но если такое повторится, сказали придти еще раз на прием.
",1
2796,"Так как ехали в Париж на машине и всего на пару дней, то главными критериями поиска были наличие парковки и недорогой, чистый номер. Данный отель вполне оправдал наши ожидания. Хоть он и находится на окраине Парижа, но р-н вполне спокойный, станция метро в шаговой доступности и парковка по сравнению с центром Парижа недорогая. Номера старенькие, но чистые и уютные.",0
43064,"Peach Blossom Resort, Пхукет, Таиланд! Один из лучших отелей , в котором нам доводилось побывать) Выбрали с мужем данный отель по многочисленным положительным отзывам знакомых. Остались очень довольны.. Брали питание за базе завтраков.... разнообразно и вкусно!!! Номера замечательные, просторные, чистые с отличным видом из окна, Балкон огромный и удобный... Работники отеля очень дружелюбные, все хорошо говорят по-английски. Всем рекомендую Peach Blossom Resort, Вернемся сюда еще не один раз!!!) Влюбились в о. Пхукет и этот Отель!!!",1
6629," исламском мире понятие исламского фундаментализма нет, а есть понятие салафизма, которое произошло от выражения aс-салаф ас-салих (праведные предки) или просто ас-салаф (предки). Процесс далеко не новый, базирующийся на хадисе, где говорится:  В начале каждого века Бог посылает того, кто обновляет этой (мусульманской) общины дело её веры .Согласно книге  Ислам и политика  Игнатенко А.А: … салафизм по замыслу есть обращение к Корану и к правильной Сунне, то есть к Божественным источникам норм, в реальности он представляет собой обращение к человеческим источникам (к Иби-Таймийе и всему наследию салафизма). И оказывается, что обосновываемая салафитами обязательность для мусульманина вести джихад против правителей-вероотступников (будь то Хосни Мубарак в Египте, Ислам Каримов в Узбекистане, Магомед Али Магомедов в Дагестане и другие) обосновывается не обращением к вечному, абсолютному истинному (ибо Божественному) источнику, а к источнику человеческому и потому, очень вероятно, ошибочному.Ведь, строго говоря, надо еще доказать, что Ибн-Таймийя не ошибался, составляя свои  фетвы о татарах , либо признать беспорочность этого ученого и безошибочность всех его суждений, что в исламе невозможно. Беспорочностью ислама характеризуется только один человек – Божий посланник пророк Мухаммед Ваххабиты,часть движения  салаф салих  - праведные предки, хотя и возникли как религиозное движение в XVIII веке, к полной власти в Саудовской Аравии пришли сравнительно недавно – в 1924 году, захватив Мекку от рода хашимитов, воспользовавшись разгромом Турции и поддержкой британских войск",1
4128,"Это не больница
Это помойка, а не больница! Я понимаю все можно потерпеть, но там холодно я даже простыла и причем очень сильно, спя под двумя одеялами и в теплом халате, при этом с рекомендацией не переохлаждаться! В 1-ом гинекологическом ужасное отношение к людям, все какие то негативные, за неделю которую я там была не разу ни кому не сохранили беременность, тока чистили всех, как инкубатор! Не дай бог кому туда попасть, кто хочет детей!
",2
3285,"Отношение к больным
Меня привезли на скорой 28 октября 2013 г. с болями в животе, дома во время физич. нагрузки резко заболел живот, каталась по кровати от боли, упало давление, скорая привезли в общее приемное, там по направлениям сама ходила на анализы, на узи, потом направили к гинекологу в др. корпус, своим ходом пришла, сказали ждите, врач занят, как потом оказалось этот врач ходил туда-сюда, через час пригласили в кабинет, врачу объяснила как боль появилась, про цикл ничего не спросил, на кресле смотрел секунд 10, то, что в кабинете стоит кушетка с аппаратом узи, наверное, для мебели, сказал, что это не его (т. е. мое заболевание), пошла обратно в приемное, сказали - не с чем класть, в пол-ке обследуйтесь, пошла в семейную пол-ку после узи, и узи с датчиками поставили диагноз -состояние после апоплексии яичника! А гинеколог не мог д-з поставить! Такое отношение к больным в Пушкинской ЦРБ - это закономерность! И к сожалению, это не первый случай. Так, что бежать надо из ЦРБ, администрации наплевать на больных.
",2
19597,"Играли свадьбу в этом ресторане . еда вкусная + дешевле чем в ср . по Москве ( 2000р с человека +5 % обслуживание ) официанты ходили перед проектором , перегораживая картинку , как будто не понимая , что нужно минутку подождать . - какое-то наплевательское отношение к некоторым вещам : выкинули каравай , который мы хотели забрать Торт мы привозили сами .  Так вот , нарезали только половину праздничного торта , причем молодым торт вообще на стол не поставили , бОльшая часть торта пропала , либо выкинули либо сами съели .  В итоге минусы просто смазали все впечатление от ресторана .  Не рекомендую играть здесь свадьбу .  ",2
32185,"Компетенция
Столько лет к ним ходила и как сглазили! Звоню я, значит, туда и спрашиваю; ""А вы определяете чувствительность инфекции к антибиотикам по анализу крови?"". Мне сказали, нет, только по моче и мазкам, звоню через день записаться на сию процедуру, так мне девушка начинает говорить, что такого у них нет и такого вообще не существует, ""определение чувствительности инфекции"" - нет такого понятия. Ну, что же, замечательно! Читаю ей с их же сайта D709 ""Посев на Neisseria gonorrhoeae с определением чувствительности к антибиотикам"", 700 до 9 р. д. Микробиоценоз влагалища с чувствительностью к антибиотикам и т. д.! И всё равно, она мне утверждает, что такого не существует (определение чувствительности инфекции на антибиотики), ну, видимо, то, что мне делали, мне вообще приснилось во сне! То ли это тупость непроходимая и нежелание заработать денег, либо у девушки нет компетенции в данном вопросе.
",2
66692,"Хочу поделиться самыми лучшими впечатлениями
Хочу поделиться самыми лучшими впечатлениями о клинике «Доктора Князькина»! Я раньше очень боялся стоматологов и старался обходить стоматологии стороной. Но пришло время приводить зубы в порядок, и надо было выбрать стоматологию. Я прочитал много отзывов о клиниках и остановил свой выбор на стоматологии «Доктора Князькина»: отзывы в интренте хорошие. В своем решении я не ошибся – приятная обстановка, хорошее отношение к пациентам, профессиональные врачи.
Хочу всему коллективу клиники выразить огромную благодарность за заботу и внимание. Спасибо Вам огромное за лечение, понимание и внимательность. Я советую вас всем своим друзьям!
",1
10232,"Впрочем, довольно интересно, что Челябинск - это ещё и пищевая промышленность. Макароны, конопля..
",0
30645,"Благодарность Дорожкиной Ирине Игнатьевне
Врач от Бога и просто замечательный человек! Хотелось бы выразить благодарность, за ту неизмеримую помощь которую мне оказала Ирина Игнатьевна, подарив нам с супругом нашего очень долгожданного ребеночка. Ирина Игнатьевна, большое Вам спасибо, хотелось бы Вам пожелать море здоровья, счастья, успехов в жизни и в работе! Спасибо, что Вы есть.
",1
3233,"Я и моя подруга еще в Барселону для 5 новых дней в начале июля 2014. Мне очень понравился этот отель, мы сели на метро из аэропорта, и нам пришлось поменять линии пару раз, чтобы добраться от отеля, но как только мы прибыли в отель, нам очень понравилось. Большие номера, удобные кровати и большая ванная. Кондиционер прекрасно и шторы поддерживать прохладу ночью. Наш номер выходил на задний двор отеля, и вид был не очень, но это не делает впечатление хуже. Расположение отеля просто идеальное, прямо через дорогу вторая по популярности улица в Барселоне, хотя и не много людей знают это, поэтому это приятное и не слишком много. Это - можно дойти пешком до пляжа и есть много мест, чтобы арендовать велосипеды вокруг отеля. Я рекомендую взять напрокат велосипед в Барселоне, потому что это лучший город, чтобы ездить на велосипеде через, по моему мнению, так или иначе. Я бы всем рекомендовал этот отель, определенно стоит свих денег.",1
25731,"Отмечали свадьбу в Оливе .  Оформление всех залов интригует и завораживает , отношение персонала на высшем уровне ... кухня изумительная , а рыба на банкете пальчики оближешь ... отдельное спасибо девочкам танцовщицам и менеджеру Риаду за чуткое отношение и профессионализм !!!!!!!!!!!  ",2
27811,"Уже больше двух лет хожу в этот ресторан - прекрасный сервис , вкуснейшая еда !  А в летний период это и правда Райское местечко - кругом зелень , журчат фонтанчики .. Забываешь где находишься ) то ли на курорте , то ли чуть за мкадом ))) В общем , рекомендую !  Хоть на свадьбу , хоть на свидания - место соответствует всем запросам .  ",2
2533,"Травматологическое отделение
Отличный коллектив, медсестры - ангелы! Одна из ангелов разрушила мой брак!
",2
5382,"В 2011 году подкопив деньжат я решил сменить своего рабочего ослика Рено на новую машину, так как у меня в распоряжении было 340 000 рублей, то выбор был не велик, так как хотелось автомобиль не старше 2х лет и точно не отечественный. На рынке подержанных автомобилей я наткнулся на Шевроле Авео 2009 года выпуска с двигателем объемом 1.4 седан с кондиционером, штатной магнитолой, черного цвета, с колесами 15 радиуса и высоким профилем резины, что редкость для этой модели, и пробегом 32000 км. Цена была 350000 рублей, которую после торга снизили до 340000.Эксплуатировали мы с женой эту машину 3 года, за это время она трижды доставляла нас до черноморского побережья Краснодарского края без проблем.Двигатель оказался очень экономичным и не неприхотливым к топливу, заливал АИ-92, расход варировался от 7 до 8.5 литров в зависимости от времени года. Салон достаточно просторный и удобный, материалы выполнения не качественные, накладки ручек передних дверей в салоне, которые были покрашены серой краской вытерлись через год, но пленка под карбон привела весь салон в более презентабельный вид. Багажник вместительный и удобный. Ездили в основном в вдвоем, поэтому места для задних пассажиров не волновали.Из минусов еще отмечу отсутствие тяги с кондиционером, малый объём двигателя, приходилось отключать его при обгонах на трассе.Продал спустя три года эксплуатации за 360000 рублей при пробеге в 86000км. Так что не пожалел ни разу. ",0
2754,"Был у нас автомобиль Mitsubishi RVR автомат, правый руль 2000 года выпуска. Изначально мы не собирались именно такую брать, но муж в поисках на авито запал на нее, я была рада, что выбрали уже хоть что-то (до этого год ничего выбрать не могли). Это минивэн с двигателем 2,4. 4x4, бензин предпочтительно 98, можно 95. ",0
4478,"Год выпуска 2004Объем 2,3Коробка автоматПравый рульПередний приводБензиновый двигатель Этот автомобиль муж приобрел когда у меня еще не было водительских прав, до этого он ездил на TOYOTA Estima 3.2 2001 года выпуска, может по этой причине он считает Ниссан ""слабоватым"". Мне сравнивать было не с чем, так как с автомобилями у меня не было опыта, ездила только на мотоциклах.Практически сразу после обмена мы поехали на Иссык-Куль. Это 1000 с лишним километров по высокогорным серпантинам, c местами убитой дорогой. Машинка справилась ""на ура"", мы и поднялись без проблем, при чем шел сильный дождь со снегом (летом на перевале это обычное явление), и спустились легко.Умудрились сгонять на Мертвое озеро, это около 20 км отсутствии дороги в принципе. Песок, пыль, гравий-Теана шла ровно и без напряга.На обратной дороге спустились к Токтогульскому водохранилищу, спуск крутой и с изобилием ""сюрпризов"" в виде песка, сыпунов, острых осколков камней и прочего. Но не смотря на оооочень низкий клиренс мы ни разу не задели ничего дном. Это очень порадовало.Салон напоминает корабль. Почему-то у всех именно такая ассоциация. Сиденья текстильные, но это даже лучше, так как у нас собачка, а кожу собачке продырявить-раз гавкнуть . Приборная панель очень красивая, она ""слепая"". Кнопки управления кондиционером, музыкой и прочими ништяками расположены очень удобно, японские надписи продублированы английскими, поэтому проблем нет. Дисплей коричнево-желтый, читается одинаково удобно и днем, и ночью. Бардачок вместительный, закрывается на ключ.Вот у пассажирского козырька в зеркало не встроена лампочка  Существенный минус для девушки. Но в комплектации JK все это есть.Что касается именно ходовых качеств-машина прелесть. Это мой первый опыт вождения автомобиля, и сравнивать мне не с чем (в течении года вожу только Теану). Рулится бесподобно, разгоняется нормально (хоть муж и ворчит), попа на сиденье не устает, зеркала хорошие-видно все.Что еще сказать, машина в целом хороша.Сменит на Эстиму-потестим, почувствуем разницу  ",0
5689,"Плохое отношение
Находилась на лечении в 1 неврологическом отделении. Лечащим врачом бала Гражданцева Людмила Юрьевна. Столкнулась с равнодушным и халатным отношением. Ей просто наплевать, что происходит с больными. В лучшем случае она может смерить только давление и посоветовать выпить таблетку, на большее ее не хватает. Разве это профессионализм? Наверное за качественное лечение нужно было хорошо заплатить!
",2
7627,"Мандарин есть мандарин. Потрясающий отель с первой и до последней секунды проживания. Фирменный запах не ресепшене и очень вкусный и оригинальный приветственный напиток сразу погружают в атмосферу тепла и уюта. Приветливый и улыбчивый персонал всегда готовый помочь. Номер светлый и просторный, 2 санузла, все необходимые ванные принадлежности, Косметика фирмы Aqua di Parma ,обалденная круглая ванная. Кровать в которой можно проспать вечность , особенно с закрытыми светонепроницаемыми ролетами. Конечно видна небольшая потертость номера, но не критично. В прошлый раз останавливались в W, Мандарин понравился намного больше. )) отдельно хочется отметить Баркерс Бар - отличнейшее обслуживание , приятная лаунж атмосфера и вкуснейшие коктейли ) ",1
56642,"Почему диагностику не делают в патологии
Может, конечно, персонал и хороший, только вот почему диагностику не делают в патологии? Почему при гипоксии плода (а это, если вы знаете, чревато недостатком кислорода у ребеночка) КТГ - сделали только на десятый день, я вас спрашиваю? А УЗИ вообще бы не сделали, если бы я не настояла! И это вы называете хорошим персоналом?
",2
25039,"Не советую
Мало кто знает, но Серагем в США был оштрафован на 180 000$. Обвинения заключались в том, что люди обманывались, получая ложные обещания исцеления с помощью массажной кровати.
Просто в гугле наберите ""Серагем оштрафовали в США. Расследования прокурора"" и вы всё сами прочитаете.
Не благодарите:)
",2
16705,"Вчера ходили с мужем в Колбасофф на Русаковской .  Все очень понравилось .  Отдохнули , попили пива , хорошо покушали .  Большое спасибо персоналу за теплый прием .  ",2
29611,"Останавливались в этом отеле на время выставки. Думал, что Турист худший отель. Оказалось я ошибался.Начнем с ресепшн - сидели три девушки, при этом регистрировали лишь две. От номера выдают обычный простейший ключ с пластиковой бирочкой (который надо сдавать при выходе из отеля). Электронный ключ открывает дверь в корпус. Причем не с первого раза. Для того чтобы: ""не шарилось всякое отребье"" (комментарий респшн). Не удивлюсь, если после 23 они еще и не пускают никого.Лифт на 4-х человек. Один на корпус. Очень узкий. Как в него помещаются люди с чемоданами неясно. При этом не работают лампочки на кнопках и неясно вызван он вообще или нет. Ждать приходится по 10 минут.Штукатурка на этаже обваливается (жили на седьмом, первый корпус), местами видна проводка, напротив лифта мусоропровод. Ощущение переделанной общаги. Свет в коридорах не горит, точнее включается при приближении. Дверь повело, чтобы открыть замок ее нужно приподнять.Номер: две комнаты, в одной сдвинутые кровати и встроенный шкаф, во второй диван, два кресла, туалетный столик, еще один встроенный шкаф, достаточно старый телевизор (у которого не работает пульт и ловит он каналов 7), югослсвская стенка, но зато есть холодильник и чайник. Спальня тесная, двоим пройти сложно. Одеял на кроватях нет, под подушкой лежит вторая простыня (старые шерстяные одеяла в шкафу).Такой же тесный и туалет. Это вообще первая ванная комната где я почувствовал клаустрофобию. Напор душа очень низкий, туалетная бумага самая дешевая.Стеклопакеты старые, деревянные, с облезлой краской.Стены картонные.Завтрак на первом этаже второго корпуса. Идти до кафе достаточно долго, а само оно крохотное. Неясно как там все помещаются. Выбора блюд нет: дешевая копчено-варенная колбаса, колбасный сыр, творог, хлопья и безвкусная рисовая каша.Единственный плюс - относительная близость к метро и ВДНХ, плюс в номерах тепло.В остальном - по собственному желанию, как мне кажется, ехать мало кто захочет.",2
29740,"Я живу прям напротив ресторана .  Была в нём раз 10 точно !!! Я не разу не разочаровалась .  Еда всегда потрясающе вкусная , обслуживание великолепное .  Если уж вы хотите кавказкого радушия и гостеприимства , то и себя нужно вежливо вести !!! А не молча входить в заведении и идти туда куда вам нужно не поздаровавшись и не спросив вообще есть ли свободные места !!! Большое спасибо ресторану Ариана )  ",2
15253,"Здравствуйте всем .  Праздновали свадьбу в ресторане Нева-Холл 12 октября и должны заметить , что празднование прошло на отлично .  При выборе ресторана были просмотрены еще несколько ресторанов , помимо Нева-Холл .  Так вот ни в одном из них не было такого теплого , радушного и внимательного приема , как в Нева-Холл .  Нас встретили , выслушали , ответили на все наши вопросы , помогли с выбором блюд , с оформлением зала и со многими другими вопросами .  Выбор блюд огромный , к оформлению столов подходят творчески , к репутации ресторана относятся очень серьезно и это не может не радовать .  В момент проведения торжества всем гостям , кто хотел покурить , были предложены теплые пледы ( курительная беседка находится на улице и это только в плюс ) .  К гостям вообще относились с уважением и старались предупредить все их желания .  Несомненным плюсом при выборе этого ресторана стало еще то , что при заказе мы получили в подарок каравай ( очень вкусный ) , торт ( понравился всем гостям ) и номер в гостинице , в который утром принесли вкусный , красиво сервированный завтрак .  В этом ресторане тщательно подходят к проведению торжества .  Были учтены все наши мельчайшие пожелания , даже цвет роз , используемых при декорировании столов .  Места для свадебного танца молодоженов более чем достаточно .  Сам ресторан находится во внутреннем дворике , тем самым создавая некое уединение .  В общем , мы всем советуем этот ресторан для проведения свадебного празднования =) Василий и Наталья .  P.S. И не забывайте , что хороший тамада это 50 % великолепного празднования .  В этом ресторане вам могут посоветовать очень хорошего тамаду и их совету можно доверять .  У нас был Алексей Пашин и мы его всячески и очень советуем ! =)  ",1
361," ЕАБР прогнозирует замедление темпов роста экономики КР до 2,4 процента. Об этом говорит в макроэкономическом обзоре Евразийского банка развития по итогам третьего квартала 2016 года.    Отмечается, что внешнеэкономический фон будет характеризоваться низкими темпами роста мировой экономики и слабым восстановлением цен на глобальных рынках энергоресурсов и продовольствия.   Ослабление экономической активности в странах – основных торговых партнерах приведет к снижению как внутреннего, так и внешнего спроса на кыргызские товары. Внутренний спрос будет ограничен умеренным ростом объема денежных переводов мигрантов. Рецессия в России и замедление экономического роста в Казахстане скажутся на объемах кыргызского экспорта в эти страны. К тому же номинальный объем экспортной выручки будет формироваться на фоне слабого роста мировых цен на золото.   Благодаря сложностям ожидается частичное переключение потребительского спроса на продукцию отечественных производителей и увеличение экспорта продовольственных товаров. Среди внутренних факторов, сдерживающих рост, особо выделяются достаточно жесткие монетарные условия и низкие темпы наращивания производства золота. Дополнительный импульс внутреннему спросу в 2016 и 2017 годах окажет планируемое увеличение дефицита консолидированного бюджета.      В итоге ожидается, что в 2016 году темпы экономического роста Кыргызстана замедлятся до 2,4 процента, а в 2018-м стабилизируются на уровне 3,2 процента.   ",0
55230,"Врачи просто замечательные
Врачи просто замечательные! Дай Бог каждой роженице попасть в руки ТАКИХ врачей! Ольга Ивановна, Ирина Львовна, девочки-акушерки (простите, даже не поинтересовалась, как вас зовут), спасибо ВАМ ВСЕМ огромное, что помогли моему Максимке появиться на свет. Извините за ту истерику, которую я устроила в самый ответственный момент. Сейчас я уже могу ответить на ваш вопрос: буду ли я стараться лучше со вторым ребеночком. Да, буду! И обещаю, что буду примерной роженицей. После: Впечатления исключительно положительные! ТАКОЙ доброты и тепла от всего персонала я еще нигде не встречала. Спасибо ВАМ ВСЕМ!
",1
42896,"Администрация
Был один профессионал на ресепшене Надежда, просто супер профессионал в медицине, и то, наверное, уволилась. Кроме нее никто толком ничего рассказать не может, решения принимать бояться, медперсонал сам по себе, администрация сама по себе, никакой координации, директора нет, главврача нет, старшей медсестры нет. Оценка 2.
",2
3368,"даров.. угу.. снабжение.. 20й год в этом дурдоме..
",2
26397,"пасибо за подробные разъяснения.  Мой вопрос был вызван замечанием предыдущего комментатора по поводу  современной политической борьбы : другие современные политические организации Украины, в борьбе с которыми можно было бы апеллировать к ОУН/УПА, мне не приходят в голову (возможно, что я чего-то не знаю: всё ж таки мой интерес к сегодняшней Украине лежит в большей степени в области поэзии), а про  Свободу  и  Тризуб  я подозреваю, что ежели отдать им в распоряжение город на три дня, то фотографии могут получиться вполне сопоставимые (кто и как ими при этом управляет — вполне вероятно, Вы знаете лучше).  К сожалению, радикально-националистическая  Свобода  для миллионов людей в Украине и вне ассоциируется с  УПА . Почти знак равенства. И это – медицинский факт. :(Хотя, на самом деле, никакого знака равенства нет – ни в программных документах, ни в риторике, ни в целях…Второй медицинский факт, что  Свобода  на последних выборах набрала гораздо больше голосов, чем сторонников их идеологии. Не только из-за очень хорошего финансирования и пиара на всех ведущих СМИ, не только из-за её оппозиционности, но также из-за того, что многие журналисты, которые именуют себя демократическими и либеральными, голосовали и даже агитировали в  день тишины  за  Свободу . Это ведущие украинские журналисты: Сергей Лещенко, Мустафа Найем, Соня Кошкина и многие другие. К сожалению, для Украины",1
4882,"удивительное место , сочетающее в себе уют , высокую кухню , обслуживание . все на "" 10 "" . стоит того , чтобы посетить . много раз .  Отзыв скрыт , потому что имеет низкий рейтинг среди посетителей сайта .  ",1
60924,"Увидела чёрное дупло
Обратилась в Нормодент-Центр по адресу: ул. Мясницкая, д. 13. На первый взгляд: все чисто и опрятно. Персонал доброжелательный, кроме некой, дурновоспитанной, дамы на ресепшене лет пятидесяти. При попытке записаться (по страховке) на прием к врачу по телефону, дама на ресепшене, в приказном тоне, ""дала указание"" ""обратиться в какую-нибудь другую клинику"". Я, настояв на своем, все-таки была записана к доктору Смирновой Марии Николаевне. Врач приветлив, учтив и внимателен. От посещения этого специалиста, я (наивная душа!) была в восторге! Но на этом вся прелесть, данного заведения, заканчивается! Врач нашла и «вылечила» кариес. Тут (на счастье) мне посоветовали другую стоматологию. И я решила удостовериться в качестве оказанных мне в Нормодент-центре услуг. В итоге, при первом же осмотре в новой клинике, врач предложила мне вскрыть недавно установленную Смирновой М.Н. пломбу, т. к. зуб был темным. После удаления этой пломбы, переглянувшись с медсестрой, врач спросила меня о названии той «чудесной» клиники и ФИО врача, где мне была оказана столь «высококвалифицированная» помощь. Она предложила мне зеркало, что бы я сама убедилась в том, как замечательно мне вылечили этот самый кариес. Когда я посмотрела в зеркало на свой зуб, я увидела чёрное дупло, что говорит само за себя! Для себя я поняла, что такое целенаправленное бесконечно-долгое лечение у врача Смирновой М.Н. в Нормодент-центре на Чистых прудах ведет к ее обогащению, но к моему разорению, уничтожению моих почти здоровых зубов и обладанию максимально дорогостоящими протезами на присосках, украшенных бриллиантами!
",2
4646,"Спасибо отелю «Невский Двор» за гостеприимство. Часто бываю в командировках, в том числе и в Питере. По соотношению цена-качество лучше пока не встречал. Бронировать удобно – девушки в отделе бронирования схватывают информацию «на лету». Номер заказывать лучше заранее, особенно в летом, так как свободных может и не быть. Оформление при заезде занимает считанные минуты, что очень важно, когда ты с работы или только собираешься туда. Номера удобные, тихие. Вообще отель находится во дворе, так что никакого шума с улицы нет. По услугам меня все устраивает: интернет есть, если нужно распечатать или отсканировать документ, проблем не возникнет, даже одежду постирают и погладят при необходимости, и такси в аэропорт закажут и билеты на поезд. В целом, если нужен комфортный отдых после работы и спокойная атмосфера, советую этот отель.",0
3755,"Вы имейте ввиду, что задача инструктора по вождению, сделать так, чтобы вы не сдали с первого раза экзамен и платили за доп занятия. Был такая же проблема, пришёл ругаться и забирать документы из автошколы, они чтобы не было отрицательной статистики отправили сдавать вождение в другой город. Там естественно было легче, так как там даже светофоров нету.
",0
1965,"90 не будет этим заниматься. Хохлов отрезают от базы знаний, блокировки, запрет физической литературы, издателй, всё это совмещено с запретом русского ирл, и это прекрасно. Ибо хохлам ничего взамен не предлагают, тк никто в салоине не занимается укромовным книгоизданием всерьез, а читать литературу на английском там могут в единицы.",2
11814,"Никакой тактичности
Сегодня 17.04.15 примерно с 11:20 до 12.00 была на флюорографии. В кабинет заходили по 3 (!) человека сразу, а при выходе на мою просьбу подождать и дать мне хотя бы надеть белье, врач сказала: ""Я сейчас позову сюда взрослых мужиков и посмотрю, как ты будешь просить одеться!""
Что это, вообще, такое!? Мало того, эта ""врач"" допустила то, что вся приёмная узнала о том, что моя одноклассница курит.
А как же врачебная тайна? Отвратительно и мерзко!
",2
37922,"Прекрасный отель на Ленинградском проспекте. Отличный, очень отзывчивый обслуживающий персонал. единственный недостаток, конечно требуется ремонт номеров. очень понравился завтрак. Рядом много хороших ресторанчиков и кафе.",0
7273,"А вот в том, что  прессу оповестили раньше  -- сильно сомневаюсь. Как-то не верится, что администрация нашей колонии может всерьёз рассматривать какие-либо жалобы заключённых на себя саму...  Что хотели, то и получили)  зря зечки её там прессуют, она единственная, кто может им помочь. они хоть сто раз пожалуются - всё как об стенку горох, а у этой видишь резонанс.  С днем рождения!Успехов и благополучия!  С прошедшей днюшкой.  Ну да, а им еще международный тур прочат.   вот-вот, пророчества эти - промоушн чистой воды. Денег нужно заработать Пете.. Кстати, он тут в жж пишет? есть один персонаж, на которого думала несколько раз..   После такого опыта дури зачастую прибавляется.  Ненормированный рабочий день (часов 16) на протяжении нескольких месяцев в условиях четырёхчасового сна, отвратительного питания и никудышних бытовых условий неизбежно вёл бы к массовому вымиранию спецконтингента, ну да.   А Вы не плачьте, сдерживайтесь.",1
27264,"Невозможно дозвониться
В клинику на Ленинградке дозвониться невозможно. Там вообще не берут трубку. Записываться приходится через многоканальный (очень много невежливых операторов), что тоже очень сложно. Вроде круглосуточный, но ждать по полчаса, пока тебе ответят. Кроме как к знакомому врачу не хожу, т. к. лечилась у него в городской клинике 10 лет. И не пойду. Не верю в квалификацию.
",2
11997,"ОТличное место , всем советую !!  ",1
37843,"Кусок мяса с деньгами
Приехали в полночь с болью в животе. На ресепшене ждали мин. 15, далее ждали врача еще мин 10. Пару вопросов, пару манипуляций отправил на УЗИ за 218 евро и анализ крови. УЗИст невоспитанный врач, сложилось впечатление, что это он мне платит, разговаривать вообще отказался. Вернулись с анализами врач говорит я не знаю может язва может аппендицит, давайте еще кт и МРТ сделаем, а после лапораскапию стоимость от 4500 до 8000 евро. Если аппендицит, то вырежем, если нет, то закончим. Нормально так. Рядом пришел похожий пациент с симптомами так они ему все тоже самое сказали и он согласился. Забрали супер анализы поехали в обычную клинику. Врачи там посмеялись анализ крови не о чем! Только лейкоциты и это за 94 евро. Поставили диагноз. Никакого аппендицита. Надеюсь этим врачам вернется их отношение к людям. Развод-разводный счет вышел поболтать с доктором, УЗИ и кровь 450 евро.
",2
46546,"Благодарность медсестре Яхиной Динаре
Выражаю свою благодарность медсестре ЛОР отделения Яхиной Динаре за внимательное отношение к пациентам, за добрые слова, приветливую улыбку. С удовольствием ходила на процедуры. Спасибо вам Динара большое.
",1
19752,"Я Вас правильно поняла?   Как и множество  больные  далеко не полностью пересекается с множеством  штанга во время беременности .   Очевиднее не значит в данном случае женственнее.  Нормальное такое, адекватное сравнение: поскольку негритянки в Африке мрут во время беременнности и родово от антисанитарии и недоедания, надо запретить занятие штангой беременным белым.   А дамы со штангами точно так же сейчас рассматривают фоточки женщин в халатиках  на сохранениии  и рассуждають о том, стоит ли позволять больным размножаться?   Вересаев писал со знанием дела и вполне провидчески. И сегодня беременность в ряде случаев сопряжена с серьезными испытаниями для женского организма, отягощенного стрессами, плохой экологией, вредными привычками и некачественным питанием. Разумеется, сто лет назад младенческая и материнская смертность были очень велика, а нынешний уровень медицины качественно другой, но кто отменял элементарное благоразумие? Беременная тетя с тяжелой гирей на собственной пояснице, а значит, с нагрузкой на плод, который связан с ее организмом самыми крепкими в мире узами – что это, как не глупая бравада с целью самоутверждения?   Есть еще куча приятных способов поддерживать, женственных способов)Тягающие штангу женщины почему-то с такими изможденными лицами, как будто каждый день вагоны разгружают с целью заработать на кусок хлеба.   Совсем не факт.  не, пусть она лучше вдохновится картинкой нечесанных волос, халатика, заплывшего жира и истерик. Ведь беременной все можно: и лениться, и истерить, а расплыться на 10 размеров! И все списать на пузо! Лафа, гуляем!   Переполошились - потому что  так неположенно .",0
53814,"Бесчеловечное отношение
10 лет не была в этом заведение и уже точно никогда туда не пойду! На регистрации там всегда сидела одна женщина в возрасте. Постоянно нервная и хамит. Пришла через 10 лет, ничего кроме ремонта не изменилось. В регистратуре хамку сменила другая, ещё более хамовитая особа. Не запомнила я её имени и фамилии. Бардак там был всегда. Талончики - раз, два и обчёлся на бесплатное лечение. Простой там с полседьмого утра, а потом узнай, что нужна копия страхового, которую, по непонятным ВСЕМ причинам (у них есть сканер-принтер) они сделать не могут! Я лучше отдам деньги в платной клинике и буду уверенна, что ко мне будут относиться, как к человеку!
",2
15450,"Лучшее отделение гастроэнтерологии в Москве
Здравствуйте! Хотела бы поделиться своей историей и оставить отзыв. Скитаясь год по детским больницам г. Москвы (Больница Св. Владимира, Тушинская больница, РДКБ, НЦЗД) с ""тяжелым"" ребенком на руках (оперированным 3 раза без верного диагноза), я в полном отчаянии приехала на консультацию к Алиевой Эльмире Ибрагимовне. После 15-ти минутного общения с ней я поняла, что человек действительно профессионал своего дела, а главное хочет помочь нашей беде. Ребенку очень быстро сделали все необходимые обследования, поставили диагноз и назначили лечение. Хочу выразить огромную благодарность Алиевой Эльмире Ибрагимовне и нашему лечащему доктору Горячевой Ольге Александровне! Спасибо Вам огромное за нашу девочку! Могу смело заявить - это лучшее отделение гастроэнтерологии для детей с ВЗК в г. Москве!
",1
20748,"провели в этом ресторане чудесный субботний вечер .  Попробовали многое : суп из фасоли , хинкали , аджарские хачапури , кюфту , шашлык , тжвжик , женгялов хац , фирменный торт Гаянэ и торт Наполеон - все непередаваемо вкусно !  Ни одно блюдо не разочаровало , это был просто вечер гастрономического восторга !  Выбрали армянское вино Вернашен - и не прогадали , вино чудесное , всем рекомендую .  Прекрасное обслуживание , приятная атмосфера ... наконец-то в центре Москвы можно вкусно и приятно провести вечер ! миллион плюсов этому ресторану !!!!!  ",2
30756,"Не приняли справку
Хотел продлить срок водительских прав, обратился в этот медицинский центр, если его можно так назвать. На ресепшене мне озвучили цену на 500 руб., дороже цены на их сайте. После ругани девушка согласилась сделать якобы скидку. Осмотрел меня всего один врач, он, наверное, универсал))). Все бы не чего, но в итоге у меня не приняли эту справку в ГАИ, т. к. сделав запрос, выяснилось, что лицензия не зарегистрирована в РосЗдравНадзоре. Всех хочется предостеречь от этого медицинского центра.
",2
7687,"Плохое отношение к больным детям
Нас привезли в эту больницу на скорой помощи, требовалась госпитализация: у ребёнка температура поднялась до 39.6, до приезда в эту больницу отмечался предсудорожный синдром. Нас посмотрели 3 специалиста: лор, педиатр, невролог, сделали рентген грудной клетки. на предмет пневмонии, которую после снимка исключили. Волокита длилась два с половиной часа, периодически мы меряли температуру, когда она поднялась до 38.8 мы попросили оказать нам помощь в виде укола, на, что нам ответили, что скорая, которая вас привезла пускай вас и уколет, в госпитализации нам отказали, т. к. у них было закрыто отделение до 2-х лет и предложили нам уехать в другую больницу. Температура поднялась до 39.6, но к нам больше так никто и не вышел, только было слышно, как персонал возмущался, что мы ещё никуда не уехали, а скорая в это время пыталась дозвониться до больниц, которые могут нас принять. Я сама медработник и очень возмущена таким отношением к больным детям. Мы из Моск. обл., но мой ребёнок ничем не отличается от ребёнка-москвича, в экстренных случаях ко всем детям должен быть одинаковый подход и оперативные действия!
Бог судья таким горе врачам, у них тоже есть дети и они сами могут попасть в такие же условия, как я и мой ребёнок! Советую людям сто раз подумать, прежде чем обратиться в эту ""заслуженную"" клинику.
",2
5986,"Останавливался на два дня. Ничего плохого сказать не могу, цены в ресторане порадовали, качество еды тоже. Ночью тихо, вот только потек кондиционер. И обслуживание номера происходило крайне поздно (после 15.00), наверное из-за 15 этажа)Честные три звезды. ",0
50940,"Благодарность сотрудникам поликлиники
В сентябре 2014 года у моей дочери резко ухудшилось зрение с 1 до -2, 5. Окулист поставил диагноз миопия и назначил лечение на месяц, которое включало в себя не только лекарственные препараты, но и физиотерапию, рефлексотерапию. Хочу выразить свою благодарность рефлексотерапевту Глуховой Наталье Ивановне, за профессиональный подход к решению нашей проблемы со здоровьем. После лечения 10 процедур рефлексотерапии, окулист порадовал нас, что один глаз стал видеть лучше. Обязательно пройдем курс рефлексотерапии еще раз. С наступающим Новым годом Вас, Наталья Ивановна. Вам и вашему коллективу доброго здоровья, душевного покоя, домашнего уюта, а также внимания со стороны друзей и близких.
",1
20386,"Я еще никак не пойму, что там в районе пятого катка... А вообще - логично. Совершенно неизвестно, откуда вылезет супостат.  А то?!  )   Вы ещё  малку  вспомните....Стоп,это 11 уровень САУ...Да,надо что-то на 12.:)))  Это был не наезд, а просто вопрос. Соответственно, ответ должен быть:  А то!  =)  В районе пятого катка пулемет ПКТ, обращенный под углом назад. С другой стороны такой же, на каждый по 1000 патронов. Вы же ссылаетесь на Вику, там все это написано. Больше всего меня поразило, как они запихали туда столько народу и боеприпасов.",1
14122,"В Melia по определению плохо быть не может. Номер был угловой с видом на реку и мост. По размеру средний. Под окном трамвай, что летом наверное мешает. Мы были зимой и окна не открывали, а звукоизоляция отличная. Халаты-тапочки само собой. Шампуни-кремы как всегда отличного качества. Про постель - отдельная тема. Матрасы новые, удобные, подушек не помню сколько: 5 или 7 на двоих, много. Шампанское на завтраке - очень кстати, так как у мужа был день Рождения. Помимо этого- яйца, блины, кренделя с каким хочешь вареньем-шоколадом, мяски- колбаски, сосиски-котлетки, в общем, всего не упомнить. Но отель мужа не поздравил. Расположение отличное, сама улица вся в магазинах и транспорт рядом.",1
14259,"Буду лечится в другой клинике
Я иногородний, гражданин РФ, работаю в Москве, имею полис ОМС и свидетельство о регистрации по месту пребывания в районе действия данной больницы. Сегодня утром я со всеми имеющимися документами обратился за медицинской помощью в регистратуру по узким специалистам и получил следующее: 1. На сегодняшний день работники регистратуры воспрепятствовали мне в реализации моего законного права, предусмотренного в п.1 приказа департамента здравоохранения правительства Москвы от 14.11.2008 г. (№931/131), но и ст.41 Конституции РФ - отказали в регистрации и заведении карточки, ничем это не мотивировав. Было предложено придти завтра в 6 часов вечера, ни о каком заявлении на имя главного врача не было сказано ни слова, а как мне быть сейчас и чем лечиться непонятно. Медицинский работник даже не спросил Ф. И. О. и не внес мои данные в реестр обратившихся пациентов. Мол иди мил человек, откуда пришел, вот если бы ты умирал - тогда другое дело. 2. Обязанность медицинского учреждения оказывать пациентам медицинские услуги не вызывает сомнений. Впрочем, также не вызывает сомнений и тот факт, что медицинское учреждение, при невозможности оказания лечебно-профилактической помощи обязано обеспечить пациенту помощь в другом медицинском учреждении, также участвующем в программе ОМС. Незаконность отказа в оказании медицинской помощи работниками медицинского учреждения очевидна. 3. Буду лечится в другой клинике, слава богу есть альтернатива. Это безобразие, а страдают люди.
",2
15649,"Грубость и хамство сотрудников больницы
11 августа 2010 года я неоднократно обращался за помощью по телефонам в Морозовскую больницу! Никакой помощи кроме отказа, хамства и унижения я от сотрудников данного медицинского заведения не получил. На мое предложение представиться сотрудники бросали трубки! Позор руководству больницы, что оно держит таких сотрудников.
",2
31326,"Две недели ждала анализы
Пошла в этот мед. центр в надежде вылечить мою эрозию. Записалась на прием. Пришла в назначенное время, врач задержалась на 1 час почти. Ну это ладно, пробки и все такое, я еще могу понять. Сходила на прием, отвалила кругленькую сумму. Да, когда записывалась на прием, сказали, что гинеколог стоит 800 р., а когда начала расплачиваться, оказалось, что 1000 р., так как 800 р. - это мед. центру, а 200 р. - это врачу. Ну да бог с ними, взяли у меня анализы. Девушка Анна на ресепшене обещала, что 2-3 дня максимум будут анализы делаться, и она мне позвонит. Прошло 4 дня, 5, я звоню, а она: ""ой простите, я потеряла ваш телефон, но я помню""! Брехня, она заполняла мою анкету, записывала меня в журнал! В общем, после моего звонка, обещала еще раз перезвонить. Прошло 2 недели, я пришла сама! Даже не извинилась, что так долго не было результатов и все такое. Как с гуся вода! НИКОГДА НЕ ПОЙДУ в этот центр! Лучше пойду в городскую клинику и за бесплатно (ну хотя бы намного дешевле) все сделаю! А пошла к ним только из-за того, что они рядом с моим домом и работают в удобное мне время!
",2
23859,"... Да какая разница? Апатеисты предпочитают не верить, поскольку верить сложнее, чем не верить. Зачем вводить лишние сущности, знаете ли. Это люди, которые, скорее всего, не будут спорить о религии, даже если поп будет махать кадилом прямо перед их носом, поскольку спор на тему религии - это нелепые телодвижения, которые того не стоят. Лучше мануал почитать какой-то, что ли.Остальные типажи:Воинствующий атеист: 42%Теист: 33%Агностик: 67%Духовный атеист: 83%Научный атеист: 83%Озлобленный атеист: 67%  Агностик: 75%Агностики серьезно рассматривают возможность того, что они неправы в своем решении относительно существования или несуществования бога. Они скептичны до умопомрачения, при этом чаще всего не смеют полностью отбрасывать даже самые нелепые доказательства.Остальные типажи:Воинствующий атеист: 8%Теист: 25%Апатеист (равнодушный атеист): 58%Духовный атеист: 42%Научный атеист: 58%Озлобленный атеист: 25%Вопрос, а почему  Вас такой большой процент  воинствующий атеист ? Смысл с ними спорить? Это же бесполезно и не конструктивно.  Апатеист (равнодушный атеист): 83%Ммммм.... Да какая разница? Апатеисты предпочитают не верить, поскольку верить сложнее, чем не верить.",1
15739,"Лужок разворовывал Москву так, как Собяниным еще только предстоит.  :-)Относительно хлама, это к руководителям соответствующей отрасли. Поезда типа  Славутич  по факту были готовы еще 20 лет назад, а в серию запущены совсем недавно...  Я не испытываю иллюзий на тему Лужка, но что то мне сдается,что он отказался устраивать тотальную монополию города на транспортные нужды населения.Так как держался он в основе своей за счет поддержки пенсионеров.А то что мы сейчас наблюдаем,ударит больнее всего именно по ним, там еще до кучи  чудеса чудные пропихиваются в соц помощи пенсионерам, за деньги.Кстати ЛИАЗы вспоминаю всегда с теплотой-достаточно удобный и теплый зимой автобус,по сравнению с икарусом.Ходили они до начала 2000-х, лет 10 их я уже не видел точно.Так что тут на Лужка катить не надо, он на закупки автобусов мерседесовских,как раз в конце 90-х, думаю не плохо поимел.  Да, комменты превосходные:)  С чего вы взяли что Ликсутов желает отдать всё Мосгортрансу (что кстати было бы вполне правильно)? Шульц же сам тоже раньше писал, что как раз речь идёт наоборот о развале Мосгортранса и передачи его маршрутов частникам.",1
70377,"Врачом довольна
Всем привет! Теперь и я могу отписаться, напишу коротко, клиникой очень довольна, обстановка какая-то очень теплая и заботливая. Врачом, выбранным мной (Файзулин Т. Р.), очень довольна. Делала операцию 18 янв.
",1
20248,"Посещаю регулярно данное заведение с конца 2011г , всегда нравилось отношение обслуживающего персонала , блюда , все быстро , оперативно , доброжелательно , рядом с домом , проблем никогда не было . 1 ноября , приблизительно в 23 часа , обратил внимание , что новый охранник на входе в заведение , который потребовал сдать верхнюю одежду в раздевалку , что было сделано , в последствии обнаружилось что из верхнего наружного бокового кармана пропали 22500р , обнаружил это только на следующий день .  ",2
54490,"Стерильность
Сегодня на приеме у стоматолога, не буду называть фамилию, вопрос наверно больше к рук-ву, выяснилось, что нагрудные салфетки многоразовые и переходят от клиента к клиенту. Честно была шокирована.
",2
4008,"Менеджеры Боинг, Эйрбас и Эмбрайер довольно потирают руки.)  При этом, учтите, что у нас огромный провал в региональных перевозках. Касаясь первого графика перевозка пассажиров/млн. км., то он ни о чем, если Вы сравните динамику перевозок, то рост был достигнут за счет дальних перевозок в зарубежные страны (такие пропорции характерны для колониальных стран). Подводя итог через 20 лет реформ и 12 лет путинзима мы не достигли- мы пока не достигли уровня CCCР. Касаясь авиапрома, мы вообще в большой Ж.  То есть советский уровень будет достигнут (если будет достигнут)   лишь в 2017 году, после 26-летнего (!)  провала. ЧИТД.",1
3905,"Очень рада
Делала в больнице гистероскопию. Оперировала Динара Ирековна. Врач волшебный, чуткий, профессиональный. Видно, что она источник энергии и позитива для коллег и поддержки для пациентов. Каждый пациент для нее особенный и это чувствуется. Я очень довольна, что попала именно к ней! Динара Ирековна, поклон Вам и сердечное спасибо!
Не могу не отметить внимательных медсестер -спасибо вам большое, здоровья вам и семьям!
",1
38266,"Выбрали отель из-за истории отеля, месторасположения и наличия парковки. Вмцелом все понравилось, есть возможность провести внутри фотосессию на фоне интерьеров Метрополя. Также в пешей доступности Красная и Манежная площади. Внутри отеля витает дух старины, что также придает ему определенный шарм.",1
26090,"Инвитро на Люблинской
Пишу отзыв не о самой лаборатории, а о враче акушере-гинекологе (врач УЗИ) - Инджгия Лида Резоевна. Очень внимательный, отзывчивый, грамотный и опытный врач. Не раз к ней обращалась (и обращусь еще), побольше бы таких врачей-гинекологов! Спасибо Вам!
",1
20095,"Несоответствие цены
Были с ребенком в этом центре сегодня, не понравилось, что цена озвученная по телефону, не совпала с оплаченной мною суммой за прием педиатра (оказалась на 300 рублей выше). И с расценками на сайте эта сумма не сходится. Мы пришли выписаться и взять справку в сад, справка стоит 100 руб., прием врача-педиатра профилактический (без антропометрии) 700, по телефону мне озвучили сумму 800 (предупредив, что если ребенок окажется болен и будут назначения врача, прием будет стоить 1000), нас выписали и взяли 1100, педиатр смотрела 1 мин. и справку заполнила. На мой вопрос к администратору, что по телефону мне озвучили 800 руб., она предпочла промолчать, я спорить с ней не стала. Мы были записаны на 12.20, опоздали на 7 мин., когда пришли педиатр была свободна, пока нас оформляли в кабинет вошла пара с ребенком, записанная на 11.40, в итоге нас приняли только в 12.50 (мы ждали приема больше 20 мин.), кабинет педиатра рядом с входной дверью и там тесновато, когда кто-то входит или выходит, задувает с улицы. Были на приеме у Федоровой, приятная женщина, больше написать ничего не могу, т. к. ребенка она просто осмотрела и выписала справку.
",2
59816,"Испортили очки
Пыталась отремонтировать чуть погнутую дужку очков. ""Мастер"" с апломбом сказал, что мне нужно ремонтировать не правую, а левую, 10 минут корпел над оправой. Итог - нарушена геометрия очков, на носу они сидят криво, глаза ""в кучу"", левая дужка (зачем он вообще ее трогал?! С ней все нормально было!) давит невыносимо, еще и исцарапал очки за 3500 рублей и на переносице белесоватое пятно теперь - видимо, след от пальца остался при нагревания. Категорически не рекомендую!
",2
53545,"Очередная благодарность любимому Силикону
Обращалась вчера в очередной раз! И снова моя проблема решилась быстро и качественно! Огромное спасибо доктору Мишиной М.! Вы меня спасли!
От себя добавлю врачей, которых рекомендую, т. к. лично лечилась у них и всем довольна! Терапевты - Черновская и Мишина, коронки ставила у Агафонова - супер врач. Врачи НЕ РАЗВОДЯТ на лишние деньги и это, безусловный, плюс! жаль, что я во время беременности не обращалась к ним, сэкономила бы кучу денег.
Еще раз спасибо!
",1
62418,"Я влюбчивая очень
Подруга подарила мне сертификат со скидкой 75% на чистку полости рта, записалась в клинику на Академической. Сверхъестественного ничего не скажу, все на уровне, чисто, без боли, понравилось, и еще ""изменила"" своему стоматологу, поставила у них пару пломб). Боюсь, еще пойду к ним, атмосфера уж очень теплая). Спасибо.
",1
40189,"Был в этом отеле на конференции с проживанием. Хорошие новые номера с очень удобными кроватями, вкусный завтрак шведский стол, отличные залы, оборудованные всем необходимым, вкусные кофе-брейки - все это вы найдёте в этом отеле. Также мне очень понравился дизайн Ибис Динамо. Спасибо всей команде отеля за радушный приём! ",1
3403,"Людей рубят - щепки летят
Гнойное отделение - это пыточная времен инквизиции. Больше и говорить нечего.
",2
49468,"Плохое отношение к пациентам
Это кошмар, моему возмущению нет предела! В четверг в больнице ГРУДНИЧКОВЫЙ день. Но то, что там больше 60 % далеко не грудничков -ладно. Врач принимает до 14.00. Мы с полуторамесячным ребенком пришли в 11 (!). Очередь не двигалась до часу а вообще, т. к. понабежали ""платные"" больные (в коридоре ловят медсестру, платят ей денежку, она их без очереди водит везде). В два она вышла и сказала: ""Я задержусь на пол часа, не расходитесь"". В итоге: в 14.40 она перед нами уходит домой! А нас осталось два человека (мы - 1,5 мес. и полугодовалый малыш).
Блин, ну если ты задержалась, прими всех! Видит же, что два человека только, а не толпа! И на наши возмущения она сказала что не надо под конец смены приходить! А то, что мы сидим там уже три часа, ее не волнует. И вообще, этому врачу самому проверится не мешало! Кричит, хамит и грубит! Если ты не любишь свою работу - увольняйся!
",2
1786,"Мне злесь понравилось из-за расположения отеля - самый центр. обслуживание на высоте, персонал всегда поможет. Завтрак вкусный, а пообедать и поужинать можно в каые и ресторанах неподалеку- выбор огромен. Удобное расположение для тех, кто хочет посиотреть Las Ramblas и другие достопримечательности. В моем номере был балкон с отличным видом.",1
44075,"достаточно скромный отель, номерной фонд слабый, требуется реновация, совершенно не стоит тех денег, что за него просят. Завтраки для трешки нормальные. Рядом есть Фэмели маркет. На пляже идет стройка, рядом с отелем планируется еще одна стройка. Ближайшие год-два делать здесь нечего.",0
24601,"Вчера ужинали с женой в Узбекистане .  Единственное , за что стоило бы платить - оформление зала и одежда официантов .  Парковка битком , к нам никто даже не вышел помочь припарковаться .  Швейцар в ноль градусов стоял грелся внутри помещения .  Когда начали приносить блюда , охватил тихий ужас - ни одно из них не было нормально посолено .  Свежая , надо отметить , баранина была просто бестолково испорчена .  Почти за 800руб . на стол было подано аж 3 !!!! манты !  Супы шурпа и дюшбара не отличались хорошим наваром в принципе , были разбавлены водой , либо мало варились , так же обильно посолены .  По итогам счета на 4 000руб . все запивали Колой , просто отвратительно !! Повару за это надо руки оторвать !  Хотелось устроить скандал в самом рестраране , пожалел людей и детишек , которые пришли на ДР. Второй день маемся .  ",2
14705,"Побывал в четверг , с коллегами .  Из того что понравилось - меню со значительным количеством пельменей и вареников .  Отличный нефильтрованный квас .  Вкусные вареники .  Из того что не понравилось : Вареный юноша официант .  Ну прям все через одолжение .  Отсутствие в наличии трех видов пельменей - ну б .... я я де пришел есть пельмени .  Еще не было пару позиций из меню .  Принесли не то , что заказывали .  Какой то атмосферности , русскости и прям вкуснятины , которую я ожидал , не увидел , не понял , не прочувствовал . в общем крепкий такой перекусон-ресторан , если закрывать глаза на все минусы .  Рядом "" Баклажан "" полный и веселый , в следующий раз если буду голодным то пойду лучше туда .  В "" Дюжину "" не интересно .  ",0
7113,"Гинекологи и реаниматоры - СПАСИБО ВАМ!
24 февраля попала в тяжелейшем состоянии в отделение гинекологии. Была экстренно прооперирована. Спасибо огромное всему отделению гинекологии и реаниматорам, выходившим меня и сделавшим все, что бы семья не осталась сиротой без матери. Великолепные врачи и отличный медперсонал, работающие с душой и делающие все чтобы их паценты были здоровы. Низкий вам всем поклон.
",1
4275,"Сразу оговорюсь, считаю подходящим для девушек, так как не люблю маленькие авто - лично мое мнение! Carina Е - мой первый автомобиль, и я считаю его очень удачным приобретением! Авто ни разу не подводил, даже в минус 30 и ниже (для Урала обычная зимняя погода). В эксплуатации уже 2 года, всего авто на момент написания отзыва 19 лет. Кузов в хорошем состоянии, ходовая часть тоже. За все время меняла только масла, фильтры, моторчик печки и передние стойки. На мой взгляд, это отличный показатель. Багажник вместительный, спокойно входит коляска и остается еще достаточно места. Салон так же вместительный, сзади 3 человека сидят свободно. Расход бензина экономичный, смешанный 6,5 л./100 км. Несмотря на год производства комплектацией предусмотрено наличие ABS, электросвеклоподъемников (все 4), кондиционер (его работу могу оценит на твердую ""4""). Еще радует 4 положения работы дворников, регулировка водительского сидения по высоте и регулировка жесткости спинки. ",1
41121,"Отель маленький, но очень уютный. Персонал отзывчивый. Меню очень разнообразное и очень вкусное. Особенно десерт. В номерах даже самых экономных, все идеально. Сам район тихий, спакойный.Единсвенный минус это долеко от метро.",1
53696,"Отказ в приеме
В 2012 году будучи беременной с сильной болью, мне в очень ""вежливой"" форме отказали в выдачи талона. Прибавив к этому, что надо было получать талон с утра ведь не появилась же у меня боль прямо сейчас. Зато передо мной были два парня, брали талон девушке, у которой не было времени прийти. Регистраторша поговорила с ней по мобильному и дала ей талон. Для меня это было шоком. Больше я туда не пойду! Я лучше платной поликлиники буду зубы лечить. Пусть за деньги, но зато точно примут!
",2
22239,"Результаты посещения женской консультации
Здравствуйте!
Результаты посещения Ж/К 164. Мне 62 года и у меня уже таких женских проблем вроде выделений, зуда и проч. не бывает. Пошла к врачу, потому что сильно болел яичник. Попала к Тимченоко. Врач компетентный, но вечером обнаружила на черном белье белые пятна - неприятно, но на следующий день было назначено УЗИ и я побежала. УЗИ проводила врач Самашулия. Грубая, но это не самое страшное - хуже то, что домой пришла у меня начался зуд, жжение и щипание во влагалище, вокруг него и до ануса. Что она мне туда внесла, не знаю. Обидно, что пришла здоровая, уже много лет не знала никаких гинекологических проблем, а теперь вот обзавелась.
",2
42727,"Хороший Отель, прекрасное обслуживание, но он семейный с детками или более взрослой категории людей, а вообще не плохо тут, дабе песнями порадовали сегодня русскими . А вообще для релаксации и самого спокойного отдыха, подойдёт. Отличный сервис и самое главное офигенный массаж. ",1
9716,"Разве что симметрией кристаллической решетки. Это как ломать графит в карандаше не поперек(что элементарно) а вдоль.
",0
68438,"Зубы лечим только там
Лучше клиники не знаю, врачи высочайшей квалификации. Перестали бояться лечить зубы даже дети. Дочка просится к врачу ""волшебные ручки"" как мы его зовем, и на приеме у Ильи Анатольевича Коханюка, лечим молочные зубки без слез и обезбаливаний. Рекомендуем всей семьей. Цены очень приемлемые.
",1
7936,"Народ опять облапошили:Зная, как народ уже ненавидит Единую Россию и властьприхлебающих от неё - Народу втерли будто Собянин не от власти - он  самовыдвиженец  - ага а временно исполняющим обязанности мэра Москвы он тоже сам себя назначил?Перед выборами - вся Москва была покрыта новым асфальтом, хорошо - почти вся. И блистательный отчет Собянина - мол потратили на 30% меньше денег на это... Ну молодец - а чего только перед выборами? И почему не разобрались и не посадили тех кто раньше эти 30% (а я думаю что и поболее) себе в карман клал?Я телик не смотрю но, вот смотрел:На канале ТНТ как раз в пятницу - за день до выборов в новой программе комеди клаб  нечаянно  в зале оказался Собянин, которому задали  случайные  но очень удобные вопросы, по которым он залихватски отчитался перед москвичами (а что раньша да и всегда это сделать нельзя было?) И сразу после блистательного отчета в.и.о, пустили опускающий юмор про оппозиционера (Навального), причем юмор с бородой и был содран с юмора в котором высмеивали власть - мол как бороться с проституцией - мы их всех и так в  кабинетах у себя  борем  и т.д. и т.д..... Но в комеди клаб почему-то  случайно  обсмеяли  оппозиционера  - и это ведь задаром! не из предвыборного фонда кандидата!Да Собянин - самовыдвиженец и он не использует властный ресурс для переизбрания самого себя, и поэтому:1. на участке где я голосовал - было всего 2 дома, около 400 избирателей в списках и одна книга - зато 2 КОИБ и 5 наблюдателей!! Известно что где стоят КОИБ там наблюдать особо нечего. Максимум при подсчете голсов могут накидать властьимущим.2. на участке где голосовала моя жена - в школе ХХХХ где целый район и избирателей под 2000 - стояло 2 обычных урны с широкой возможностью фальсификаций и всего 1 наблюдатель и догадайтесь от кого? от Собянина! Я с ним поговорил мило - тот сказал что на подсчет голосов оставаться не будет - а известно что в момент подсчета голосов основные фальсификации и делаютсявопросы? кто должен победить?  Собянин проиграл ( при такой явке и админресурсе это просто провал), что бы там кто ни трещал. Ему бы задуматься, если есть чем, конечно. В такой ситуации правильнее был бы второй тур, но почему-то побоялись!  У лузерному кандидату предстоит долгая дорога в казенный дом.. там у него появится много новых друзей,любителей гомяков.. будет время подумать и подготовиться к новым выборам..Жалко,что ему не составят компанию всякие кацы.волковы и ведутки..    Хорошо сказал!  Да нет, не так.  Мне думается, нужно рассмотреть все жалобы справедливо, под общественным контролем.",0
4570,"не переживай!есть, есть люди, которым москвичи пофигу.)))))))))))))  мира, я разделяю твою точку зрения, что любить и гордиться и воспевать свой город, имеет право каждый человек, а уж в своём журнале и подавно.но, далеко не каждый человек, на это способен и этого желаетчаще всего, чаяния и интересы граждан не выходят за края   потребительской корзины , поэтому твоя любовь, вызывает у разных людей неоднозначные эмоции :))москва мне нравитсякоренные москвичи, люди разныемосква их вотчина, домзнаешь, любой бы озверел, если бы к нему массово приезжали в его дом и гадили по углам и качали бы права и нагло бы занимали любимые, милые сердцу уголки в его доме.  даже если твоя байка будет самая хреновая, все равно за нее.  чтобы воспевать свой город, нужно чтобы там были памятники культуры, жили образованные люди и была хоть какая-то история, москве в этом плане повезло, все отремонтировано, ничто не забыто, количество коренного населения хватает, вне зависимости от исторических перепитий (в плен не угоняли, с землей не сравнивали) и культурной массы тоже в избытке, в других городах с этим напряженка всегда была...москвичей не любят, потому что им все от рождения досталось, не нужно на панели стоять или дом из кирпичей к олимпиаде складывать, чтобы прописку получить)))...почему сейчас не любят - не понимаю, сейчас даже прописка не нужна, чтобы в москве на работу устроиться...  я вообще не знаю, как голосовать?!я живых москвичей видела лет 30 назад и не помню, чтоб они как-то выделились.  на мой дилетантский взгляд, ненависть провинциалов к москвичам имеет те же корни, что и ненависть россиян к американцам. причина в банальной зависти к более (по их мнению) удачливым, обеспеченным, процветающим, независимым, имеющим более высокий уровень жизни, будущее для детей и т.д. людям. это идёт ещё с тех времён, когда из нищей глубинки в москву ездили за колбасой: в столице-то всё было!  ах, мириам...если что-то вызывает у мимо проходящего человека сильные негативные чувства, то скорее всего, это зависть.что такое зависть?зависть означает, что мы хотим, чтобы это (предмет зависти) было у нас.",1
6348,"были с друзьями , я первый раз . ( почти все на диете )))) ... спорт и все такое ) поэтому : ассорти из кабачков , ананасовый , молочный коктейль , овощной салатс оливковым маслом , греческий салат , апельсиновый сок ..... вкусно , без притензий . были в воскресение после 19.00 ..... тихо , спокойно .... интерьер хороший , мягкий ........ + меню , интерьер на фото .  ",1
15792,"Не согласна с предыдущим отзывом !  Я частый посетитель этого заведения , и хочу сказать , что там всё на высшем уровне !  Официанты приветливые , вежливые , энергичные !  Так как я часто там бываю , попробовала многие блюда , могу с уверенностью сказать , что повара которые их готовят вкладывают душу в свою работу ...  Если кто то хочет провести своё свободное время в хорошей обстановке , отдохнуть , потанцевать , либо просто вкусно поесть , то вам в ТЕРРАСУ !!!! :)  ",1
68312,"Лечение кисты
У меня началось воспаление во рту, не знала к кому обратиться, знакомые посоветовали клинику Абакарова. Там осмотрели, сделали снимок, оказалось под коронкой начала развиваться киста. Пришлось снимать коронку и проводить лечение. Однако все сделали хорошо, сейчас никаких проблем.
",1
18319,"Sokos Presidentti - расположен в центре Хельсинки, одна из самых привлекательных гостиниц Хельсинки, именно по соотношению Цена-Качество-Месторасположение! До жд вокзала близко, рядом автовокзал (подземный) и несколько крупных торговых центров. Просторное фойе, несколько лифтов. Большая стойка ресепшн. В гостинице бесплатный WI HI. Есть бассейн, но вода прохладная, видимо, для тех, кто из сауны, в самый раз. Скидка по карточке гостя отеля в универмаге Сокос.",0
5019,"Речь идет об автомобиле Daewoo Matiz Creative, производства Южной Кореи. Да, это не привычный глазу представитель барахла от UzDaewoo( или GM). Внешний вид у корейца, конечно, более интересный и современный. Matiz Creative не узкий и не такой короткий. Клиренс у него достаточно приемлемый для наших дорог. Да и подвеска мягкая и удобная. Салон свободно вмещает пятерых, но объема багажника все-таки не хватает. Данный автомобиль привлекателен не только снаружи. Внутри все также креативно и не пахнет бедностью. Довольно удобные сиденья, приятный на ощупь пластик(хотя жестковат), симпатичная панель приборов. Мощности двигателя вполне хватает для уверенной езды. Если необходим обгон, машина не будет долго думать. Matiz Creative оснащен автоматом, прекрасно показывающим себя в паре с установленным мотором. Коробка не тупит, не гудит.  ",0
62475,"Я стала снова улыбаться
Стоматологов боялась до ужаса, обходила все клиники десятой дорогой, но пришло время, и я обратилась в Диамант-Дент, я в восторге! Мне не только залечили, но и перелечили все зубы, абсолютно без боли, и новые проблемные зубы я находила сама, никто меня не разводил на лечение. Прочитала отзывы негативные и как то в шоке((( Все эти слова о ком угодно, но только не о нашей клинике! Все врачи замечательные,  высококвалифицированные. Лично мной занималась Елена Владимировна и Гигам Сауренович, всем рекомендую! Благодаря этим людям я больше не боюсь стоматологов и снова улыбаюсь)))))))
Р. С. Администраторы всегда аккуратны и опрятны, медсестры молодцы!
",1
23913,"Отличное расположение отеля с шикарным видом на босфор из номера и с великолепным баром и рестораном на крыше с еще более захватывающеми видами. Хоть отелю уже 20 лет, он все равно еще на должном уровне. Хотя мебель и обстановка конечно уже устарела. Отличный сервис. Завтрак хороший, но выбор мог бы быть и получше для Интерконтиненталя в Турции.",0
55093,"Полный и полезный отчет
Всем привет, первые роды, рожала 28.12.2014. Совершенно бесплатно, готова поделиться своими впечатлениями, и так, начнем.
Попала в этот роддом по направлению из ЖК, шла 41 неделя, роды не наступали, перехаживала три дня, дали направление, сказали ложиться. Взяли документы, вещи и направились на госпитализацию, подождали в приемной, была небольшая очередь, далее заполнила необходимые документы, меня посмотрели, и сказали, что признаков родов еще нет и госпитализировать меня не собираются, т. к при маленьком перехаживании стимуляцию не делают, отправили домой, назначив следующий приезд на 28, если не рожу раньше.
По прошествии четырех дней, примерно в 8 утра 28 декабря, у меня начались схватки, похожие на начало менструации, озадачило, когда боли начали появляться через одинаковые промежутки времени, нашла специальный секундомер в интернете, засекающий схватки и показывающий пора ли ехать рожать. Очень удобная вещь, включаешь секундомер с началом схватки, по окончании выключаешь, и так 5 раз, повторении были практически одинаковые, по результатам пора было ехать. Я успела сходить в душ, побриться (что ВАЖНО, т. к на месте это проверяют), даже позавтракала, и только тогда разбудила мужа.
Приехали на место часов в 10, подождали снова очередь, и та же схема, но когда посмотрели на кресле, то оказалось, что раскрытие было уже 6-7 см, тут же переоделась, отдала все вещи мужу, включая драгоценности, ибо это требуют, при себе остались только: зарядка, телефон и вода.
Отдав вещи и отпустив мужа, начались подготовки к родам, сделали узи, посидела на КТГ, и самое веселое- клизма, от нее отказываться не стоит, поймете почему в процессе. Клизма- вставляют в тебя трубку и наполняют прохладной водой, далее садишься на унитаз, который находится за шторочкой прямо в приемной, а по соседству с тобой еще несколько человек)), и вот так слушаешь веселые звуки двадцать минут, затем моешься, тоже рядом. После этих процедур ведут в бокс, в этот день рожало более 14 человек, и почти все было занято, расположили меня на кресле-трансформере, было 12 часов дня, ввели катетер, и так я лежала часа 2-3, схватки были терпимые, веселье началось после прокола пузыря (не больно), спасало только дыхание и вода, жалела, что не взяла с собой гигиеническую помаду, губы сохли ужасно, обезболивающее мне не делали, сказали, что поздно, начались потуги, похожие на неконтролируемое желание сходить в туалет по большому, так я и лежала часов до 4, может чуть дольше, пришла акушерка Елена, сказала как правильно тужиться, и главное- НЕ ОРАТЬ, т. к схватка теряется и все усилия напрасны, и это способствует разрывам. Сил хорошо тужиться у меня не было, часто срывалась на задержке дыхания, замедляя процесс, воды были зеленые, и мне сделали эпизиотомию (терпимо, резали ножницами), пришла еще одна женщина, которая помогала, надавливая на живот (неприятно, но действенно), и так, в 17:10 я стала мамой, дочка сразу закричала, мне ее показали и понесли обтирать, взвешивать и т. д., потом через несколько минут вышел послед, и пришла врач зашивать шов (неприятно, больнее, когда надавливали на живот, для сокращения матки и выхода крови, от всего этого на животе остались красные полосы), выскоблили все ненужное, зашили. После этих процедур мне дали ребенка, помогли приложить к груди. В катетер ввели лекарство для сокращения матки, так я и лежала до 9 вечера, потом переложили на каталку, в ноги положили ребенка и отвезли в палату, которая была очень даже не плохой, чистой, на 4 человека, меня привезли первой, потом еще одну девочку, и так часам к 12 палата заполнилась.
Хотелось бы отметить состояние по приезду, сил никаких, лежала на животе минут 30, потом пыталась встать в душ, было сложно, в глазах темнело, помогли батончики мюсли и гематоген, которые мне передал муж с вещами вечером, далее собралась силами и пошла отмываться от крови в душ, который находился в палате, так же там был еще и туалет -это было очень удобно, раздельные и идти далеко не надо. После этого стало гораздо легче. После душа зашла медсестра, спросила, удалось ли сходить в туалет, и не нужен ли катетер, показала как мыть ребенка, пеленать, и есть ли еще вопросы. По поводу работы персонала все устроило, четко и по делу. После этого мне принесли лед, т. к ТАМ все распухло, вот так и прошел этот день.
Утром, часов в 6 была обработка швов, завтрак, приходил врач осматривал и нас, и педиатр- детей, с этим все было хорошо. Единственное- в столовой готовили и то, что после родов нельзя (солянка, капуста с котлетами), остальное приемлемое, кушать можно. Кормили 4 раза (завтрак, обед, полдник и ужин), в столовой имеется холодильник, в котором можно хранить свои продукты. Халат, сорочка, полотенца, пеленки выдаются, сорочки с полотенцами меняют каждый день, при необходимости можно взять чистую на пункте, с собой нужны резиновые шлепки, одноразовые трусы- сеточка (есть в Ашане), детское мыло (жидкое удобнее), памперсы, влажные детские салфетки, средства личной гигиены для себя (зубная паста и т. д.),
",1
17637,"Из минусов: в номере странный кондиционер. Так как в номере было очень холодно, поставили кондей на 25 градусов (это был максимум). Нагревался номер очень долго. Спасало теплое пуховое одеяло. И еще одним минусом явилось наличие крошечных муравьев, которых обнаружили утром на стакане с соком.Плюсы: понравился разнообразный завтрак и удобное месторасположение отеля. Персонал доброжелательный. В номере всё очень удобно расположено. Если не проводить в отеле много времени, то клаустрофобия не развивается.",0
54581,"Осложнение и операция на лице
У жены разболелась десна. Женщина-врач (имени жена не помнит) осмотрела, сказала проблема фиговая, почистила что-то, прописала мази какие-то и взяла (в требовательной форме) 1000 руб. ""под папочку"". Через пару дней у жены опухла щека и часть шеи. При повторном приходе, хирург-стоматолог отправил в 50-ю больницу им. Пирогова. Причем больничная карта чудесным образом ИСПАРИЛАСЬ! (
",2
5319,"Сайгу 12, в 3 или 6 исполнении, года выпуска конца 90х на вторичке. Я себе первое так и брал 5 лет назад. Настрел в районе трех сотен все в идеале.
",0
47360,"Благодарность аллергологу иммунологу Горшковой Татьяне Васильевне
Хочу выразить благодарность аллергологу Горшковой Татьяне Валентиновне за профессионализм. Мой ребенок в течении нескольких лет болел весной и летом, посещали за это время многих врачей. Осенью 2014 г. попали на прием к аллергологу-иммунологу Горшковой Т. В., прошли полное обследование и был выставлен диагноз моему 6 летнему сыну ""Сезонный аллергический ринит, ларинготрахеит"". Доктор предложила пройти курс спец лечения - АСИТ, лечение получали всю зиму под наблюдением врача. Весну и лето 2015 г. мой ребенок провел без обострений, гулял на улице. А раньше почти все лето проводили дома. Большое, спасибо. Хотим продолжить лечение далее.
",1
1621,"В поисках вкусного супа из шпината целенаправленно поехали в Шабу , тем более , что в рейтинге это лучшие суши .  Решили проверить правду ли пишут рестоклабовцы ;) Действительно , местечко наиприятнейшее .  Интерьер в темных тонах , но это нисколько не удручает , наоборот , создает уют .  Вокруг - полки с винами , красивые люстры на окнах и всякие приятные мелочи - свечи , кашпо , а на каждом столике - свежие тюльпаны :) Правда , вот столиков для курящих только два , один у двери , а один , - как выяснилось у туалета :( муж курит , пришлось терпеть ;) Заказала долгожданный шпинатно-тыквенный суп .  Позабавила подача :) Тарелка в виде шляпы с большими широкими полями , а посередине малюсенькая емкость , в которой и находится суп :)) Как бы не объесться :) Но вкусный , зараза :) и даже очень !  Подается с жареным беконом в отдельной мисочке .  Муж заказал мисо - у него напротив , огромнейшая чугунная тарелка с супом !! впервые вижу такую большую порцию мисо !! Мужу понравилось , наелся от пуза , как дома % ) Потом я заказала цыпленка в сливочно-чесночном соусе - мега вкусняшка , особенно соус ! и порция большая !! И глинтвейн - тоже вкусный :) Муж заказал суши с королевской креветкой , подача - на огромнейшей квадратной тарелке - 6 роллов , тоже как - то смотрится странно ...  Обслуживание - без нареканий , все приносили - уносили вовремя .  Общий счет 1600р .  Для такого места приемлемо , даже . нормально .  Заведение понравилось одним словом , при возможности заглянем еще :) Один совет - все же над дизайном посуды - количество еды - объем тарелки - надо поработать ;))  ",1
20672,"Врач, не достойный высокого звания Врача
Ужасный, недовольный своей работой и раздражающийся от самого вида больных людей сотрудник (назвать его врачом просто невозможно, он этого не заслуживает). Как такой бездушный, малопрофессиональный во всех отношениях человек занимает должность заведующего - загадка, думаю не только для меня). На приеме довел мою родственницу своим хамством и безразличием до слез, ни вовремя остановиться, ни принести извинения за свое недопустимое поведение не счел нужным, не остановило его ни мое присутствие в кабинете, ни слезы больного человека! Садист, Хам, Хулиган в прямом смысле этого слова и это Ужасно! Лечение из него просто пришлось ""выбивать""-настаивая и не покидая его кабинет! Состояние мое от приема - Шок! Обязательно, если придется еще раз попасть на прием к Белоногову, буду привлекать юристов и вести видеозапись приема, чтобы далее этот ""специалист"", который смелый не с мужиками один на один, а со слабыми больными женщинами, отвечал за свое поведение в Суде! Категорически не рекомендую посещать этого ""специалиста"" одному/одной без родственников, тогда есть шанс, что при свидетелях, он хотя бы не так будет Вам хамить, родственники, как и я, не дадут ему самовольничать! Обязательно напишем жалобу Главному врачу этого диспансера, может хоть какие-то из принятых нами мер помогут в дальнейшем уже другим пациентам, получать от данного ""специалиста"" действительно качественное и своевременное лечение! Призываю всех, кто пострадал или чьи близкие пострадали от приемов данного врача - не молчите, присоединяйтесь к нам, пишите на него жалобы во все инстанции, рано или поздно мы все вместе победим равнодушие, хамство и непрофессионализм Белоногова и таких, как он, и нашим родным будет легче и лучше, от осознания того факта, что никто не имеет ни человеческого, ни морального права ИЗДЕВАТЬСЯ, оскорблять и унижать их права и достоинство, отказывать в помощи, когда они со слезами на глазах просят о ней и от безразличия и черствости таких вот врачей уходят в вечность. Не дадим таким людям управлять жизнями и здоровьем наших родных и близких! Не молчите, боритесь с беспределом таких докторов и вместе мы победим и добьемся лучшей участи для наших близких и друзей!
",2
837,"Благодарю
Спасибо, что наконец в нашем захолустье, мкрн 1-е Мая Балашихи, открыли такую хорошую аптеку с нормальными ценами и вежливым персоналом!
",1
66287,"Хамство врача
26.10.2015 обратилась в Стоматологическую клинику ""Дентапрофит"" в г. Балашиха, по адресу: ул. Советская, 8. При приеме в кабинете медсестра пила чай, врач не посчитала нужным закрыть дверь, ведущую в холл. На мой вопрос: ""А, что дверь так и будет открыта?"", мне последовал ответ в хамской манере: ""А, что вы боитесь, что на вас кто-то будет смотреть?"". Кресло расположено рядом с дверью, ведущей в холл, где раздеваются посетители и стоит ресепшен. На мой вопрос, почему в такой хамской манере врач общается с клиентом мне было заявлено: ""Вы не клиент, а пациент"". После этого я не рискнула доверить свои зубы такому ""специалисту"". Оставила жалобу в жалобной книге и ушла. К сожалению, фамилию врача не запомнила, но это достаточно молодая женщина с короткими полностью обесцвеченными волосами.
Надеюсь, директор примет меры.
",2
36789,"Очень приличный отель! Находится недалеко от центра около московского ипподрома! Удобное месторасположение, хороший сервис, приемлемая цена! Вид из номера прямо на ипподром, интересно наблюдать за лошадьми)))А какие вкусные осетинские пироги в ресторане отеля, причем круглосуточно!",1
2482,"17 января первый заместитель премьер-министра РК Аскар Мамин провел переговоры с вице-премьером и министром по делам президента ОАЭ шейхом Мансуром бен Заидом Аль Нахаяном.    В ходе переговоров были рассмотрены пути реализации договоренностей, достигнутых на высшем уровне, в ходе официального визита Президента РК Нурсултана Назарбаева в ОАЭ 15-16 января. Стороны подтвердили готовность развивать совместные проекты в сфере энергетики, нефтехимии, атомной промышленности, транспорта и логистики, военно-технической сфере.    Холдинг ""Байтерек"" и Mubadala Development Company PJSC договорились создать в ближайшее время взаимную инвестиционную платформу для совместного финансирования инфраструктурных и иных проектов на территории Казахстана и других приоритетных рынках соседних стран. Министерства энергетики РК и ОАЭ обсудили возможность участия сторон в проекте строительства нефтегазохимического комплекса в РК.   Национальная компания ""Қазақстан темір жолы"" и национальная железнодорожная компания Etihad Rail обсудили вопросы реализации совместных инфраструктурных проектов как в ОАЭ, так и в третьих странах. Корпорация ОАЭ по атомной энергии проявила желание развивать двухсторонние отношения с ""НАК ""Казатомпром"" в сфере мирного использования ядерной энергии.   Эмиратская сторона также выразила заинтересованность рассмотреть вопрос инвестирования в объекты инфраструктуры военных учебно-тренировочных центров Вооруженных Сил Республики Казахстан. С эмиратской стороны в переговорах приняли участие министр энергетики Сухейл Мухаммед аль-Мазруи, член исполнительного совета Абу-Даби, главный исполнительный директор компании ""Мубадала Девелопмент"", председатель правления корпорации ОАЭ по атомной энергии Халдун Халифа аль-Мубарак, мэр города Абу-Даби, председатель совета директоров национальной железнодорожной компании Etihad Rail инженер Ауд Муршид аль-Мурур, заместитель министра иностранных дел по вопросам безопасности и обороны Фарис аль-Мазруи и посол ОАЭ в РК Мухаммед аль-Джабер.   На встрече с казахстанской стороны присутствовали министр энергетики Канат Бозумбаев, министр оборонной и аэрокосмической промышленности Бейбут Атамкулов, председатель правления АО ""НК ""Қазақстан темір жолы"" Канат Алпысбаев, председатель правления АО ""НУХ ""Байтерек"" Ерболат Досаев, председатель правления АО ""НАК ""Казатомпром"" Аскар Жумагалиев и посол Казахстана в ОАЭ Кайрат Лама Шариф.     ",1
44079,"Были в этом отеле , когда он еще был Marriott cortyard Он тогда был еще совсем новый , соотвественно чистый Сейчас , были ноябрь 2014 г. Для surin beach очень неплохо , цена-качество , но , отель естественно не 5 ?! В отеле новый спорт бар , больше вроде ничего , завтраки так себе , но нормально Но Сурин ! Пляж супер , но отелей нет , вернее 2 штуки есть справа и слева , но дороже в 2 раза , но тоже , так себе Вообщем была в этом отеле 3 раза , может поеду еще из за пляжа .",0
15395,"Отель находится в тихом месте западного Берлина. станция метро в 5 минутах ходьбы. Любезный персонал. В номере чай, кофе... Не смотря на то, что бесплатный WiFi только в лобби, в номерах тоже можно выйти в интернет. ВЫБИРАЙТЕ, БРОНИРУЙТЕ, НЕ ПОЖАЛЕЕТЕ!",1
788,"           Владел данным авто 1.5 года, двиг. 1.5 8-ми клапанный, пробег 143тыс, что можно скзать о нем?) Это русский авто, поэому не стоит ожидать от него сверх естественного, но всё же при хорошем обслуживании старый и весьма простой 8-ми клапанник не подкачает, больше проблем с электрикой и с навесным оборудованием, ну и конечно же про салон я молчу)) в общем не плохой авто (если рассматривать как первый авто на не продолжительное время) самое главное не стоит на нём экономить, и при покупке отдавать себе отчет, что авто стоимостью 130 тсыч рублей, потребует после покупки вложений : таких как смена рабочих жидкостей, диагностика, что то поменять по подвеске (только не ведитесь на мастеров которые просто трогают детали подвески, и не меняют их за за того что они вроде бы целые, как потом получается эти детальки если снять, то они уже пришли в негодность) стоит уделить внимание на такие элементы данного авто как: генератор (ну хотя бы диодный мост) проводку, свечки, масло чтоб полусинтетика (только чтоб не лукойл какой нибудь заливали), помпа чтоб исправна была вместе с термостатом(дабы зимой не мерзнуть) ну и конечно же стоит при покупке отдать авто на диагностику (датчики проверить и т.д.) В целом как уже писал автомобиль не плохой за деньги которые за него просят, уж явно лучше девятого семейства (конструктивные особенности, не прикроешь новыми бамперами фарами и капотом старые разработки девятки превратившие её в 14-ю)...         ",0
2794,"Казахстан стал полноценным мостом между Европой и Азией. И все благодаря серьезному развитию транспортной инфраструктуры. Об этом 1 ноября рассказали в правительстве, сообщает Караван. Только за последние пять лет в республике реконструировали пять тысяч километров автодорог, протяженность железнодорожных путей увеличилась еще на две тысячи. Из 8 аэропортов, требующих модернизации, 4 уже отремонтировали. Удалось увеличить и пропускную способность Актауского международного порта. Сейчас она составляет 20 миллионов тонн. Большое внимание уделяется развитию контейнерных перевозок. В этом году только по направлению Китай - Европа - Китай было переправлено 66 тысяч контейнеров. А к 2020 году это число планируют увеличить до 800 тысяч. - Все наши проекты, все наши планы в сфере логистики и транспорта полностью корреспондируются с программами экономического пояса «Шелкового пути». Они создают благоприятные условия по развитию континентальных международных коридоров, - сказал министр по инвестициям и развитию РК Женис Касымбек. ",1
28365,"Поездка была ознакомительная и не планировалась заранее. Основными критериями была стоимость и расположение. Но по порядку. Прилетели в Аэропорт Сабиха Гекчен, а у него не самое лучшее расположение. Поэтому воспользовались трансфером от отеля и из аэропорта и обратно. Предложение прилетело сразу после бронирования и обошлось в 110 евро. По встрече все отлично. Отель расположен в самом сердце Стамбула-Константинополя. Т.е. все туристические жемчужины города в шаговой доступности. Заселение без нареканий, тут же предложили улучшить номер. Не воспользовались. На первом этаже лобби и выход во двор, где на застеклённой террасе кормят завтраками. Три этажа. Номер маленький, но это ни на что не влияет, в номер возвращались только спать и сбросить покупки. Большая душевая кабина. Набор полотенец, все как в обычных, хорошего уровня отелях. Уборка каждый день. В номерах очень чисто. Из минусов - одна розетка. И были какие-то проблемы со сплит-системой (на улице декабрь, и отопления в номере нет), но выделили обогреватель и все решилось! В номере есть чайник, небольшой минибар, сейф. Отдельно скажу о персонале, все очень доброжелательные, такое впечатление, что находишься в гостях у друзей. Из русскоязычных -Мурат, мастер на все руки. Завтраки не скажу, что разнообразные, но всегда свежие и очень вкусные. В лобби можно угоститься вкусным кофе (бесплатно!). Однозначно -максимальный бал. Рекомендую.",1
13354,"Ну да не знаю, вроде фильм закончен. Хотя и короткий, меньше часа. Тяжёлый очень. Вообще Балабанов для меня как Хичкок. Больше 1-2х раз смотреть не могу.
",0
6766,"Благодарность сосудистому хирургу
Выражаю большую благодарность медицинскому персоналу отделения сосудистой хирургии ГКБ № 36.
Хочется отметить высокую профессиональность зав. отделения Папояна Симона Ашотовича и лечащего врача Квицаридзе Бессариона Автандиловича.
Выразить благодарность младшему медицинскому персоналу за чуткое и внимательное обращение с пациентами отделения.
Поздравляю с наступающим новым годом и желаю счастья, успехов в работе и жизни!
Палата 402
Ююков И. Г.
13.12.2014.
",1
2051,"Итак, третий год подряд на новогодние каникулы мы с мужем снова посетили этот отель. Спасибо персоналу: как и в прошлый раз, с нас не взяли денег за повышение класса номера до супериора и за пользование чайными принадлежностями. Но стало уе вот что: завтраки стали менее разнообразными и богатыми, а wi-fi стал просто ужасным.",0
104,"У меня Фабия 2012 года. За два года эксплуатации ни разу не подвела. Очень маневренная, компактная, экономичная машина. Зимой ни разу не подвела - заводилась в пол оборота. В целом плюсов очень много. Но вот все таки минусы есть:1) отсутствие шумоизоляции - делала дополнительно за определенную плату,2) шумная машины - при выезду на трассу можно оглохнуть;3) немного жестковатая, но в целом уже привыкла (до этого была японская машина - она намного мягче ездит)4) если машина полная, особенно если на пассажирское переднее сиденье и сзади сядет два мужика по 100 кг, то тяжело тронуться с места и набрать скорость. Машина прям ревет - когда начинаешь разгоняться.Так что сильно с мужиками не разъездишься ))))  ",0
6105,"Мышцы это прекрасно, женщинам тоже очень идёт, побольше бы.
",0
27862,"Полнейшее безобразие
Дочь сдавала анализы 29 сентября сказали, что 3 дня и все готовы, дерматолог не взяла анализы критические дни 3 день, пришла на пересдачу 3 октября в 7 кабинете взяли анализы, потом пока дочь одевалась врач решила, что анализ отправлять не будет, время было 16.30, пришли 5 октября, сказали, что через 3 дня анализ будет готов, сегодня уже 8 октября, нам сказали, что на этой неделе книжка не будет готова. Люди - это, что такое? Кто объяснит? № 3445424710.
",2
24700,"Обувь очень дорогая
Детская обувь очень дорогая, носится только один сезон, дети быстро вырастают. Не очень доброжелательный персонал.
",2
37134,"Жили в этом отеле четыре дня, остались очень довольны, сервис на высшем уровне, завтраки потрясающие , обязательно вернёмся снова. Если стоимость устраивает, то обязательно выбирайте данный отель не пожалеете. ",1
28946,"Хочу выразить благодарность
Я, Федякин Андрей Николаевич, прибывая в ООО ""Клиника инновационной хирургии"" хочу выразить огромную благодарность врачам с большой буквы буквы этого слова, настоящим профессионалам своего дела, который просто творят чудеса. Огромное спасибо медработникам (санитаркам, медсестрам), которые и днем и ночью несут свой нелегкий труд для нашего выздоровления. В конце хочу сказать огромное им за все спасибо, здоровья, удачи и хорошей оплаты их не легкого труда.
",1
14642,"включил [телевизор] вечерние новости [белорусские] по каналу  Беларусь-1 ЗАЧЕЕЕЕЕЕМ??!  Между прочим, основной, первичный источник энергии существования у нашей страны будет основан как раз на вторичных отходах.Мы будем собирать мусор со всей Европы, складывать на площадку, запланированную для АЭС, раскладывать сортируя по спектру, и получать восходящие потоки энергии для регулирования погоды на всём континенте.А в Европу на разборку ихних депоний, тянущихся километрами вдоль автобанов отправятся наши добровольцы из числа офисных работников.В первую очередь пойдут как раз программисты, потом  работники игорного бизнеса, потом продавцов бутиков.  Как это никто не торгует публично акциями? А как же система Бекас для поиска акций? Бесплатная между прочим  И этот, придурок ваш, поглядит ужо в ящик, и спросит - а чего это пункт номер восем показатели ухудшил? Под суд его! А новый приёмщик пусть улучшит.  Кахесны рэбэ сьцьвярджае, што гэта дае матар'ял для пастоў.",1
17938,"Мертвые души в клинике
Почему не опубликовали отзыв, что в 6 отделении оформлены 2 сотрудников, одна из которых дочка старшей сестры и др. кого-то из администрации. Они только числятся на бумаге, а работать не 1 дня санитарками не работали, всё надоело терпеть. Дочка ст сестры выйдет иногда до обедо и сваливает. Пусть все знают, что такое бывает, и по-прежнему все работают. Всё пишется ручкой стирайкой. Таблетки несут сумками, кефир выдают вздутый, с буфета несут всё, что можно.
",2
10105,"Ужасная больница
Попала в октябре по скорой, диагноз поставили неправильный, жаловалась на боли в спине, сделали рентген, на котором весь снимок смазан. Ничего не видно, хотя родители сразу просили МРТ. Ну ладно, могли хотя б нормально рентген сделать, чтоб сразу поставить нормальный диагноз. У меня перелом 7 гр. позвонка со сдавл. спинного мозга оказался. Лежала в хирург гнойном отдел с пролежнем. Это полный ужас, в палате каждый день кто-то умирал, кошмар, отношение ужасное, особенно медсестер. Люди, не попадайте в эту больницу, там только умирать.
",1
10112,"Выражаю огромную благодарность врачам
Добрый день. Хочу выразить огромную благодарность врачам и медсестрам 6 отделения гинекологии 23 больницы. Очень все внимательные и всегда помогут и ответят на все вопросы. В отделении чистота и порядок. А заведующий отделением, он же мой лечащий врач Брузгин Евгений Анатольевич, просто профессионал своего дела. Внимательный ко всем своим пациенткам. Ему отдельное большое спасибо. Операцию сделал, все важные органы сохранил. Читаю негатив и удивляюсь. Может в других отделениях не всё так хорошо, ничего не могу сказать. Но в гинекологии все отлично.
",1
4960,"12 февраля , мы отмечали свадьбу в этом ресторане .  Я конечно волновалось по поводу и обслуживания и кухни , но все мои страхи оказались напрасными !!! И мы и гости очень довольны .  Наша тамада сказала , что у неё намечается годовщина свадьбы и она решила его отметить именно там .  И закуски и горячие блюда были очень вкусными !  Обслуживание вообще на высшем уровне : ребята не мельтешили перед глазами , в то же время четко и оперативно выполняли свою работу .  Меняли посуду , приносили новые блюда , подавали алкоголь .  Чистый , красивый зал. В общем не смотря на предыдущие отзывы лично у меня остались только хорошие впечатления .  Спасибо огромное администрации ресторана и её обслуживающему персоналу . !!!!  ",1
33369,"Вполне неплохой отель для деловой командировки. Местоположение удобное, рядом метро, торговый центр и вкусная французская пекарня) Но прежде чем найти само здание отеля среди жилых зданий, нужно постараться. Поэтому внимательно изучите карту. А руководству отеля рекомендую дать указатели на отель со станций метро и далее в жилом секторе. Плохо, что нет полноценного завтрака и совсем огорчает лестница со второго на третий этаж. Даже мне, еще вроде бы здоровому парню, было нелегко подниматься. А что скажут пожилые люди? И, не дай Бог, оказаться ""под шафе"", навернуться легко. Видимо строители изначально ошиблись. Расстояния между ступенями неформальные. А так все ОК, новенький и чистенький.",0
54991,"Очень благодарна всем сотрудникам роддома
Когда ехала ложится в роддом, предчувствия были не очень хорошие из-за того что начиталась и наслушалась отрицательных отзывов. Оказалось, что все не так как я себе это представляла! Очень благодарна Блохиной Ольге Андреевне за то, что дала родить мне самой и не стала отправлять на кесарево. Безмерно благодарна Чебаткову Н. В. и всей смене работавшей 24.01.14 г. за то, что вытерпели мое безобразное поведение во время схваток, приняли здорового ребенка и помогли в родоразрешении. Ребенок родился 4250 кг, я считаю, что только благодаря квалифицированным врачам я родила сама и без каких-либо осложнений! Отношение хорошее, подходили смотрели во время схваток, никто меня там в предродовой не бросил и не затыкал, безразличия не встретила. ОГРОМНОЕ СПАСИБО! Девочки, не бойтесь Подольского роддома, если у Вас не все гладко со здоровьем, то в любом роддоме могут возникнуть осложнения!
",1
674,"Когда пришла пора выбрать новый автомобиль, решение пришло сразу - небольшой кроссовер! Моё хобби - рыбалка! В Tucson привлекло сразу то, что разбираясь заднее сиденье превращается в ровную площадку! Плюс спинка переднего сиденье опускается вперёд и получается шикарное спальное место! Палатка стала не нужна! Коробка автомат и это смущало, как будет вести себя по бездорожью? Зря смущало. В комплектации предусмотрен спортивный режим, который прекрасно справляется с бездорожьем! На спидометре уже 90 тысяч километров. ТО только в салонах! Отказов ни каких! В машине знаю только два отверстия: бензобак и бачок омывателя! Средний расход бензина 14 литров по городу! Просторный, трансформируемый багажник позволяет перевозить практически любые бытовые вещи! Про эту машину можно сказать только одно! Наш автомобиль! ",1
19022,"Благодарность врачу
Долго, как и многие, выбирала лечащего врача во время ведения беременности. Ни на секунду не пожалела, что все это время я наблюдалась у Костюковой (Младовой) М. Е. Всегда внимательная, уделит должное внимание, все спокойно объяснит, поддержит. Пропишет лекарства, какие надо, расскажет, что для чего и зачем. Про пациентов все знает, анализы расшифровывает по памяти, не гляди в твою карточку. Огромное ей спасибо за ее непростой труд! В этом Центре очереди всегда огромные и народу много, но ты сидишь к специалисту, кто тебе поможет и подскажет, а не в районной поликлинике, где тебя обругают и нахамят. Разницу я почувствовала на себе ни один раз. Кстати, при выборе врачей будьте внимательны. В Центре планирования тоже попадаются еще те хамки и нахалки. К примеру, я сначала хотела по контракту наблюдаться у врача НАЙДЕНОВОЙ. Молодая врач, гонору море, к пациентам относится, как к конвейеру, лишнего слова не будешь задавать, на все у нее один краткий ответ. Прописывает лекарства не зная от чего, смотрит невнимательно с мыслями о своем, просто грубит и оскорбляет во время приема. Неприятная особа очень (это не только мое мнение, но и девочек, с кем мы часами и сутками сидели у нее в очередях). Своих блатных она спокойно приглашала в кабинет, а мы (все по контракту и за свои же немалые деньги), так и продолжали седеть часами. Мест сидячих у кабинета нет, стульев мало и беременные друг другу уступают места (я посидела, теперь и ты посиди). Ужас, да и только. Одним словом, к Найденовой - ни ногой, ради своего же спокойствия! Почему ее в таком центре держат, для меня лично так и осталось загадкой. Но, видимо, она чья-то протеже, как бывает часто в таких Центрах! Всем удачи и крепкого здоровья!
",1
19961,"Плохая диагностика
Три года наблюдались у кардиолога по поводу врождённого порока сердца у ребёнка. Сейчас съездили на консультацию в НИИ Бакулева. Сделали там эхо кг. Оказалось, что наш ребёнок здоров и сердце здорово. В МОДКЦ поставили ложный диагноз. КОШМАР. Три года напрасной нервотрепки, материнских переживаний, тоскания ребёнка по врачам.
",2
11497,"==Парадное обмундирование нашей кубанской армии включало темно-синюю черкеску и бешмет. Терские казаки носили башлыки светло-синего, а донские казаки серого цвета с черной тесьмой. Красивые кубанки были черного, коричневого и белого цвета. ==удивительное ",1
45923,"Мы полетели отдохнуть от московской суеты - и этот отель справляется с этим на 100%! он не тусовочный, а для релакса - тихий, спокойный. прекрасные номера - отдельные виллы, территория огромная, людей почти не встречаешь.превосходное обслуживание! просто одно из лучших вообще где я была когда либо.прекрасная природа.у меня был только один маленький вопрос к отелю - хотя завтрак был неплохой и разнообразный - мне иногда не хватало привычных европейских блюд, но это уже из серии пожеланий. а так - рекомендую и еще раз рекомендую! настоящий райский отдых! океан, СПА, гольф.рекомендую местную косметику!! после того как попробовала ее в номерах - привезла себе домой из спа и очень довольна.очень удобно - очень часто ходит автобусик до деревушки рядом - где можно отлично покушать! из ресторанчиков в деревушке если соскучитесь по европейской кухне - можно заглянуть в Bake - очень вкусно. при заказе ресторана в деревне такси присылают за вами в подарок.на пляже отеля тоже хороший ресторанчик покушать морепродукты.с удовольствием вернулась бы еще раз!",1
10873,"Огромное спасибо за жизнь
3 Октября 2013 года на остановке общественного транспорта совершил наезд автомобиль, в результате чего сбил и проехался по мне. На вертолете в тяжелом состоянии с множественными сочетаными травмами я была доставлена в НИИ Склифосовского. Хочу выразить огромную благодарность всему персоналу шоковой реанимации, отделению общей реанимации. Большое спасибо Шабанову Аслану Курбановичу, Косолапову Денису Александровичу, Бабаеву Олегу Вячеславовичу, медсестрам всему отделению анестезиологии и реанимации, здесь работают самые чуткие и выдержаные, знающие свое дело люди с большой буквы!Спасибо вам за все, что вы делаете! Большой привет отделению сочетаных и множественных травм, Ганиеву Рушану Равильевичу, Заднепровскому Никите Николаевичу, медсестрам Лерочке и Тамаре, санитарочкам. Время лечения с 3 октября по 15 ноября.
",1
37391,"Соотношение цены и качества самое лучшее. Отличное место расположения, вежливый персонал, чистый номер. В следующий раз буду сразу заказывать эту гостиницу и советовать всем друзьям. Спасибо персоналу.",1
49814,"Добавлю положительный отзыв о поликлинике
Раньше были в 45 поликлинике. Хороших врачей там остались единицы, в основном набран состав приезжих. Меняются чуть ли не каждый месяц: то глав врач, то все остальные. Жалко очень, что из нашей 19 поликлиники ушла в связи с болезнью врач Афанасьева, теперь на её участке принимает Огурцов М. - замечательный специалист, внимательный, сразу расспросил: что, как, где, чем болели, чем не болели с ребенком, весело играет когда осматривает.
Медсестра осталась прежней очень чуткая женщина, знаем её еще как патронатную сестру нашего района, всегда без проблем то справку выпишет, то рецепт.
Очереди есть везде, что вы хотите? 3 поликлиники объединили в одну, сейчас поставили оборудование и регистратура будет отдыхать, в поликлинике идет ремонт, сразу видно, что глав врач взялся за работу, приводит в порядок все хозяйство, и это не проблема, ведь всё делается для улучшения обслуживания наших детей. Ни разу мне никто не нахамил, всё зависит от самих родителей. Для каждого из нас наш ребенок самое дорогое, но это не даёт нам право требовать внимания в грубой форме к своим детям. Спасибо глав врачу, что наконец-то делает всё возможное для того, чтобы поликлиника была европейского уровня. Молодец.
",1
42764,"Небольшой отель на берегу моря. Заселение прошло благополучно. Номер на первом этаже и с небольшой террасой на улице. Оплаченный вид на море огорчил своим отсутствием. Вдалеке виднелись тонкая полоска моря. Завтраки обычные, покушать найдете. Кофе худшее где я когда-либо пила. отдельно пляж - места надо занимать рано утром, бежать к лежакам с видом на море и оставлять вещи.брр... Ну и самое ужасное - это ларьки с едой между пляжем и морем, торговцы безделушками которые спокойно ходят туда-сюда вдоль моря и предлагают навязчиво товары сомнительного качества. Напрягает. Море великолепное. Чистое, песчаный вход, комфортно и плавать, и ходить на закате по песочку.С развлечениями в отеле скромно. Время проведения занятий спортом неудобное.Спа оставил приятные впечатления. Много массажей и разнообразные комплексы по уходу. Ресепшен и сотрудницы Спа вежливые, заботливые и внимательные. Мне Оч понравился магазин с сувенирами, керамикой, изделиями местными в Спа. Территория отеля зеленая, есть цветочки, деревья, речки с мутной водой, могла быть бы и по наряднее))) газон потерт хорошо. Питание в ресторанах и кафе на троечку, понравился лишь тайский ресторан (жаль работает лишь вечером).",0
4186,"Были с мужем в этом ресторане в пятницу ( 14.05.10 ) .  Были уже не впервые .  В принципе , я согласна со всеми основными критериями , указанными в предыдущих отзывах : и официанты хамоваты , ленивы и абсолютно не настроены на общение с клиентом .  Кухня более-менее , пиво хорошее .  Музыкальное сопровождение средненькое , также как и официанты , музыканты не склонны радовать отдыхающих , но поют неплохо .  Если "" душа просит "" , то и под их музыку можно повеселиться .  Но , как бы то ни было , в районе площади Победы ( где мы и проживаем ) более приличного местечка ПРОСТО НЕТ .  Поэтому , выбирать не приходиться .  Или отдыхать в других районах , а потом тащиться домой на такси ( за рулем особо пивасиком увлекаться не стоит , вернее - совсем не стоит ) , или пить хорошее пиво и не обращать внимание на сервис .  Но вот вопрос - неужели на эту шайку обслуживающего персонала , который людям за ( их деньги причем ) портит настроение , совершенно нет управы ??? А ? )))  ",0
37329,"Цена и качество номеров безусловно радует. Номера чистые, в них очень уютно. Еда в ресторанах вкусная и сервис доставки еды в номера работаем молниеносно. Еще не раз будем останавливаться здесь с мужем. ",1
6600," CAD за литр. Канада  У нас в Боснии в переводе на рубли 49-50 рублей литр 95-го  Питер92-ой от 28,50 до 3095-ый от 30 до 3298-ой и ДТ-очень дорого)  неделю с лишним не заправлялась, но мой 98-й был около 35 р, чуть вышепочитала комменты и прихренела слегка...   Cахалин - ДТ - 35 руб.А еще зимой сумасшедшие очереди и отсутствие того или иного топлива...В Индии бензин 57 рупий за литр.  В Малайзии примерно в 2.5-3 раза дешевле чем в России, не зря они гордятся своим Petronasом. А вообще нужно обратить внимание пока здесь, а заодно сравнить с Сингапуром и ОАЭ на обратном пути))  охренеть... но Норвегия все-таки переплюнет  это типа дорого или дешево по-вашему?  здесь такой случай, когда копейки разницы играют рольоставлю для истории и облегчения расчетов:1 тайский бат (THB) равняется 0.921489 российский рубль (RUB)1 российский рубль (RUB) равняется 1.085200 тайский бат (THB)  37 в смысле в переводе на рубли?  Это что за случай такой, когда копейки разницы играют роль? o_0P.S. Москва, Лукойл, А-92, 29,57 руб./л например :)  да,цены в рублях  наверное  это в чем? доллары имеются в виду?  угу   Вы путаете - в Чехии не может быть такой дешевый бензин! 37 - это цена в кронах, скорее всего",1
12298,"Уютное место , не избитый интерьер И ! у них своя сцена , на которой регулярно проходят интересные перформансы .  ",1
40826,"Отношение к пациентам
Записалась на эхо. Пришла заранее за 10 минут. Передо мной вне очереди втюхали какого-то мужика. Такое впечатление, что это не платное заведение, а обычная поликлиника. Врач ни извинилась, ни попросила подождать, как ни в чем ни бывало принимала это мужика, которого попросила принять кардиологичка. Взрослые люди, а отказать не могут. Собралась я и ушла. За такое отношение я деньги платить не намерена.
",2
39246,"Убедительная просьба
Я ген. директор сети медицинских центров, сотрудничали с диагностическим центром ПИКАССО, не однократно отправляли наших пациентов результат: они заполняют все данные пациентов и после начинают отправлять рассылки на эл. почту, звонки на указанные мобильные тел. пациентов и уговаривают о дальнейшем лечении. Убедительная просьба ген. директора взять это все во внимание и не допускать такого беспорядка, в противном случае эта рассылка будет отправлена по всем клиникам Москвы.
",2
36609,"Отличный отель в тихом центре Москвы. До метро, правда не близко, но зато пешком можно дойти в любом направлении: главные театры, музеи, достопримечательности. Рядом Консерватория, театр ""Около"", Вознесенская церковь и англиканский собор. Кремль совсем рядом, и если повезет, виден из окна. Обслуживание и завтраки соответствуют цене. Номера в классическом (американском) дизайне. Свежее белье, удобная постель, удобна и мебель в номерах (есть куда разложить и убрать все вещи, если, к примеру, приехал надолго). По звонку приносят все, чего не достает в номере. В телевизоре много каналов. Персонал любезен и приветлив. Чисто.",0
16042,"Благодарность врачам отделения лазерной хирургии
С 2012 года лечились в отделении лазерной хирургии рдкб, отдельная благодарность Бычковой Оксане Сергеевне за внимательное и чуткое отношение к моему ребенку и к нам родителям. Общее отношение персонала отделения -доброжелательное. У Настюши (1 год) была врожденная кавернозная гемангиома, занимающая половину лица. За год лечения пораженная половина личика почти полностью очистилась от красных обезображивающих узлов, стала ровной. Было сделано 4 процедуры новейшим американским лазером (не помню точно название), под местной анестезией. Ребенок отлично перенес все процедуры. Ожогов и повреждения кожи ни разу не было, зато раз от раза ребенок выздоравливал на глазах. Теперь я спокойно могу выйти на улицу, не стесняясь ребенка (к сожалению, это было) и не боясь расспросов других мам на площадке.
Низкий Вам поклон и благодарность.
",1
9451,"Так, ну вот у меня есть аппарат, который принимает сигнал со спутника. Как меня вычислят и что мне грозит?
",0
11918,"Нам очень понравился этот отель. Расположение очень удобное - в 50 метрах от остановки городской электрички. До Бундестага около 3 км или 30-40 минут пешком. Рядом много зелени, зоопарк в 10 минутах ходьбы. По выходным у отеля открывается ""блошиный"" рынок - очень увлекательные прогулки для любителей старых вещей. Номер и состояние отеля очень понравились. Удобно доезжать из аэропорта Тегель - 15 минут на автобусе Х9 (ходит каждые 10-15 минут, 4 остановки) и 10 минут пешком. Следующий раз остановлюсь именно в этом отеле.",1
25961,"сли не укладывается мой коммент в формат вашего жж, удаляйте его, к ебеней фене)  Стоит обратить внимание и запомнить то, о чем говорят сегодня в Европе в ответ на заверения Азарова в парламенте -  Завтра наша делегация поедет в Брюссель, и мы продолжим переговоры, которые дадут нам возможность подписать Соглашение о европейской интеграции на выгодных для Украины условиях . А говорят они прямо противоположное. Пока.Евросоюз не будет открывать новые переговоры по тексту ранее парафированного Соглашения об ассоциации между Украиной и Евросоюзом, а также относительно глубокой и всеобъемлющей зоны свободной торговли, заявила представитель главы европейской дипломатии Кэтрин Эштон Майа Косьянчич. Кроме того, она не подтвердила анонсированный премьер-министром Николаем Азаровым визит украинской делегации в Брюссель.По ее словам, в Евросоюзе  нет никакой дискуссии в отношении компенсации . Всё правильно какая нахер компенсация? Украинскому быдлу что-то давать? Щас! Мы готовы обсуждать различные аспекты имплементации Соглашения об ассоциации и глубокой и всеобъемлющей зоны свободной торговли с Украиной и пояснить в деталях совершенно конкретные выгоды, которые Соглашение принесет Украине , - заявила Косьянчич, добавив, что ЕС не готов открыть новые переговоры по тексту Соглашения об ассоциации.Кроме того она сообщила, что Европейская комиссия не подтверждает визит украинской делегации в Брюссель, заявленный премьер-министром Украины Николаем Азаровым:  Мы не можем подтвердить визит украинской делегации в Брюссель завтра. Дата и место еще должны быть согласованы через дипломатические каналы, и когда такая договоренность будет достигнута, об этом будет объявлено ",1
66470,"Настоящие профи
Лечился на Чистых прудах у них.
Понравилось. Настоящие профи.
Все на высшем уровне.
Запустил зубы сильно - а тут все разом сделали.
Был у главврача Стеллы Владимировны.
Всем рекомендую.
",1
53116,"Дай Бог здоровья Марине Викторовне
Вчера, пришли в поликлинику с мамой, чтоб вырвать зуб. Было поздно, почти к закрытию поликлиники. Конечно, талонов уже не было, но совершенно случайно наткнулись на заместителя главного врача, Иваникову Марину Викторовну, которая выходила из поликлиники. Объяснив нашу ситуацию, что я поздно с работы вернулся, а мама без меня не могла доехать, она тут же бросила свои вещи в гардероб и понеслась решать наши проблемы. Конечно, нам после этого удалили зуб и даже, на следующий день звонили маме и интересовались, как ее самочувствие.
Спасибо Вам большое, Марина Викторовна! Решил Вам таким образом выразить свою признательность. Надеюсь, если вы читаете отзывы о вашей поликлинике, вы меня вспомните и Вам будет приятно!
Дай Вам Бог крепкого здоровья!
",1
9945,"то касается Медведева. Собственно, он и был простым чиновником. В нужное время его  вытащили  в политики, сейчас это время кончилось и его постепенно в глазах народа  возвращают  из политиков в чиновники.  Мавр сделал своё дело, мавр может уходить .   Я не видел, т.к. занят, но щетаю...  :))  Медведев всегда был несамостоятельным. За его несамостоятельность и лояльность он и был выбран на роль технического президента. И откуда там чему взяться, он не был и не будет самостоятельной фигурой, ибо жалок и смешон.  Какой смысл мочить Медведева Путину? Я еще могу понять то, что Медведева  топят  определенные круги, но Путину зачем его мочить? Вот представьте себе, вызывает Путин Медведева и говорит примерно следующее:  Димон, ситуация меняется и поэтому с завтрашнего дня объявишь об ухудшении состояния своего здоровья и уйдешь работать... к примеру, в Сколково... а хочешь, найди себе любую другую тихую работу. Так надо, Димон",1
24754,"После того как прочитали массу восторженных отзывов о ресторане решили его посетить .  Результат превзошел ожидания .  Всё , вплоть до потрясающего хлеба собственного производства , произвело неизгладимое впечатление : кухня , обслуживание , стерильный туалет , а главное - атмосфера .  Обязательно придем еще и еще раз и пригласим друзей в ваш замечательный ресторан .  ",2
5457,"В Алматы в ДТП пострадал мотоциклист  со ссылкой на очевидцев. Авария произошла на пересечении проспекта Райымбека и улицы Ахрименко примерно в полдень. Сообщается, что мотоциклист остался жив, однако получил различные травмы. Прибывшая на место карета скорой помощи увезла пострадавшего в больницу.   Фото из группы vk.com «Байкеры Алматы — Almaty Bikers»   Фото прислано очевидцем  ",2
27042,"Спасибо Гульнозе Давлатовне
Благодарим семейно Доктора аллерголога Гульнозу Давлатовну, за помощь и лечение! Уже давно проезжая мимо клиники думала, надо бы разузнать тем более, живем на районе. Попала на прием к замечательному Доктору Абдуллаевой, очень понравилась, так же по ее рекомендации была у ЛОР-врача Рашад Тулкуновича. Купили прикрепление по рекомендации аллерголога, так как у нас поллиноз, после нового года начинаем лечение аллергенами! Общалась пока только с аллергологом и ЛОР-врачам довольны! Буду рекомендовать соседям )))

Женя и Федор.
",1
69,"В ближайшие три года 65 государственных предприятий будут переданы в управление частным лицам, сообщает krisha.kz.   Среди лотов крупнейшие нефтегазодобывающие и авиакомпании, заводы, коммунальные предприятия, отвечающие за передачу и распределение газа, воды и электроэнергии в дома казахстанцев, а также международные аэропорты и единственный морской порт.   7 предприятий с самой высокой доходностью, подлежащих приватизации:   7-е место: АО «Пассажирские перевозки», доход — 90 461 478 000 тенге, приватизация намечена на 2020 г.  На сегодняшний день акционерное общество занимается организацией перевозок населения железнодорожным транспортом по 116 маршрутам. Штат компании насчитывает около 15 тысяч работников. На балансе числится 412 объектов недвижимости, включая пассажирские платформы, багажные отделения, кладовые, около двух тысяч пассажирских вагонов и тысячи билетных касс, более двух тысяч терминалов самообслуживания по продаже билетов.  В состав предприятия также входят «Вагонсервис», отвечающий за техническое обслуживание пассажирского подвижного состава, и Пассажирская лизинговая вагонная компания, сдающая в аренду пассажирский подвижной состав.   6-е место: ТОО «СК-Фармация», доход — 112 088 034 000 тенге, конец 2017 г.  Товарищество занимается организацией открытых торгов по закупке лекарственных средств в рамках гарантированного объёма бесплатной медицинской помощи, поставками лекарств и медизделий в государственные медицинские организации и многим другим. С 2011 года в соответствии с постановлением правительства РК выступает организатором закупа медицинской техники, приобретаемой за счёт средств республиканского бюджета, а также дальнейшей её передачи организациям здравоохранения на условиях финансового лизинга. Штат компании насчитывает около 100 сотрудников.   5-е место: АО «Эйр Астана», доход — 177 573 811 000 тенге, 2020 г.  Крупнейший пассажирский авиаперевозчик страны, являющийся совместным предприятием фонда национального благосостояния «Самрук-Қазына» (51 %) и британской компании BAE Systems PLC (49 %). Парк воздушных судов авиакомпании составляет более 30 самолётов. Компания обеспечивает перелёты по 64 направлениям.  Штат сотрудников насчитывает более 4.5 тысячи человек. В списке имущества, принадлежащего компании, также числятся девять земельных участков с бизнес-центром и техническими помещениями в Астане и Алматы.   4-е место: АО «Казахтелеком», доход — 206 497 566 000 тенге, 2020 г.  Компания-монополист, обеспечивающая телефонную связь по всему Казахстану. В списке имущества, принадлежащего ей, числится более 12.2 тысячи объектов недвижимости. Штат работников состоит из 29 тысяч сотрудников. Имеется 8 дочерних компаний, среди которых: АО «Алтел», «Нурсат», ТОО «Востоктелеком», КТ Cloud Lab, DIGITAL TV, Kazakhtelecom Industrial Enterprises Services, ООО «Сигнум», Online kg.   3-е место: АО «Национальная атомная компания «Казатомпром», доход — 327 665 830 000 тенге, 2018 г.  Компания профилируется на добыче природного урана и ториевой руды, производстве закиси-окиси урана, его обогащении и изготовлении компонентов ядерного топлива. Кроме основной деятельности, акционерное общество осуществляет деятельность в смежных высокотехнологичных отраслях, таких как производство танталовой, бериллиевой, ниобиевой редкоземельной продукции и фотовольтаических модулей. Штат сотрудников насчитывает около 400 человек.   2-е место: «Национальная компания «Казмунайгаз», доход — 418 988 423 000 тенге, 2020 г.  Основная работа компании, в которой, к слову, трудится более 90 тысяч человек, заключается в разведке и добыче нефти и газа, дальнейшей их транспортировке, переработке и сбыте. В собственности имеется 192 земельных участка с различным целевым назначением. В состав группы компаний КМГ входят 220 предприятий, в их числе «Разведка Добыча «КазМунайГаз», «КазТрансОйл», «КазТрансГаз» и другие.   1-е место: АО «Национальная компания «Казахстан Темир Жолы», доход — 644 480 702 000 тенге, 2020 г.  Нацкомпания является оператором магистральной железнодорожной сети РК, отвечает за перевозку пассажиров и грузов железнодорожным транспортом. В собственности находится более 21 тысячи объектов недвижимости, а штат насчитывает около 77 тысяч сотрудников. КЖД имеет холдинговую структуру. Портфель активов компании включает в себя 26 дочерних, зависимых и совместно контролируемых организаций. Протяжённость магистральных железнодорожных путей составляет более 14 тысяч км. Парк грузовых вагонов состоит из 44 000 единиц, парк локомотивов — из более 1 500 единиц.   Источник: krisha.kz.  ",0
25049,"Случайно проходили мимо кафе , привлекло внимание название-крамбамбуля , решили зайти .  Сразу понравился интерьер , меню поразило разнообразием , приятная официантка порекомендовала драники и колдуны , рассказала о блюдах .  В общем , не зря зашли .  Стоит повторить  ",2
15146,"Благодарность всем врачам и персоналу
Поступили с дочкой по скорой в эту больницу 9.03.2013 г. с диагнозом пневмония, в приемном сразу взяли кровь из пальчика, так что, моя дочка даже не пикнула, отправили на снимок, снимок был готов через 15 мин., все очень оперативно. Сразу пришел врач и опроверг наш диагноз и оставил нас на обследование. Потом нас перевели в 21 бокс во 22 отделении. Очень благодарна всему мед. персоналу за хорошее и отзывчивое отношение к моему ребенку, благодарю всех врачей, что вылечили мою дочку. Особенно нашего лечащего врача, не знаю как его звали, который лечил мою крошку. Низкий вам поклон! Благодарю вас от всего сердца!
",1
108,"Доброго времени суток, уважаемые читатели! Предлагаю Вашему внимаю отзыв о нашей ""ласточке"", Лада Калина 2 (LADA Kalina) в кузове ""универсал"", 2014 г.в. Наша ЛАДА 219410 шла в комплектации ""НОРМА"", 8-ми клапанный двигатель, ABS, электроусилитель руля, механическая 5-ступенчая коробка передач. ",0
6461,"А Хиккан внезамно оказался тру хиккой у которого даже есть своя 2д вайфу, не удивлюсь если все его социоблядство для сруба донатиков, а в реале он интроверт-домосед.
",0
653,Мысли о покупке новой машины не оставляли меня всё время владения старой Газелью. ,0
7475,"Точно знаю , что это старый ресторан .  Сколько раз проезжалпроходил мимо него на Лиговке .  Решил зимой сюда наведаться .  Не из-за любви к китайской кухне , а из интереса .  Оказалось , что Жуи Лун очень стереотипное место .  Этакий дремучий китайский ресторанчик из фильма .  Я бы даже не удивился , если бы за соседним столиком сидел китайский мафиози и ел руками рис из тарелки .  Кого-то такое отшатнет , а как по мне - так только интереснее .  Иными словами атмосферная неаккуратность .  Официанты , кстати , под стать этому образу .  После такого , кухня отходит на второй план .  Да мне и сказать про нее нечего .  Салат из капусты , вкусная закуска , пока несли горячее : ароматный , острый суп , рис и говядину .  Все достаточно вкусное .  ",0
488,"В отеле отдыхали наши друзья, с которыми ездили в Дубай.Отель оправдал все лучшие ожидания! В номерах уютно, хоть совсем маленькие, есть все необходимое- фен, чайник, вешалки и. т .д. Убирали номер хорошо, всегда в наше отсутствие. НИКАКИХ НАСЕКОМЫХ НЕ БЫЛО!!!! Кровати шикарные, очень удобные, приятное постельное белье.ЕДА - вполне соответствует 3*, голодными вы не останетесь. Балкона нет, но есть в ванной веревка для сушки. Правда белье сохнет плохо.",0
2063,"С первых слов хочу сразу же поблагодарить Администрацию и обслуживающий персонал ресторана "" Амулет "" .  Вы подарили нам настоящий праздник !  Наш вечер , благодаря вам , удался на сто процентов !  Никогда мы не встречали столько чуткости , внимательности , доброты и заботы !!! Ещё во время подготовки нашего торжества Наталья , как опытный Администратор , продумала буквально все тонкости нашего банкета , дала нам важные советы и подсказала мелочи , о которых мы даже не подозревали раньше .  Можно было подумать , что Наталья готовится отметить лично свою свадьбу , столько душевной теплоты она вложила , помогая нам определиться с меню и посадкой гостей .  Теперь о кухне : редкий ресторан может похвастаться таким великолепием блюд ( отдельное спасибо поворам ! ) .  Мы выбрали "" среднее "" предложение в ценовой категории , и вы знаете - остались безусловно довольны : порции большие , приготовлено "" просто пальчики оближешь "" , а главное ( простите за прозу , но это достаточно важный момент ) - всё достаточно бюджетно , при том , что "" Амулет "" располагается в историческом центре города !!! А если к тому же вспомнить , что ресторан предлагает возможность приносить свой ( !!! ) алкоголь , то наверняка можно утверждать , что более выгодного предложения мы не нашли !!! Короче : вкусно , много и недорого !  Интерьер : с порога ощущаешь настроение торжественного праздника .  Залы большие , грамотно оформлены .  Гости , а у нас их было немало - аж 47 человек , сидят свободно , на тацполе всем хватает места .  Музыка , качество звука , свет - всё создает прекрасную атмосферу .  Нельзя не отметить оригинальную шоу-программу ресторана : тамада Алексей на едином дыхание вел наш стол .  Проникновенные речи родственников сменялись искрометным юмором , забавными конкурсами , были даже фокусы !!! Обслуживание : как ни крути , но это самый главный момент в любом празднике !  Уважаемая Администрация ресторана "" Амулет "" , мы не знаем , где вам удалось найти такой персонал , но это настоящее сокровище !!! Иногда казалось , что официанты умеют читать мысли =) Стоило только подумать о чем-то , и тут же , рядом возникал официант , готовый исполнить любое наше желание !  Как по волшебству в бакалах появлялось вино , неуловимо происходила смена блюд !  Всё это лишний раз свидетельствовало о исключительно высоком классе обслуживающего персонала .  И если это кому-то будет полезно , то обязательно настаивайте на том , чтобы ваш банкет обслуживал Марат .  Это настоящий виртуоз своего дела и душа праздника !!! Вообще мы редко пишем какие-либо отзовы , но после такого головокружительного торжества , нас переполняет чувство благодарности вам !  Надеюсь отметить золотую свадьбу в вашем ресторане !!! Еще раз , спасибо и до встречи ... :) Павел и Екатерина .  ",1
3396,"Гулявшие на «королевском» корпоративе сотрудники Нацбанка начали закрывать или даже удалять свои профили в соцсети Instagram.      Туда сотрудники регулятора выкладывали фото с корпоративного празднования в честь Нового года. Однако в соцсетях фото вызвали волну негатива, что объяснимо, если учесть скандал с сомнительным инвестированием 5 млрд тенге из ЕНПФ.   Напомним, 30 декабря стало известно, что Нацбанк РК провел корпоратив в элитной алматинской гостинице Royal Tulip. На мероприятии выступили знаменитые отечественные музыкальные коллективы, такие, как All Davay, Energy, Дауыс International.   Впрочем, фото с вызвавшего скандал корпоратива продолжают гулять по Казнету.   Тем временем, Нацбанк утверждает, что единый оператор пенсионных активов рискованно инвестировал не пенсионные накопления казахстанцев, а собственный капитал.   Фото с корпоратива Нацбанка в честь Нового года-2017. Источник — Instagram   Фото с корпоратива Нацбанка в честь Нового года-2017. Источник — Instagram   Фото с корпоратива Нацбанка в честь Нового года-2017. Источник — Instagram   Сотрудники Нацбанка «отожгли» на роскошном корпоративе      К делу о выводе 5 млрд тенге из ЕНПФ подключился КНБ ",0
2488,"д конечно, а эту пробему  Арсенала  пытаются как то решить?  Эдак, чего доброго, прикроют А-192М и начнут пилить АК113. С соответствующими последствиями в плане денег и времени.  Это полная фигня, что Горшков не может выйти на ЗХИ потому что пушки нет. И в советское время Современный без АК-130 ходил на испытания, и в недавнем прошлом задержки А-190 не были препятствием для ходовых.  Ну инновационная 3D-РЛС  Штакетник  на мачте тоже просматривается, если это свежие снимки.  Концепция поменялась. Рабочей лошадкой флота ВМФ видит сейчас перспективный эсминец. А корветам, фрегатам , в том числе и  еврофрегату  пр",1
26697,"В первый раз посещали Истанбул. Останавливались в гостинице Sea Mansion Suites & Spa. Отличная небольшая гостиница с очень приятным персоналом. Место положения - лучше некуда - тихая улица 5 минут ходьбы от главных достопримечательностей Истанбула. Имеет свои турецкую баню и сауну - как жители гостиницы, пользовались бесплатно. Правда, сходили туда только раз, так как в другие дни и вечера ходили по городу - за 5 дней хотели увидеть все, а это не просто. Придётся приехать ещё раз и надеюсь попасть сюда же. Очень - очень большое спасибо персоналу за советы, помощь, чистоту и тепло! ",1
11014,"Молиться можно , но подавать  Безкровную Жертву ( Таинство Евхаристии) в алтарь  о здравии нельзя(с выниманием частицы из просфоры) ,можно подавать молебен  О здравии , с разрешения батюшки.  Это два различающихся вида молитвы - индивидуальная (из категории  никто не запретит ) и литургическая (связанная с принесением евхаристической жертвы, а она может приноситься только за верных православной Церкви). Необходимым условием участия в литургической жертве является согласие всех участников с тем, что православная Церковь - единая истинная Церковь, а ожидать такого согласия от католика по меньшей мере странно.  Уведомляю: я не троллю. В рассматриваемой теме я в этом некомпетентен совсем, пытаюсь понять и разобраться.  а она может приноситься только за верных православной Церкви Необходимым условием участия в литургической жертве ... единая истинная церковь (тут все цитировать надо)Я возможно глупость скажу, но вы знаете, по меньшей мере странно ограничивать действия, направленные во добро путами правил. А если таковы правила - то правила идиотские, ну честное слово. ... так вот, я не понял и не разобрался. Точнее понял... что эта церковь мне чужда, при всем моем уважении к искренне верующим людям. Какая странная жизнь.",1
25574,"Была в этом замечательном ресторане 4 октября .  Очень понравилось .  Приятный интерьер , вкусная еда , вежливый персонал .  А днем в выходные еще и аниматоры занимаются с детьми , так что созданы все условия для гармоничнного семейного и не только отдыха .  В Эдельхоффе есть еще и большие телеэкраны !  Кстати , розыгрыш 100 литров пива - тоже один из аргументов зайти в Эдельхофф !!! Приятного аппетита всем кто желает хорошо провести время в Эдельхоффе !  ",2
57934,"Всем огромное спасибо
Тамара Ромазановна, проводившая кесарево сечение, очень квалифицированный врач, постоянно навещала меня и осматривала, несмотря на то, что у меня другой был лечащий врач, тоже очень хорошая и ответственная женщина - Наталья Георгиевна. Всем огромное спасибо.
",1
9955,"Плюс, не все виды деятельности под это попадают.  Я через клиент плачу, раньше, как дурак, ездил с платежками в банк, каждый квартал. Вообще-то, можно и налоги немного оптимизировать, за счет того, что ты выплаты в ПФР делаешь - но лучше найти какую-нибудь хорошую тетеньку-бухгалтера, которая ИП-шников ведет, тогда сможешь и не вникать особо.  Вопрос поставлен про упрощенную систему налогообложения, а не про  ограничения по ИП .   5тыщ за безолаберность и тупизм это многоа 2-3тыщи в квартал за баланс человеческий это нормальноне надо меня тролить, чувак  спасибо за информацию! платить взносы можно в любой день года, но лучше платить поквартально - в этом случае можно сокращать налог 6% на сумму уплоченных взносов. Это правда? Тогда в общем весьма резонно сделать именно так, ибо ж это позволяет сэкономить ровно всю сумму в 35 тыщ. Как только объяснить налоговой почему ты их недоплатил?  спасибо!  нет  Сейчас это делается бесплатно в налоговой,сам недавно ходил в 46 налоговую,заполняешь бумажку они дают бесплатно на месте- мол хочу закрыть, 160 рублей через терминал и сдаешь, через неделю приходишь и забираешь бумажку,а все бумажки по ип остаются на память, и никакие справки из налоговой и пенсионки не нужны, это уже потом самому уведомлять и долги заплатить,а раньше требовали поэтому народ бегал.  А в фирме это будет столько же сколько и открыть+доверенность,только смысла не вижу ехать в фирму,проще поехать заполнить бланк в самой налоговой и сразу сдать на закрытие .  да, имей ввиду, что в этом году в ПФР тридцулю платить.",1
18810,"Первое что понравилось , месторасположение, рядом много достопримечательностей, не далеко от железнодорожного вокзала, если приехали налегке можно дойти пешком, старый рынок тоже рядом, в 5 минутах ходьбы колесо обозрения(стоимость 12 евро), также пристань , паром до крепости в обе стороны 5,50 евро). А теперь об отеле, мы жили в 616 номере: при заезде спросили кредитную карту, на всякий случай, не знаю зачем ,т.к. холодильник в номере пустой. Номер не большой, все чисто, телевизор не включали, мыло жидкое в пластике на стене. Завтраки замечательные: яйца варенные, фрикадельки, селедка в маринаде, варенье, различная выпечка, колбасы сыры. Останавливались на сутки , для прогулки по городу.",1
15931,"Заехали сегодня семейством в Летний Дворец практически случайно : хорошее настроение , голод и наличие парковки сделали свое дело .  Поначалу возникли сомнения - ресторан выглядит очень солидно , а мы в джинсах , муж небритый и ребенок еще в плохом настроении , оторванный от просмотра мультика в машине .  Но администратор и глазом не моргнула , нас проводили в гардероб и потом посадили за столик .  Принесли комплимент от шеф-повара , напитки и корзину с вкусно пахнущими булочками .  Муж заказал салат с помидорами и ростбифом , рыбный суп и котлету из свинины с овощами - в результате я его еле "" докатила "" до машины .  Ребенок слопал пелемешки и картофель фри , я остановила свой выбор на салате с тигровыми креветками и мясе по-строгановски с картофельным пюре .  Вкусно и сытно .  Совершенно потрясающий десерт "" а-ля тирамису "" с чашкой кофе напоследок .  Хочется отметить неназойливость и доброжелательность официанта Светланы , которая обслуживала наш столик .  Конечно , такого уровня ресторан не на каждый день , но зато вкуснейшая еда и ощущение праздника дорогого стоит .  В оценках не ставлю "" десятки "" - т. к. я не знаю , что для меня идеально :)))))  ",1
18199,"Ужинали с друзьями , достойное местечко .  Все на высшем уровне , еда , интерьер , обслуживание ! ставлю пять !!!!!  ",2
21682,"Отель находится в тихом и спокойном переулке, а уже за первым поворотом кипит туристическая жизнь: кафешки, музыка... В двух шагах от трамвайных путей, которые идут от Айя Софии к Гранд Базару. Первые два этажа без окон, следующие с маааленькими балкончиками. А дальше, видимо, этаж с балконами побольше. Завтрак что надо, мало, но по делу, все вкусное. Отмечу большой выбор отличных свежих сыров, свежесваренный кофе, орешки, сухофрукты и мед в сотах, были свежие фрукты. Вид из ресторана потрясающий. А со смотровой площадки вообще отпад, как-то вечерком мы заказали пива прямо на смотровую, лучший вечер за весь отпуск. Так душевно вы не посидите ни в одном ресторане ;) Номер чистый, приятный. Дизайн современный, стильный, европейский, что вообще редкость для Стамбула, кругом засилье ""султанских"" гостиниц (ковры, золотые драпировки и прочее).Персонал крайне заботлив и приветлив. Разрешили нам позавтракать на полчаса раньше перед выездом. Трансфер от Ататюрка бесплатный (мы ехали из Сабихи, к сожалению).Из минусов: обратите внимание, в стандартном номере с окном крайне мало места для вещей. Половину шкафа занимает минибар. Так что остается только рейл с пятью вешалками и одна неудобная полка высоко + стойка под чемодан и маленький ящичек в бюро. Все) В шкафу от минибара очень тепло. И нет утюга в номере. Но это мелочи)Вообще отель отличный.",1
21213,"Ничего плохого не заметила
Я работаю в общеобразовательной школе. Каждый год требуют справку от врача-психиатра. В 2013 году ходила вместе с пятью коллегами, мне за 300 с чем-то рублей быстро выписали справку после короткой беседы с врачом, никаких проблем. В 2014 году ходила одна, никакой очереди не было, попросила справку выдать об освидетельствовании по собственному желанию, врач со мной немного побеседовал, потом выдал справку. В регистратуру звонила, никакого хамства не услышала, все по-деловому четко, рассказали про часы работы и, что нужно.
",1
39854,"Стоматолог Баратова
Была летом 2010 г. у стоматолога, Баратовой Е. А. Она провела плановый осмотр полости рта и сказала что все ок (зубы проблемные, половина в пломбах). Через месяц заныл зуб, я пошла в другую стоматологию - там нашли шесть (!) зубов больных кариесом . Засомневалась, т. к. в Моситалмед ходила по страховке, а в другую за свои (подумала о вероятной попытке развода на деньги). Пошла еще в одну стоматологию, тоже по страховке. И, да, они подтвердили все эти зубы! Вопрос - что за уровень профессионализма у стоматолога Баратовой, что не позволил ей заметить ни один из ШЕСТИ больных зубов? Резко отрицательное мнение.
",2
15868,Посещаю ресторан регулярно .  Всем очень доволен .  Советую посетить паста - пати .  А оценки за все 10 +  ,1
24029,"Более менее расположение. Чисто. Сервис хороший. В бассейне утром и вечером - никого. Питание нормальное. Понравился ресторан - вниз от отеля метров 300: свежие морепродукты, хорошо готовят, всюду живая музыка.",0
8784,Плюсы:- очень тихо;- кондиционер;- сейф;- ковровое покрытие везде;- отличная кровать и пастель;- обилие розеток;- подогреваемые полы в ванной;Минусы: - нет холодильника;- маленький шкаф;- места на парковке отеля не досталось;- подушки с неприятным запахом;- платный интернет.,0
28001,"Отмечали в этот день день рождения девушки .  За 2 дня специально приехали в кафе , чтобы определиться с местами и расположением столов .  Все согласовали и нас уверили , что все будет нормально .  Когда пришли в назначенное время , то оказалось , что нас особо так не ждут , а именно , что столики на 2 этаже нам предоставить не могут , мол там не сядет такое количество человек ( не более 10 человек ) .  Заранее же нас уверяли , что все сядут .  Ладно , побеседовали-уладили .  Потом оказалось , что у них нет пива и предлагают заказать сразу 5 литров .  Столько пива никто пить не хотел , но надо отдать должное , когда мы им предложили сходить в палатку и купить нам пиво , то они вроде бы были согласны на это , но мы не стали на этом настаивать .  Еда была вкусная и порции были нормальные .  Весь интерес начался при расчете , - нам принесли счет и в нем отдельной графой шли чаевые в размере 10 % , хотя если посчитать , то на деле оказывались все 20 % .  Не очень было красиво с их стороны и приятно это видеть .  Не стали разбираться по этому поводу-заплатили и ушли .  В конце конечно надавали пригласительных и дисконтную карту , но это уже не поможет изменить мнение об этом заведении .  Вывод : народу мало , интерьер нормальный , но организация и включение лишних 1500р ( это чаевые , которые отдельной строкой были включены в счет ) окончательно портят все .  Туда больше не пойдем , т. к. подводные камни радости не прибавляют , а то выходит какой-то развод по-русски ....  ",2
30011,"Спасибо
Выражаю искреннюю благодарность врачу Махлаю В. А. за хорошее лечение, внимательное отношение. Очень хороший специалист. А так же выражаю благодарность м/с Исраиловой Майе и администратору Пташкиной А.
",1
999,"Мы с женой ходим в этот замечательный паб довольно часто !  Очень удивлены что здесь так мало написано хороших отзывов .  В 2009 году там действительно была беда . но после смены хозяев , все изменилось !  Это место где можно отлично и с комфортом провести время как с семьей , так и с друзьями .  Готовят достаточно не плохо , иногда правда повар влюбляется и перебарщивает с солью , а так в целом можно вкусно поесть за адекватные деньги !  Обслуживание великолепное , именно оно и заставило нас вернуться туда 2 раз , и возвращаться до сих пор !  Бессменная официантка Аня всегда встречает нас как родных !  Отдельное ей спасибо за теплоту и улыбку !  ",1
70449,"Хочу сказать спасибо Артклиник
Недавно делала операцию, ринопластику в данной клинике. Результат получился великолепный. У меня было искривление перегородки носа с детства и плюс еще горбинка, которая мне ну никак не нравилась. И я решилась сделать себе операцию. Долго искала, где сделать, многое прочитала в интернете по поводу данной процедуры, были, как положительные, так и отрицательные отзывы. В конце концов, я залезла на сайт Атрклиник и прочитала там все, что меня интересовала и решилась. Сходила на консультацию и уже по отношению ко мне персонала поняла, что Артклиник стоит того, чтобы я в ней сделала операцию.
Результат меня не разочаровал. Я очень довольна результатом. Спасибо Артклиник!
",1
3644,"в субботу я был приглашен на маленькое , не торжественное семейное мероприятие в К & Ф. с удовольствием вырвался из кухонного ада . в жаркий день терраса очень радует : тенек , обилие зелени вокруг ласкает глаз и даже мельница , напоминающая декорацию из малобюджетной сказки восточно-европейского кинематографа эпохи развитого социализма забавляет , а не раздражает . чего не скажешь про интерьер : обилие футбольной символики в зале раздражает невероятно . вплоть до необходимости проходить в туалет очень быстрым шагом - не от нетерпения , а чтобы не лезла в глаза эта зенитовская гжель . официанты очень вежливы , охотно отвечают на вопросы , даже если не знают ответов - выкручиваются . только добыть этого официанта практически невозможно . они снуют в разные стороны с космической скоростью и не отзываются на призывы , хоть лолпни . только если отловить хостесс ( они чуть менее невидимые ) и велеть ей сейчас же привести официанта во что бы то ни стало . грязные тарелки убираются только после подачи следующего курса . пледы на террасе - отличная идея , только обескураживает , что их припасено меньше количества посадочных мест . еда . пиво выше всяческих похвал , свежее , вкусное , очень питкое : литровые кружки выпиваются влет . колбаски : ну колбаски - домашние , неплохие . я бы к пиву взял лучше раков , кабы они были не по 900 р. за пол-дюжины : после беринговского ведра не потянуло . мяса , после пожирания кошерного барана не очень хотелось , взял лосося на гриле . просил rare , принесли well-done , причем , уверен на 99 % , это произошло из-за слишком медленного шествования официанта от кухни до стола . когда лосось был почти съеден к нему появился "" рыбный "" соус . соус бессмысленный и скверно приготовленный : расслаивающийся , с отчетливым вкусом сырой муки и невнятным всего остального ( чего именно - не определил ) . йогуртовый суп с ягодами , находившийся в суповом , а не десертном разделе меню , отчего я немного не угадал с выбором : полагал , что это кисленький натуральный йогурт , а ягоды только аксессуар . но , все равно , очень понравилось . отличный домашний йогурт , сладкий в меру , ванильный в меру , много ягод , относительно объема порции . дальше потянуло на сладости . в меню значилось домашнее мороженое . спросили официанта . официант подтвердил . приносит : ну конечно же мороженое из премикса ! если разведение готового порошка - это домашнее приготовлнение ... причем , мороженое-то хорошее , только врать не надо . перешли к кофе . кофе - барахло . выпечку к кофе приносят спустя 20 минут после самого кофе . штрудель : тесто тонкое , не промокшее , как положено , начинка , пожалуй , слишком однородная и не яркая по вкусу . зато набор птифуров почти восхитителен : два эклера , два масеньких буше , три "" картошки "" и баба . пирожные свежайшие , нежные , с прекрасным сбалансированным вкусом ; "" картошка "" , обсыпанная рубленными фисташками - великолепно . так хорошо , что нельзя не отметить маленькие недостатки : баба немножко суховата и сироп мог бы быть разным , для пропитки разных пирожных . итого : пиво 10 еда 5 сладости 9  ",0
4994,"Отель соответствует заявленному уровню. В душе есть туалетные принадлежности, в номере чайник (по заказу). по 3 полотенца на человека, уборка ежедневная. В пешей доступности метро, Витебский вокзал, Невский проспект, из Эрмитажа тоже пешком доходили. В отеле нет ресторана или кафе, но есть бар - заранее посмотрели сайт отеля перед заездом, мы поужинали в другом месте, а потом заехали в отель. Завтраки готовят скромные, но очень сытные. Пожелание отелю - варите разные каши, и сделать подсветку указателей с наб.Фотнаки + разместите там же дополнительный указатель во во дворе. Большой плюс отелю - быстрый WiFi!",1
61555,"Хочу поблагодарить доктора клиники
Хочу поблагодарить доктора клиники ""Спектр-Дент"" Айвазяна за качественно выполненную работу. Сегодня ставила пломбы по программе ДМС - очень довольна! Спасибо огромное!
",1
24171,"Решили на выходные с подругой впервые посетить Стамбул ! Выбрали отель Rixos Pera 5*, отличное местоположение и учитывая опыт поездок на турецкое побережье в пятизвездочные отели, сомнений не возникало )в отеле русскоговорящая Катерина( очень хорошо) все показывает , объясняет, помогает заселиться.Номер 1608 delux на двоих с отдельными кроватями нас с подругой радует .... НО(!!!)халатов нет, тапочки одни, набор д/ умывания отсутствует.... Звоним на ресепшн, приносят, при этом минут 5 выясняя должны ли бы быть в номере халаты( в 5*отеле!!!!)в ванной неприятный запах сырости, плесени( которая вокруг душевой кабинки) -неприятно, но факт, впервые такое в 5*мелочь, но неприятно.... В целом отель хороший, но второй раз в нем не остановилась бы",0
62292,"Отношение доктора
Здравствуйте, про клинику плохого не скажу, но доктор Плужник С. В. - хам. И очень неопрятен. Посмотрите сами на его внешний вид и все поймете сами. После разговора с ним даже лечиться там не стала.
",2
33686,"Попросили вернуть деньги после первой ночи. В номере очень холодно, для этого в номере предусмотрен обогреватель, но в ванную его перенести тяжело и некуда поставить. Стандартный номер 2*2 метра, к кровати подход с одной стороны, телевизор висит над кроватью прямо над ногами, грязный прикроватный ковер, очень грязная штора в душе, гели и шампуни налиты в грязные дозаторы и во всех них самое дешевое жидкое мыло для рук, самый дешевый что только бывает матрас, сложно уснуть и на утро сильно болела спина. Более того кровать скрипит при каждом повороте с боку на бок, дверь в коридор закрывается неплотно, слышимость коридора и соседних номеров 80%. Слышали всех соседей. В коридоре мраморный пол без ковра, слышно даже шаги без каблуков. Завтракать необходимо одеваться в верхнюю одежду и идти через улицу. Место завтрака похоже на маленькую столовую, позавтракать не удалось были грязные столы и заляпанный упавшей едой шведский стол, представили что на кухне и взяли только воду в бутылках. При отмене бронирования деньги отдавать отказались, так как это делает только бухгалтер, в выходные она не работает, а в будни подходит к 12:00. Администратор за все доставленные неудобства не извинилась. Хуже чем этот отель, в Москве не останавливалась.",2
49589,"Отель в целом хороший. Уборка номеров нормальная. Завтрак хороший. Мебель не сказать что новая, но в хорошем состоянии. Все работало. До моря не далеко. До Бангла роуд 10 минут пешком. В номере есть сейф. За номер берут депозит 100$. Единственный большой минус это стройка под окнами. Начинают работать в 8-00 заканчивают в 18-00. При выборе номера лучше выбирать первый корпус!!!! из его окон стройка видна только на 50%.",0
11091,"Удачное расположение для транзитных туристов, рядом автобан, до аэролорта 10 мин. Правда ночью шумновато если окна выходят в сторону автобана. Номера чистые. Персонал достаточно расторопный - принимали одновременно три больших автобуса с туристами и всех расселили за 20 мин. Завтрак тоже был отличный",0
6259,"огонь и в космосе могли бы зажечь - достаточно было сделать факел с топливом и окислителем(водород-кислород) - но видать поздно решили тащить его в космос, неподсуетелись...ну так, мое мнение - мало кому интересная показуха этот факел(как и олимпиада) - к тому-же весьма затратная... не поскупимся ради славы - сделаем ее самой дорогостоящей за всю историю...в Бразилии например акции протеста против чемпионата, требуют эти деньги отправить на социальные нужды - а у нас все одобрямс, хлопают... по мне, так это форменный идиотизм  В России не говорят - Санта Клаус, в России говорят - Дед Мороз.       Я тоже не сторонник  беготни   с факелом, одна прочитать было приятно, и наконец, мне лично, стала видна эпическая картина в целом и ее замысел.  Интересный репортаж и подобрка фотографий. Спасибо!  интересно и  народ впечатляет )  Пользователь  сослался на вашу запись в записи  Приключения Олимпийского огня в России.   в контексте: [...] нам:  Увидимся на Олимпийских играх!   http://vg-saveliev.",0
5937,"Они люди дикие-видят баба не в хиджабе и практически голая, значит надо ебать.  Тут еще надо прямо говорить москвичи сами виноваты.Зачем сдают им квартиры? Зачем принимают на работу? Зачем пользуются их услугами? Или деньги не пахнут тогда какого ху ныть,что понаехали тут.  10:12 25/07/2013 МоскваБолее 180 мигрантов нелегально проживали на птицефабрике под Солнечногорском  Гнать их надо.  Гастеру этому яйца надо отрезать, а тому кто ему работу дал в очко лом засунуть  Живу в этом районе. Гастарбайтеров очень много. Некоторые живут с семьями. Видела их женщин. Нам  повезло , в нашей деревне есть свои таджики, которые уже несколько лет работают в коттеджах и гоняют пришлых очень активно.",0
9458,"Очень тихое место, хотя за углом буквально - одна из обжорных улиц Берлина недалеко от вокзала Фридрихштрассе, да сама эта шумная улица. Хорошие номера, чисто, все необходимое в номере есть, добротный завтрак",0
12574,"На Кавказе уже построен фашизм религиозный. У нас по Конституции - социальное, светское государство, но народ ограблен феодалами! Нас убивают наркотиками, алкоголем, развратом и т.д. Конституция- Статья 14 1. Российская Федерация - светское государство. Никакая религия не может устанавливаться в качестве государственной или обязательной. Герб России с религиозными христианскими символами- это прямое нарушение Конституции и государственных законов- статья 282 УК- возбуждение межрелигиозной вражды. 1) Юристы Путин и Медведев не мешок картошки украли, а нарушили Конституцию, т.е. совершили преступление и что с этими преступниками нужно сделать за это?  2) Являются ли государственные Законы - законными, если их подписывали государственные преступники Путин и Медведев? Читать далее http://www.liveinternet.ru/users/2938094/post248199826/---В дополнение про детишек-Статья 61. Конституции РФ1.",1
8606,"Мародёрство
7 ноября маму (75 лет) забрали в 33 больницу. В реанимации токсикологического отделения содрали обручальное кольцо, оставив синяк на пальце. Мародер, счастья тебе оно не принесет.
",2
20192,"Отличный доктор
Моему сыну 4 года, как только начали ходить в детский сад - начались постоянные простуды. Три дня ходим - две недели - на больничном. Посоветовали соседки сходить в лор кабинет к Олейнику А. В. Проделав всего 4 комплексные процедуры с промыванием миндалин, результат был налицо, а главное без антибиотиков! Огромное спасибо, Андрею Викторовичу, за профессиональный подход и человеческое отношение к пациентам!
",1
12437,"Моя сестра ей постеснялась объяснить причину. Когда я ей пояснил что к чему, она пришла в ужас. И это в 22 года. Я ведь писал выше, что Центральная Россия практически не употребляла наркотики, хватало алкоголя. А вспомните аптеки до 90 года - мечта наркомана! Я еще помню время когда без рецепта продавался чистый кодеин (бумажная конвалюта на 6 таблеток), таблетки от кашля по 12 копеек, так называемые  желтые , с громадным содержанием кодеина, огромная куча снотворных и прочей радости. И все без рецепта. Вот я и говорю, что именно СССР дал серьезный старт нынешней наркомании.",1
27954,"Отель отлично расположен, рядом с Софией и голубой мечетью. Номер просторный, маленький балкончик с видом на мечеть и садик, есть все необходимое, дизайн не обычный, но интересный. Хорошее обслуживание, от завтрака впечатление среднее. ",0
17366,"В ГеоКафе мы праздновали свадьбу 15.09.2012 года .  При выборе ресторана для нас было главным два момента : кухня + достаточное место для танцев ( поскольку танцуем танго , нам важно было иметь в своем распоряжении просторный данс-пол ) .  В Гео мы нашли то , что нужно : и отличная площадка для танцев , которая была организована на 1-м этаже , и прекрасная средиземноморская кухня , которую можно было дегустировать на 2-м этаже .  В числе блюд , которые получили самое большое количество отзывов гостей , назову следующие : мидии по-провански , салат с камамбером , креветки гриль , дорада , салат с тунцом .  Конечно , это лишь краткий список :) Все было ОЧЕНЬ вкусно !  Более того , все , что мы не смогли попробовать во время торжества , официанты упаковали в ланч-боксы и отнесли в машину , так что мы имели возможность растянуть удовольствие + не мучаться вопросами о еде на следующий день .  Отдельно хочу сказать пару слов о работе официантов - они справились со своими задачами на 5 + : за нами следили безусыпно и подкладывали нам в тарелки всяких вкусностей , чтобы мы за поздравлениями не остались голодными :) , а за гостями следили вдвойне , и только благодаря профессиональным официантам все наши гости сумели попробовать те прекрасные блюда , которые были приготовлены поварами ГеоКафе !  Спасибо большое !  Успехов вам , ребята , и всяческого процветания !  ",2
10152,"Надо же , какая пустота здесь ...  Буду первой !  Я оочень рада , что открылся этот замечательный ресторан .  Первый раз мы были на дегустационном ужине .  Идеально вкусно было практически все .  Объелись мы так , что наутро завтракать не хотелось .  После этого я приезжала во Фрименс дважды .  В первый раз - в чудесную пятницу 30го .  Когда я последовательно опоздала на две встречи и после 3х бесполезных часов за рулем настрой был не очень .  Решила срочно рулить на Казанскую .  Голодной себя не чувствовала , но моральный дух надо было срочно поднимать .  Припарковалась напротив входа , а на Казанской , да и еще в такой день мне показалось это практически даром провидЕния .  Очень душевная , даже слишком многочисленная встреча .  Пока со всеми перездороваешься ...  Раздели , я уселась на диванчик .  Тепло , душевно , красиво .  Даже не верится , что весь тот снежный сюр , что остался за порогом - правда .  Второй раз мы с мужем приехали голодными после игры осенне-зимнего Бориса )) .  Одно расстроило - магазин алкоголический закрылся , он до 22 .  Дима сразу же подходит , помогает , рассказывает и рекомендует .  Ляпота .... Хочу сказать за меню ) .  Мне оно нравится во-первых наличие страницы с маленькими закусочками ( забыла , как они называются ) .  Это красота и вкуснота !  Из них мы заказывали перчики с тунцом ( 120 ) и картофельные чипсы с треской ( 120 ) и микс салатов с пармезаном ( 190 ) Перчики - прэлесть , треска с чипсами нежная и легкая .  Салат - отличный , мне он еще на дегустации понравился .  Простейший и очень вкусно : салаты , масло , пармезан .  Затем старты , салаты , основные блюда , супчики и напитки .  И в этом меню , в отличие от вышеупомянутого места , где мы почти не поели , хочется попробовать все !  Про напитки .  Я раньше даже не подозревала , что это так важно , для меня во всяком случае .  Есть одно место , где мне очень нравится еда .  Но из безалкогольных напитков там чай , кофе , сок из упаковок .  Все .  Я так не могу , мало мне !  А что мы имеем во Фрименсе : чаи-кофий , цветочные и травяные настои , горячие домашние напитки , какао-шоколады , морсы , смузи , фреши , соки , домашние лимонады .  И все хочется попробовать !  Отлично !  Еще мы пробовали салат из томатов и сельдерея с песто ( 290 ) , печеная паприка с кедровыми орешками и пекорино ( 250 ) Замечательно ! и Настоящий куриный суп ( 190 ) Подается тарелка , в ней обжаренное нарезанное филе , заливается бульоном из кувшинчика .  Отлично .  Да , и оба раза комплимент - мой любимый тунец с оливковым тапенадом .  Хоть каменную досочку облизывай , настолько вкусно .  Но он и в Г. был одним из наших любимых блюд .  Морс , фреш , лимонад , эспрессо .  Все очень хорошо , особенно морс и лимонад .  И десерты !  Каждый день - новый вкладыш с десертной картой , в ней четыре позиции .  Я пробовала чизкейк в бокале со свежей малиной ( 190 ) и маракуйа с горгонзолой ( если не путаю сырр , 190 ) .  Изюмительно !  Ну и конечно , цены !  Цены замечательные .  В общем , поздравляю с открытием !  Мы очень-очень рады !  Готовы приезжать в метель из Коломяг !  Ура ! ____________________________ Апдейт десертный от 24.01.13 Как и обещала - моя ложечка дегтя . мне не понравились совсем : пудинг с чем-то из кураги ( сорри , фото и чек утеряны ) . курага вкусная , а пудинг неть ) мне не очень понравился манговый пирог и , на мой взгляд великолепные десерты : чизкейк с малиной - маракуйа с горгонзолой - кексик из инжира - тортик шоколадный ( не помню названия , но что-то шоколадно-шоколадное ) А сколько еще неотпробованного ! )) ______________________________ Апдейт за май 2013 : Фрименс продолжает радовать глаз и пуз )) В последнее посещение порадовали открытые окна - нет верандочки - зато убрали окна .  Ну и еда , конечно !  Салатик с уткой , теперь выглядит по-другому Салат с креветками и тайским манго ( 390 ) Холодный суп из томатов ( 250 ) По мотивам гаспачо - чудесный !  Дорада - новый вариант Гребешки с гречей ( 350 ) Очень !  Новый десертик Фрименсы - так держать !!!  ",1
63777,"Признательность коллективу врачей
Выражаю большую признательность всему коллективу врачей, обслуживающих меня. Спасибо за вашу доброту, профессионализм и и поддержание хорошего настроения в таком сложном состоянии человека. Благодарю. Также хочется отметить приятное общение и помощь администратора Ольги. Спасибо! До новых встреч.
",1
49311,"Неудобство записи
Хотела записать ребенка к гастроэнтерологу. В регистратуре по телефону почему-то не записывают, надо приходить с полисом в регистратуру с 12 до 16 и записываться. Вопрос: почему нельзя записаться по телефону? Карта у нас есть, с полисом уже были. А люди, вообще то, работают + надо отпроситься, чтобы с ребенком к врачу прийти. Почему все делают так, как неудобно людям???????? Безобразие, я считаю, неуважение к людям.
",2
11934,"По последним данным молодость заканчивается в 45 лет.
",0
37561,"Если Вам необходимо посетить ВДНХ, на выбор у Вас будет достаточно много вариантов проживания в близлежащих отелях. Д’Отель - один из таких вариантов, к сожалению, не самый удачный. Качество номеров приемлимое и соответствует соотношению цена/качество, однако уровень обслуживания персоналом оставляет желать лучшего. Угрюмые нерадостные лица на рецепшн, пропажа вещей из номера сразу после выезда (если что забыл, возвращаться бесполезно), если что-то сломалось в номере, то быстрого и эффективного решения вам не предложат. Вообщем, - не рекомендую этот отель, если Вам нужен комфортный и полноценный отдых.",2
10392,"Сам я не местный ))) Но вот посетил данное заведение .  Не могу назвать место пафосным или каким-то гламурным , но , блин , уютное оно очень ( особенно диванчики в VIP-зале ) , или , может , это у меня эмоции из-за того , что я там был с очень дорогим для меня человечком ...  Мне , вернее нам понравилось .  Миленько .  Отдельно хотим отметить девушку Александру ( фамилию не пишу - она там одна с таким именем )))) , которая обслуживала наш столик . Спасибо . Про кухню ничего не могу сказать - выглядела рыбка с картошечкой очень даже ничего , но "" Бакарди "" сделал свое черное дело , и как-то есть не очень и хотелось . ))) Резюмируя : если удастся посетить ваш город , обязательно зайду еще раз ! ))) P.S. Кухне ставлю тоже 10 . Авансом ))))  ",1
36547,"Не записывайтесь в эту клинику
Сегодня, 02 декабря 2014 года, я пришла на прием к гинекологу (записывалась заранее на 8 утра). Просидев 15 минут возле кабинета, и так не дождавшись врача, я спустилась в регистратуру и поинтересовалась, где же может быть врач?
На, что услышала ответ, а, что разве ее нет в кабинете?
ВЫ знаете нет, ответила я. Может быть Вы подскажите когда она будет? На, что услышала ответ, ну подождите еще немного, сегодня же выпал первый снег, наверно она в пробках стоит. Вот и думайте теперь, дорогие женщины, стоит ли записываться на прием в эту клинику. В очередной раз подтверждается выдвинутая теория, что наши врачи не хотят работать даже за деньги.
",2
70247,"Некачественные услуги
Оказаны некачественные услуги в ортопедическом лечении. Мною было впустую потрачено более 200 000 р. Лечение результатов не дало. Клиника отказывается брать на себя ответственность. Задним числом сделаны записи в медицинской карте, абсолютно не совпадающие с действительностью.
",2
17353,"Наша свадьба состоялась 21.09.2012 , в пятницу , в ВИП-зале ресторана Анфилада .  После собственных приготовлений к свадьбе поняла , что отзывы оставлять надо и полезно для других .  Все было хорошо .  Все хорошо началось и все хорошо прошло .  Зал чистый , уютный , красивый .  Это был первый просмотренный нами вживую банкетный зал / ресторан и мы тут же согласились - нам подошел идеально .  Менеджер у нас была Ольга - одни положительные эмоции от нее .  Она обсуждала со мной все , что я спрашивала , постоянно переделывала и высылала нам меню для согласования когда у нас каждый день менялось количество человек , а на свадьбе я вообще ее видела мало и меня она не беспокоила - видимо , все вопросы , если были , решались с родителями - ответственными лицами .  За это ей большое спасибо !  Еда была вкусной и ее было много .  Никаких нареканий .  После банкета они всю еду самостоятельно упаковали в контейнеры , при этом , этих контейнеров было столько , что совершенно не было сомнений , что нам чего-то недоложили .  Сами контейнеры были обеспечены рестораном .  Алкоголь был свой - все приняли по накладной с прописанным количеством , все , что осталось - вернули .  При этом у нас даже не было такого , что кто-то над ними стоял с нашей стороны .  Все было сделано менеджером и персоналом абсолютно самостоятельно , без напоминаний и по совести .  Деньги и расчет : договор у нас был заключен даже на большее количество людей , чем было в итоге , но лишнего с нас не взяли .  Накануне свадьбы мы привезли алкоголь , сказали точное количество людей и заплатили только согласно нашему фактическому количеству - тоже накануне свадьбы .  Это приятно радует .  Торт и каравай заказывали в другом месте , все это доставили в ресторан , ресторан все подготовил и обеспечил всем необходимым : поднос для каравая , тележка для выкатывания торта .  Персонал был русский - буквально несколько официантов .  Само обслуживание конечно бывает гораздо лучше , когда например официант пылинки сдувает .  Тут такого не было - но стоит понимать , что полный идеал за маленькую сумму никогда не получишь .  В обслуживании в целом все понравилось : еду подавали вовремя , никто ничего не ронял и не проливал , персонал был ненавязчив и незаметен , уносили-приносили все вовремя .  В общем - хочу сказать большое спасибо за этот день коллективу ресторана и Ольге !  Прекраснейшее соотношение цена-качество =) Желаю держать качество на уровне несмотря ни на что долгое время и ваше имя потом будет работать на вас ! от пары Марина и Василий .  ",2
18784,"умаю у России амбиции выходят за ее границы.  Национальные интересы России это интересы людей, которые составляют множество  россиян - нации, народа и толпы.В то время как подавляющая часть их проживает внутри страны, их интересы не ограничены не только границами страны, но даже границами планеты.  всё гораздо глобальнее  Вот вы имперцы даже вопросы нормально сформулировать не можете.А ответ один, всё что на пользу России надо делать.И учится прагматизму у США, они никого не кормят, а наоборот только со всех качают.Когда у них штат типа нашей чечни бунтует они всё заливают напалмом.И плюют они с высокой колокольни на всякое международное мнение.  В глобализированном мире ничьи интересы не могут ограничиваться какой-либо территорией :)  нац  интересы России - это лишь схема увода денег из казны в интересах небольшой кучки людей,что печально  национальные интересы россии конечно же охватывают любую часть мира где затрагиваются интересы самих россиян и всей страны в целом..  Хорошая тема для рассуждения...есть о чем подумать!   Внешняя политика всегда продолжение внутренней",0
23843,"Так можно сказать -  я не инвалид и мне не переживается .  Это подмена понятий.  Разве курящих можно сравнить с инвалидами, а табак - с жизненно-необходимым лекарством??? Наоборот, это курящие, добровольно нанося вред себе  и окружающим,  рассуждают подобным образом:  я хочу курить - и мне за других не переживается . Разве нет?  Это не обманка. Мы действительно разные, а неприязнь лежит так глубоко в подсознании, что избавиться от неё полностью могут только по-настоящему духовные люди, христиане называют это  возлюбить ближнего . Для остальных человечество придумало запреты, одним из которых является культура. Когда культура падает, неприязнь тут же вылезает на поверхность, и тут её просто нужно грамотно использовать, то есть в духе времени - с выгодой для себя, что и делают власти. Ведь под всем этим антитабачным бредом - конкретные финансовые интересы конкретных лиц. Мы своей неприязнью льём воду на их мельницу, это наша неприязнь работает, от выхлопа негатива мы получаем куцее, но удовольствие, так что никакого обмана, каждому своё.",0
47049,"Нормальные Врачи
Нормальные Врачи как и везде! Просто надо уметь сними разговаривать! Если вам ДОРОГ ВАШ РЕБЕНОК И ЕГО ЗДОРОВЬЕ? вы будете сними разговаривать по обстоятельству, 1. Хамят - иди к заведующей, есть подозрение, что врачи не лечат или лечат не правильно, ПОСТАВЬ ВСЕ НАЧАЛЬСТВО ЭТОЙ ПОЛИКЛИНИКЕ НА УШИ, НО при этом ты должен Фильтровать данное состояние, а не раздувать паники от какой нибудь бородавки или прыща! 2 Есть в 131 врачи которые купили свой диплом в переходе метро! Пока их только 2, ПЕДИАТР, ГАСТРОЭНТЕРОЛОГ. Ни буду называть их фамилии, но мы испытали их лечении и КЛЯТВУ ГИППОКРАТА! Гастроэнтеролог - чуть не довел моего ребенка до больниц с диагнозом ХОЛЕСТЕСТИТ И ЖЕЛЧНО ВЫВОДЯЩИЕ ПУТИ БЫЛИ У ВЕЛИЧИНЫ ПОЧТИТЬ В 5 РАЗ! ПРИ ЭТОМ РЕБЕНКУ БЫЛО ВСЕГО 3 ГОДА, ПЕДИАТР ребенка с температурой 37. 5 отправлял в Детский сад! (Сказал, что ребенок здоров! На вопрос почему температура держаться больше месяца, на это у ниго не было ОТВЕТА!). Пришлось идти и разбираться! После этого нас стала лечить Самый ГЛАВНЫЙ ПЕДИАТР ЭТОЙ ПОЛИКЛИНИКЕ! СПАСИБО ЕЙ БОЛЬШОЕ! Если не считать этих 2 жутких инцидента, то Поликлиника вообще хорошо справляется со своими обязанностями, мне она нравится, ХОРОШАЯ Поликлиника! ПАМЯТКА ДЛЯ РОДИТЕЛЕЙ! Без ВРАЧЕЙ мы никуда, есть Врачи хорошие, а есть и ПЛОХИЕ! НО МЫ РОДИТЕЛИ ДОЛЖНЫ ДОВЕРЯТЬ ВРАЧУ, НО И ПРОВЕРЯТЬ ЕГО, СОХРАНЯЙТЕ ВСЕ РЕЦЕПТЫ, ВСЕ ЧЕКИ И ЧИТАЙТЕ ИНСТРУКЦИЮ КО ВСЕМ ПРЕПАРАТАМ КОТОРЫЕ ВАМ ВЫПИСЫВАЮТ! С НАС ОТВЕТСТВЕННОСТЬ НЕКТО НЕ СНИМАЛ! ЕСЛИ ВЫ БУДЕТЕ ВНИМАТЕЛЬНЫ КО ВСЕМУ, ТО ПРОЦЕНТ ОШИБОК ВРАЧЕЙ И НАШИХ С ВАМИ УМЕНЬШИТЬСЯ! РОДИТЕЛИ + ВРАЧИ = ЗДОРОВЫЙ РЕБЕНОК! УДАЧИ ВСЕМ УМНЫМ И ЛЮБЯЩИМ РОДИТЕЛЯМ И СПАСИБО ХОРОШИМ ВРАЧАМ, Я НАДЕЮСЬ ИХ БОЛЬШЕ ЧЕМ ПЛОХИХ, ПОТОМУ, ЧТО ДЕТСКИЙ ВРАЧ ЭТО РУКА БОГА! КОТОРЫЙ ДАЕТ ЖИЗНЬ И ПОМОГАЕТ ЖИТЬ ЗДОРОВЫМ!
",1
10182,"Неплохой отель. Можно бесплатно припарковаться на прилегающей улице. В 3 шагах станция. В минутах 10 ходьбы улицы с ресторанчиками. Номера просторные с качественными СУ. Имеется ресторан при гостинице. У нас был номер, у которого окна выходили на железную дорогу, но никакой проблемы в этом не было. Было тихо, а она не было необходимости открывать, так как система вентиляции позволяла подобрать и температуру и скорость вентиляции. Завтрак был неочень дешевый, а выбор довольно скромный. ",0
3070,"Астана, 6 декабря    Сегодня в Астане с участием Главы государства состоялась церемония награждения победителей республиканского конкурса по социальной ответственности бизнеса ""Парыз"". Данное мероприятие ежегодно проводится Министерством здравоохранения и социального развития РК совместно с Национальной палатой предпринимателей РК ""Атамекен"" и Федерацией профсоюзов РК.  В этом году заявки на участие в конкурсе по социальной ответственности бизнеса ""Парыз"" подали руководители 501 предприятия республики.  По итогам регионального этапа конкурса наибольшее количество заявок было подано от организаций и предприятий г. Алматы – 68, по 53 претендента зарегистрировано от Павлодарской и Восточно-Казахстанской областей.  Из общего числа конкурсантов наибольшее количество заявок (263 предприятия) было подано в номинации ""Лучшее социально-ответственное предприятие"", в которой оценивалась деятельность претендентов, реализующих социальные программы, направленные на поддержку собственного персонала, социальную адаптацию людей с ограниченными физическими возможностями и улучшение благосостояния общества в целом.  89 предприятий подали заявки на участие в номинации ""Лучший коллективный договор"", в которой рассматривались действия работодателей по укреплению трудовых и социальных прав работников, предусмотренных законодательством РК.  Участниками номинации ""Лучшее предприятие в области охраны труда"" стали 78 конкурсантов. В данной номинации оценивалась деятельность претендентов, создающих условия труда, позволяющие сохранить здоровье работников в процессе трудовой деятельности.  71 заявка поступила в номинации ""За вклад в экологию"", в которой рассматривалась деятельность претендентов, значительно отличившихся в реализации природоохранных (экологических) программ, направленных на улучшение состояния окружающей среды.  В этом году Гран-при конкурса получило АО ""Аксайгазсервис"" (Западно-Казахстанская область) как предприятие, достигшее высоких результатов в работе и реализации принципов корпоративной, социальной и экологической ответственности. Высшая награда была вручена победителю Главой государства.  В номинации ""Лучшее социально-ответственное предприятие"" победителями стали ТОО ""BI Holding"" (г. Астана) среди субъектов крупного предпринимательства и крестьянское хозяйство ""Новая Заря"" (Восточно-Казахстанская область) среди субъектов среднего и малого предпринимательства.  В номинации ""Лучший коллективный договор"" среди субъектов крупного предпринимательства победителем стало ТОО ""Сагиз Петролеум Компани"" из Актюбинской области, среди субъектов среднего и малого предпринимательства – ТОО ""Цин-Каз"" из г. Алматы.  В номинации ""Лучшее предприятие в области охраны труда"" лидерами были признаны ТОО ""Умирзак-Сервис"" (Атырауская область) среди субъектов крупного предпринимательства и ТОО ""Тараз проммонтаж"" (Жамбылская область) среди субъектов среднего и малого предпринимательства.  Победу в номинации ""За вклад в экологию"" среди субъектов крупного предпринимательства одержало ТОО ""ПетроҚазақстан Ойл Продактс"" из Южно-Казахстанской области, среди субъектов среднего и малого предпринимательства победителем стало ТОО ""Тасқала аққу"" из Западно-Казахстанской области.  Напомним, конкурс по социальной ответственности бизнеса ""Парыз"" был учрежден указом Главы государства в 2008 году. В общей сложности за 8 лет его участниками стали более 3 тыс. предприятий малого, среднего и крупного бизнеса.  Обладателями Гран-при ""Парыз"" стали:  · Корпорация ""Казахмыс"" (2008 год);  · АО ""Тургай Петролеум"" (2009 год);  · АО ""СНПС-Актобемунайгаз"" (2010 год);  · ТОО ""Тенгизшевройл"" (2011 год);  · АО ""Каз ТрансОйл"" (2012 год);  · АО ""Усть-Каменогорский титано-магниевый комбинат"" (2013 год);  · ТОО ""Казгермунай"" (2014 год);  · АО ""Самрук-Энерго"" (2015 год). ",0
22101,"Фурии в регистратуре
13.05.2015 г. Впервые навестила ЖК - пришло время (8 недель) вставать на учет. Отношение к будущим мамам проявляется уже с первых шагов - у сотрудников регистратуры раздражение и недовольство. Время 8.20 утра. Из 3-х окошек работает только 1 окно. Очередь. В работающем окошке женщина лет 50. На все вопросы один ответ - а к врачу вы записались? А врач, Белонович О. В. в отпуске, а альтернативы нет. При дальнейших распросах сотрудник повысила голос до крика, что она вообще тут не работает, и сейчас уйдет и делайте тут все, что хотите. Занавес.
",2
13334,"Их в любом случае кто то собирает. У нас в ло есть люди, которые каждые несколько дней гоняют в лес за черникой и брусникой. Так красиво не раскладывают (потому что стеклянные банки дорогие), но тем не менее.
",0
18609,"Из этих документов следует, что 1) вина Сталина - основная во всех, или хотя бы большей части 600к смертных приговоров? 2) Что он - руководящая сила террора, единственный человек, благодаря которому террор приобрёл такой размах?3) Что все приговоры не имели своей основой выявленных преступлений?Естественно, Сталин причастен к чисткам, которые ныне модно называть  Большим Террором . Но выставлять его единственным виновником и единственным ответственным - как-то совсем неадекватно, не находите?  Сталину, Молотову, Ворошилову и т.д. приходили списки по обвинённым. Что это за списки? Кто их составлял? А составляло их НКВД, что на тот момент включало в себя и контр-разведку. Итак, профессиональные контр-разведчики сообщают о массовом невероятно масштабном раскрытии множества заговоров, шпионских сетей и диверсионных групп. Какое основание не верить специалистам? Для того, чтобы не верить специалистам, которые вроде как бы профессиональные следователи и, как говорится, других нет, нужно иметь некие основания, при чём весьма существенные. Обладай Сталин божественным всевидением и всезнанием, было бы всё по другому, но увы.Что касается Косиора и Чубаря, на Украине СБУ получило приказ разобраться с главным вопросом: кто устроил голодомор на украине  каково же было разочарование почтейнейшей бандеровской публики, когда выяснилось, что все эти виновные были  незаконно репрессированы проклятым Берией , и потом реабилитированы душкой-Хрущёвым. 13 января 2010 года Апелляционный суд Киева признал Косиора одним из организаторов геноцида на Украине в 1932—1933 годах.  Как сообщила Службы безопасности Украины во время президентства Виктора Ющенко, Чубарь является одним из организаторов голодомора на Украине.",1
25806,"Добрый день!Мы останавливались в отеле Neorion Hotel в Стамбуле с 9.06.2017г. по 12.06.2017г. В Стамбуле были не раз. Один из лучших отелей, в которых отдыхали. Много писать не буду; скажу всё одним словом - МАЛЕНЬКИЙ РАЙ. Мы обязательно вернёмся, и только в отель Neorion Hotel.Низкий поклон всему персоналу отеля.Спасибо.С уважением,Валерий, Анна",1
13120,"Со сложившимися стереотипами трудно поверить , что за входом в подвальчик большое помещение ресторана .  Хостесс любезно встречает на входе и провожает в некурящий зал. Зальчик небольшой , стилизован под южный дворик , очень симпатично , удобно и уютно .  Меню и карта напитков большущие , с картинками . )) Подробно описан состав блюд .  Хотелось роллов , но не решилась : в составе сыр или ипон … извините , японский майонез .  После морковно-сельдереевого фреша сашими из лосося .  Вкусное , имбирь к нему белый , я его значительно больше люблю , чем розовый .  Суп мисо очень удачный .  Вкусный , насыщенный и водорослей моих любимых много .  Официантка посоветовала попробовать фокаччу , сказала , что можно сделать половинку с песто , половинку с вялеными помидорами .  Я послушала совета и не прогадала .  Отличное нежное вкусное тесто , прекрасные соусы .  Пока ждала лосося все и подъела .  Стейк из лосося с гарниром из дикого риса и мелко порубленных помидоров с репчатым луком .  Гарнир удачный , а стейк не задался : в середине нежный , ближе к краям суховат .  Ну и чай с маленьким вкусным кексиком-комплементом .  На десерт шоколадный фондант : отличный шоколадный кекс с нежным тестом , хрустящей корочкой и много шоколада внутри .  К нему шарик мороженого , шоколадный соус и клубничка .  На мой вкус слишком сладко , но не в счет , у меня специфическое отношение к шоколаду .  В общем отлично .  Сервис любезный , объясняют , советуют , рекомендуют , но ненавязчиво , подают без задержек .  Жаль , что бываю в этих местах крайне редко , хочется еще раз заглянуть , понравилось .  ",1
59458,"Доброжелательное обслуживание
Спасибо Очкарик! Очень понравились очки! Они шикарны, сидят идеально, очень удобные. В следующий раз я обязательно приду к вам. Всем, кто хочет доброжелательного обслуживания, советую эту оптику!
",1
10863,"еперь остаётся разве что съездить в Барселону и плюнуть на его памятник...  так ребят.. обходите... я 20 лет не курил.. и как то справлялся.  да я как бы курильщик и полностью согласен... но написал как можно более толерастно.  Вот именно и получается, что сам не куришь, а пройдешь через это, да к тому же надыишься-не только вся одежда провоняет куревом, но и кажется, что сам накурился... не приятно это все.   две пачки это сильно))) а может пусть на балконе курит?  Да право же не за что :)  даже РПЦ добрались до табачного бизнеса? не слыхала)  но, к сожалению, у нас этого не сделают, поэтому надо будет самой этот гвоздь вбить :)))) а так на полном серьезе, я -  за  всяческие ограничения и барьеры....чем больше барьеров, тем труднее будет курить.....  последние несколько лет я перманентно бросаю :)))) поэтому я вообще за то, чтобы у нас курение и продажу сигарет вообще запретили, как где-то в африке :))))))))))))))))))))))))это будет последний гвоздь в гроб моего курения :)))))))))))))))))))  т.е. думаешь бросишь?)  Не секрет, а чё стыдиться-то - святое дело.. можно почитать, например, раз, или  дваКстати, от меня как-то ускользнуло, что именно  табачного митрополита  повысили в итоге до патриарха после смерти Алексия.  спасибо за ссылочки! Почитаю! Любопытно))  ну вот это метод - я понимаю))  ну, он открыл ящик Пандорыа бизнес на этом уже кто только не делалвключая правительство СССР, а после его кончины - ЗАО  Российская Православная Церковь   а еще всякая реклама - типа святая водка и ангельские сигареты)",0
44355,"Прекрасный отель для молодых пар. Территория не очень большая, поэтому семьям с детьми будет возможно немного скучно. Но если приезжать без детей и не больше, чем на неделю, то все понравится. Номера просторные, чистые и светлые. Завтрак первоклассный, очень большой выбор качественной еды. Пляж тихий, море более-менее спокойное. Бассейн всего один и маловат. Но в целом, нам очень понравился отдых в этом отеле!",1
27817,"Отель хорош для транзитных пассажиров, недалеко от аэропорта Ататюрк, бесплатный трансфер в отель и из отеля до аэропорта. Приличные номера, приличный завтрак. Рядом три торговых центра. В номере чайник, чай, кофе, бесплатная вода в бутылках, тарелка с фруктами. Халаты и тапочки в номере. Отель оставил очень хорошие впечатления, появился русскоязычный персонал на рецепшен.",0
38195,"Замечательное обслуживание
Произвело приятное впечатление отношение персонала. Очень компетентные, отзывчивые люди. Моей проблемой сразу обеспокоились, помогли мне выбрать нужного специалиста и помогли решить. Большое спасибо!
",1
33061,"Спасибо Четырем Сезонам за то, что вызвали такси для нас, когда ближайшая к нашему отелю станция метро закрылась, и мы не знали альтернативный способ добраться. Это очень любезно со стороны персонала и менеджера по работе с гостями помочь нам и позволить посидеть в холле, во время ожидания машины. Мы только что прибыли в Москву и, я не думаю, нам было бы нелегко заказать такси, поэтому спасибо за то, что позаботились о нас.",1
22472,"Останавливались в Butik Pendik Hotel всего на одну ночь, чтобы не тратить время на дорогу из Султанахмета в азиатскую часть: утром был вылет из аэропорта ""Сабиха Гёкчен"". Очень понравился район - рядом море, яхты, есть где погулять и вкусно поесть. Хозяева отеля предупредили нас, что в этом районе далеко не каждый говорит по-английски, но мы никаких трудностей не встретили. Хотя Пендик - явно не туристическое место. Тем приятнее, что в отеле о нас позаботились, вызвали такси до аэропорта на пять утра, буквально настояли, чтобы мы взяли с собой бутерброды, потому что позавтракать мы уже не успевали. Сам отель небольшой, но уютный, спокойный. Комната небольшая, но все, что нужно гостям, в ней есть. Так что советую - здесь вполне можно отдыхать с комфортом.",1
4940,"А у меня договор на брата, а телефон мой. Девочки весьма удивлялись, что я не Александр, а проживаю по адресу в договоре. Просто я заявку на подключение оставлял. Так что возможно супруга оставила Ваш номер.
",0
67974,"Хорошая клиника
Очень профессиональные и внимательные сотрудники. Лечились с женой, остались очень довольны оба. Цены не выше остальных частных клиник Клина. Большое спасибо!
",1
5080,"У меня нет смартфона, но из банков периодически звонят.
",0
62578,"Работают как с роботами
Вообще клиника неплохая: оборудование новое, врачи как специалисты отрабатывают свою зарплату. Только одно меня поразило — это отношение к пациенту — как к механизму: все, что сломалось надо починить и только. Конечно, я не жду здесь душевного общения врача со мной, но уж немного сочувствия проявить можно — для меня стресс поход к врачу, а тут даже похныкать нельзя — терпи и все!
",2
29623,"Ну очень всё простенько,но не ужасно.Ну старенькая,ну немного местами пошарпанная гостиница.Душ,телевизор,чайник -на месте.За недорого тихо,спокойно отдохнули после экскурсий по шумной,многолюдной Москве,опять же ВДНХ рядом,метро!",0
27149,"Неприятные впечатления
Перечислю свой опыт «общения» с клиникой по страховке, в целом не сложилось:
1. Записалась к отоларингологу на 10.30. Заранее попросила, если это возможно, перезаписать на 10.00. Перезаписали! Приехала к врачу в 10.00. На ресепшене предложили посидеть, подождать, никаких объяснений. Ожидания заняли 30 минут, до прихода врача с улицы к записи на 10.30. Отоларинголог даже не был в курсе о том, что запись перенесена с 10.30 на 10.00!
2. Записалась к гинекологу. Попала на запись к Шиповской Е. В. Все также, утренний прием, получасовое ожидание врача с улицы. Пользуясь свободным окном у кардиолога – с ресепшена направили к кардиологу. После приема от кардиолога у Шиповской возникла очередь. Но т. к. моя запись была первая, меня все-таки нужно было принять. Врач этим фактом была не очень довольна, поэтому, за 5-ти минутный прием, постоянно подгоняя меня, умудрилась сделать ускоренный осмотр, узи и взять мазки! К такому врачу даже за результатами анализов не возникло желания возвращаться.
3. Поэтому, записавшись в следующий раз за результатами мазков к врачу Сикириной О. И., попала в ситуацию с точностью наоборот. Приём длился более часа. Оклеветала Шиповскую, сказала, что брать мазок было бессмысленно, снова осмотр на кресле, снова мазки, но другие… Дернуло прийти на прием за результатами новых мазков в третий раз. Долгое занесение информации в базу по пациенту, лечение на полстраницы листа А4, постоянный поиск в своих сумках рекламных листовок к подобранному лечению. И основа лечения – приезжать к ней на уколы, которые она сама себе делает, т. к. долечивается от пневмонии! На этот раз визит к гинекологам на Фестивальной был последний!
4. По направлению от эндокринолога пришла сдавать анализ крови на гормоны. Медсестра долго пыталась попасть в вену, вроде как попала, по капле начала набираться кровь, стало раздувать руку, медсестра сдалась, выкинула забор, решила взять из другой руки. Спустя несколько дней, когда пришло время получать результат, мой анализ крови где-то потерялся… «Приятная» новость, вспоминая как меня долго мучили!
5. Кардиология. Отсутствие суточного холтеровского мониторирования по перебоям в работе сердца. Или кардиолог не посчитал нужным ставить хотлер. Только УЗИ.
",2
31679,"Были в августе . Номер премиум с видом на город. Окошко было маленьким и очень высоко ((( к сожалению вида никого не было((( номер грязный и очень вонял ((( тапочки и шампунь были включены в стоимость. Тапочки нам не достались , а шампунь один пакетик на неделю((( но есть и плюсы- стоимость, расположение и бесплатный чай ))) ",2
11624,"Проходили мимо в пятницу часиков в 9 вечера .  Решили перекусить .  Пустое заведение , и это в центре !  По персоналу нареканий нет , все быстро и четко , подсказывают .  Взял стандартную Карбонару , лимонад Гренадин , официант сказал , что с гранатовым сиропом , или соком .  Пиццу Прошуто .  Приятель взял Болоньезе и лимонад .  Ну и немножко водочки , которая в последствие скрасило восприятие ) Паста , что-то похожее на спагетти Макфа , политые сливками и пару кусочков бекона .  Посредственно .  Лимонад - слегка горьковатая подсахаренная вода без вкусная !  Пицца более менее вкусная , правда ее очень быстро принесли , наверное была готова ) Болоньезе , по словам друга - отвратительная , с каким - то костным фаршем В общем как и унылая обстановка , такая оказалась и кухня .  ",0
32896,"Условия работы
Работа для врачей-рабов и пациентов-симулянтов. У врача, за 12 часовой рабочий день нет и 5 минут на перерыв на обед, и в туалет (хоть при заключении трудового договора - 1 час на перерыв, которого нет на самом деле - НАРУШЕНИЕ ТРУДОВОГО ЗАКОНОДАТЕЛЬСТВА РФ!) Эта работа для рабов-врачей. А контингент клиники - клиенты психиатра. Из 30 ""больных"" за смену - лишь 1 реально больной, требующий дообследования и реального лечения. Кстати, это все там врачи знают. Врачи - не ходите туда работать! (Бывший врач БЗ)
",2
40075,"Собственно бронировали гостишку по инету за ранее с хорошей скидкой. Сейчас singl 3900, завтрак 650.В номере нет тапок и шампунек, чайной станции. При заезде долго оформляли документы.Номера уютные, чистые, новые и удобные, но маленькие. Кровать 2х спальная удобная, много розеток, жк тв Филипс, душевая кабинка, вода есть, мало полотенец. Запохов посторонних нет.На пару дней самое то.",0
4383,"Прекрасный небольшой отель в идеальном месте. Да, здесь близко к знаменитому проекту Гауди – Храму Святого Семейства, но что более важно – всего в паре минут станция метро. Добраться из аэропорта можно быстро: на поезде, а затем 5 минут пешком. Супермаркеты и кафе в шаговой доступности. Комнаты чистые, простые, но хорошо меблированы. Мы останавливались в двух разных номерах, и оба были великолепны. Во втором даже был удивительный балкон с неплохим видом. Определенно остановлюсь здесь вновь.",1
46094,"Неправильно организована работа врача
Хотелось бы достучаться до руководства поликлиники. У вас работает прекрасный гинеколог Даниличева И. И. - настоящий профессионал своего дела. К ней просто паломничество пациентов.
Но предварительной записи нет. Отпрашиваешься с работы, 2 часа сидишь перед кабинетом и в итоге не попадаешь на прием.
Уже 5 лет обращаюсь к Инне Ивановне, сейчас желающих к ней попасть столько, что сидеть в очереди приходится реально 3 часа!
Пожалейте врача и пациентов! Сделайте предварительную запись к этому врачу!
",2
16782,"Наконец руки дошли ))) СПАСИБО коллективу ресторана за торжество 07,07,2012 в верхнем зале !!! ( Гастерская свадьба ) Очень вкусно , официанты почти незаметны !  Отдельное спасибо администратору Елене , которая от и до курировала наш праздник и официанту Роману , который перетащил весь алкоголь в зал на 3й этаж при неработающем лифте !  Будем Вас рекомендовать !!!  ",2
20147,"tmlмы курс вот такой делаем  никогда бы не подумала, что Ева Милявская и дочь Хакамады Маша - дети с синдромом Дауна... уважение вызывают мамы этих детей, единственное НО: Бледанс перебарщивает... но это ее личное дело  Не у каждой женщины нашлись бы силы на то, чтоб растить таких особенных детей. Молодцы  Врачи могут ошибаться. Что и было рассказано вчера в новостях ... В Питере.  я не поддерживаю старородящих и умышленно рождающих детей с синдромом Дауна (как Блёданс, например). Корреляция между возрастом матери и вероятностью даунизма уже давно не секрет.  Респект мамам.детки с синдромом имеют право на жизнь,как и все остальные!  Родители всегда имеют выбор...себе на радость пусть растят как цветыесли финансы позволяюттолько от таких детей в будущем толку нет..  Про детей этих известных родителей я знала. Дочь Л.Милявской, насколько мне известно, живет в Украине с ее родителями",1
397,"АТФБанк в I полугодии увеличил активы по МСФО на 7,7% Алматы. 18 августа. ИНТЕРФАКС-КАЗАХСТАН – Активы казахстанского коммерческого АТФБанка за январь-июнь 2016 года достигли 1,357 трлн тенге (текущий - 341,2/$1), увеличившись с начала года на 7,7%, указывается в консолидированной неаудированной финотчетности банка по МСФО. Для получения полных текстов публикаций воспользуйтесь платной подпиской.",1
13080,"ну на самом деле очень приятно видеть увеличение количества плюсов, от двух сотен ранее до 7 сотен сейчас
",0
10247,"Очень хороший отель в самом центре! Рядом есть метро! Вкусные завтраки, но не очень разнообразные. Номера чистые и уютные. В номерах есть бесплатный сейф. Рекомендую. Из минусов отсутствие холодильника в номере.",1
23639,"Были с друзьями на латиноамериканской вечеринке 6 июня в ресторане "" Марьячи "" .  Впечатления самые наилучшие .  Великолепная атмосфера праздника с живой музыкой , выступлением зажигательного танцевального ансамбля и дегустацией текилы .  Спасибо !  ",2
15038,"20.1 КоАП РФ уже вначале видео.А после 2.37 вообще:Статья 318 УК РФ. Применение насилия в отношении представителя власти1. Применение насилия, не опасного для жизни или здоровья, либо угроза применения насилия в отношении представителя власти или его близких в связи с исполнением им своих должностных обязанностей -наказывается штрафом в размере до двухсот тысяч рублей или в размере заработной платы или иного дохода осужденного за период до восемнадцати месяцев, либо принудительными работами на срок до пяти лет, либо арестом на срок до шести месяцев, либо лишением свободы на срок до пяти лет.Так что не за что полицейского привлечь. Нет там превышения.  никакого профита. ему еще повезет, если не сядет.",1
39135,"Никогда не обращайтесь
Врач не вылазит из ординаторской (3 этаж). Даже, если Вы записаны на прием, сидите перед дверью в кабинет. Всем наплевать. Компетенция ЛОР специалиста Рузановой - под большим сомнением. Главное, выписать побольше лекарственных средств, которые необходимо оплатить на ресепшен. Фискальные чеки за оказанную услугу - только по запросу. Бегите отсюда подальше и никогда не обращайтесь в эту шарагу.
",2
22874,"Середина мая для поездки в Стамбул — отличное время, погода радует. На первый раз остановитесь в районе Фатих: можно пешком добраться до основных достопримечательностей, пройтись из Азии в Европу по Галатскому мосту и налопаться сладостей в Hafiz Mustafa. У этого отеля удобное расположение, весь Султанахмет рядом: до Айя Софии, например, идти минут 7. Цены доступные, персонал приветливый, только иногда надо напоминать о своей просьбе 2-3 раза. Чтобы точно убрали номер и пополнили запасы чая-кофе-сахара, обязательно оставляйте чаевые. Звукоизоляция хорошая, кондиционер исправный.",0
18857,"да, мама иногда не понимает, что нельзя покупать сельдь в майонезе, а я в пылу работы не всегда состав читаю. Обычно это делается после того, как первый кусок попадет в роту нас около дома нет Магнитов, Дикси и Копеек, а раньше и Перекрестка не было, а теперь аж целых 2 , и они ближе других магазинов к дому. Сейчас у меня очень напряженный декабрь, и я не могу с мамой ездить в Метро или в Ашан  а вот тут не нужно молчать, нужно сразу идти в магазин - даже при отсутствии чека они обязаны вернуть деньги, если не хотят весьма крупных неприятностей.  ну а я о чем!  И ейной мордой - мне в харю (с) Прям этой селедкой - администратора :)  шо? мне? яка така незабудка? якой такой Копейск? :) Монетка  в нашей деревне только появилась, спросом не пользуется - рядом с  пятеркой  и цены выше :) Дикси слегка оскотинились, да. тут надо на проходимость смотреть - в людных местах получше, на задворках - тухлячок попадается. из  приличного  у нас Спар :)   от  Дикси  я шарахаюсь, - хуже  Копейки ...  не обольщайтесь шибко, Спар в Челябинской области - это Молния))) бдительность - наше всё!  знаешь, я видела Перекрестки в других районах, и несколько из них были вполне приличные. Возможно, около твоего дома такой. Вот точно знаю один на Южной.В центре приличных не встречала.",0
68962,"Абсолютный не профессионализм
Три года назад ставила имплант в клинике ""Темегон"". Пришла на консультацию, так мне даже снимок сделали без защиты, правда больше это не повторялось. Но жаль, что меня это не насторожило, видно очень боялась операции. В общем все было сделано на низшем профессиональном уровне - даже на панорамный снимок отправили после операции, когда уже поздно было что-то менять! В итоге все 3 года стараюсь не улыбаться, т. к. почти сразу стала видна железка, а уж потом временная коронка (постоянную мне так и не поставили, все время чем-то отговаривались), так и мучилась, пока весь имплант окончательно не расшатался и сейчас болтается, как молочный зуб у первоклассника. Буду теперь все переделывать, только, конечно не в ""ТЕМЕГОНЕ"" - очень жаль зря потраченное здоровья, деньги и время.
",2
52398,"Плохое обслуживание посетителей
Работа персонала больницы очень плохая. В регистратуру огромная очередь, регистраторы еле передвигаются, никуда не торопятся, даешь им документы, они все равно спрашивают все данные, которые написаны в документах (им просто лень даже посмотреть). Постоянно какие-то проблемы. Сегодня отказали в выписки рецепта на молочную кухню, так как нет ксерокопий снилса и регистрации, хотя полтора года выписывали и ничего не говорили, не спрашивали. Можно было вежливо объяснить, что теперь нужны такие документы и выписать рецепт. Простояв в очереди с ребенком за картой полчаса, пошли домой не с чем.
",2
36731,"Бронировала одноместный номер с одной широкой кроватью, при заезде без предупреждения заселили в 2-х-местный номер с 2-мя узкими кроватями. Сдвинуть их, естественно, невозможно. Персонал на ресепшн переселять в другой номер категорически отказался. Плюс - ободранные косяки дверей в ванной и рваные полотенца. С учетом того, что до этого я останавливалась в отеле уже 2 года и все было очень достойно, эта ситуация очень расстроила и больше возвращаться не хочется.",2
22073,"Отель расположен идеально: все туристические места Султанахмета в шаговой доступности, а с террасы на верхнем этаже открывается волшебный вид. Вряд ли вам удалось бы найти отель в более удачном месте. Мы питались в ресторане в переулке совсем рядом с отелем: восхитительная еда буквально в трёх шагах от номера.Отель компактный, с достаточно маленькими номерами, но ведь это тебе не отель Travelodge - и это только придает ему очарования! Сотрудники на ресепшене всегда были готовы помочь: организовывали трансфер в аэропорт и из аэропорта, поездки на пароме по Босфору, а также предоставляли общую информацию - просто молодцы.Завтрак на террасе тоже был очень хорош - и еда, и сервис на пятерку, да ещё и вид необыкновенный.Мы поставили не 5, а 4 только потому, что отель уже начинает казаться потрепанным и старым - если избавиться от этой проблемы, оценка будет 5 безо всяких оговорок.Мы от всей души рекомендуем этот отель всем, кто собирается в Стамбул, - мы провели здесь три ночи перед тем как отправиться в Фетхие.",0
63544,"Мягкий съемный протез
Для протезирования хотела выбрать самые обычные протезы, но узнала на консультации от доктора, что крючки будут видны, поэтому тут же передумала. Доктор посоветовал другой мягкий съемный протез, где крючки практически не заметны, т. к. сделаны из специального металла, цветом идентичного с зубами. Перед установкой я всего лишь два раза посетила клинику - примерка, а на второй приход был уже готов протез, который доктор подогнал под мою челюсть. Привыкла к протезам быстро, они миниатюрные и места во рту мало занимают. Благодарю Клинику и доктора за индивидуальный подход и отличный совет. Рекомендую всем эту клинику!
",1
23764,"Добавлю ложку дегтя
Добавлю ложку дегтя. может кому-то поможет определится с выбором. Наблюдалась я в этом центре с самого начала беременности, у меня была квота, но квота распространяется только на стационар, пока ты амбулаторно наблюдаешься, то все, подчеркиваю ВСЕ анализы и исследования платно! Причем у меня сложилось впечатление, что врачей заставляют направлять на исследование как можно больше, лично меня на КТГ направляли 6 раз, причем врач, которая делает КТГ сама говорила, что Вас прислали рано! Не приходите еще минимум неделю! но через три дня меня опять направили на КТГ, причем первый раз мне никто не сказал. что перед КТГ надо поесть и отдохнуть и проходила я его просидев полдня в очередях, соответсвенно мало того, что рано пришла, так еще и голодная и уставшая, в результате написали: Госпитализация! Но Вы не волнуйтесь! Вы просто пришли рано, да и еще и голодная, а не написать это мы не можем, не волнуйтесь! Короче и все так и прокесарили меня в 37 нед, убеждая, что срок самый-самый для двойни, что дети уже доношенные, хоть и маленькие, что у одного из них фетоплацентарная недостаточность, поэтому в утробе ему только хуже (хотя последний доплер не показал недостаточность). Зато, когда дети родились, все неонатологи признали их недоношенными. Короче самые отвратные у меня впечатления, не смотря на двухместные палаты, холодильники и душевые кабины. Много есть еще чего рассказать, но не хочу опять все заново переживать. Оцениваю на 1, чтобы у этого центра не было раздутого рейтинга.
",2
34314,"Внимательные и профессиональные врачи
Обратилась в клинику с гастроэнтерологической проблемой (знакомые порекомендовали врача Сёмину Ирину Викторовну). Замечательный врач: быстро определила проблему и назначила щадящие методы обследования и лечения. На приеме не пугали диагнозом и не стремились сразу же отправить для диагностики на морально травмирующие процедуры - гастро- и колоноскопию. Поставили в план по необходимости. Дополнительное обследование проходила там же - у врача-гинеколога Семеновой Натальи Анатольевны, УЗИ делала врач Ильичева Елена Ивановна. Приемами у всех врачей очень довольна. На осмотрах все подробно разъясняли, назначили только необходимые анализы, рассказав про диагностическую значимость каждого (вообще большая редкость в наше время, в основном врачи особо не объясняя назначают тесты на много тысяч рублей). УЗИ проводилось с демонстрацией на телевизоре и комментариями врача по состоянию внутренних органов. Клиника произвела очень положительное впечатление.
",1
3822,"Приехала в 6.00, а заселение в 13.00. Доплатив 1020 рублей (по московским меркам, не дорого),я в 7.40 позавтракала теплыми вкусными блинчиками, чаем, сыром и ветчиной, въехала в чистый уютный большой (с двуспальной кроватью) теплый номер окнами на ул. Рубинштейна, умылась в ванной комнате с подогревающимися полами, одела халат и поспала 5 часов на кровати с ортопедическими матрасами. Да и еще проверила почту, интернет работал быстро. Все 3 дня пребывания обедала в кафе гостиницы, где мне предоставляли скидку 10% на все блюда как постояльцу отеля. Советую в марте обязательно просить теплое одеяло в номер, из окна может дуть, но не всегда. И обязательно взять интересную книжку с полки открытого книжного шкафа в кафе гостиницы. Это вообще ""фишка"" этой сети петербургских отелей-Евразия Хотелс Групп. Мне понравился Саша Черный в сборнике ""Мелочи жизни"", 19-20 век. От души посмеялась:-))))))))))",1
1188,"Вы совершенно правы. По русски надо говорить НА Украину (на окраину).  в Укрiанi (укр.), но на Украине (рус.)  ещё в Украине умирают по поводу ударения  украИнский , а не традиционного  укрАинский  (=окраинский). Но как скажет Онотоле Украина от слова  окраина  и устоявшееся ударение верное :)  Та шо вы таки мине рассказываете?* меня ребенок (8 лет) два месяца прожил в Украине У меня дед был украинец. От него и фамилия украинская.Жена украинка. Половина родни на Украине проживает.",1
51546,"Спасибо Вам
Огромная благодарность педиатру Заносовой Марине Владимировне. Врач высокой квалификации, замечательный человек. Спасибо ей огромное за наших деток.
",1
2246,"Отель идеально расположен, отлично подходит для приятных прогулок по городу и осмотра достопримечательностей. Номер чистый. Персонал отзывчивый. Завтрак, предлагаемый отелем, однообразный ( в основном булочки, нет яиц), но в пекарне можно купить вкуснейшие бутерброды, йогурт со свежими ягодами и кофе.Из незначительных минусов можно указать: 1. В номере мало мест для хранения вещей и крючков для полотенец.2. Нет столика, холодильника, чайника.",1
39659,"Быстрое заселение и первое впечатление от нового и необычного интерьера сделали свое дело - сформировалось первое положительное впечатление от отеля. И все остальные моменты пребывания если и таили в себе мелкие недостатки - воспринимались уже не так остро. Завтрак понравился, кровать отличная, расположение удобное - это почти все, что нужно для комфортного пребывания в командировке. Спасибо персоналу",1
26415,"Прилетели в Стамбул из Анталии, где отдыхали на море в Кемере. Свое путешествие именно так мы и построили, чтобы с бодрым духом посетить знаменитые места в Стамбуле. Этот отель я буквально выбрала наобум, поскольку очень трудно было соориентироваться в громадном количестве предлагаемых отелей в Стамбуле. Трансфер из аэропорта запросили 65 евро ( мы посчитали, что это дорого ) и мы решили своим ходом добираться из аэропорта Сабиха -Гокчен, о чем мы нисколько не пожалели, поскольку это было своего рода экскурсией. Мы преодолели путь вначале на автобусе до пристани, потом переплыли на пароме до станции Юминен, затем пересели на метро и доехали до станции Беязит. А потом неспешным шагом около 800 метров спустились до нашего отеля. Всего дорога обошлась нам в 10 $ на двоих, но мы пропутешествовали с местным населением, чему и были рады. Сам отель нам понравился. Небольшой, компактный, с очень дружелюбным персоналом, говорящим на разных языках. Поскольку у нас не было языкового барьера, так как сами говорим на турецком, нам было очень легко общаться. На ресепшн нас встретил очень улыбчивый, симпатичный, вежливый , добродушный молодой человек- Мехмет , говорящий на многих языках и веселый, услужливый портье Хусейн, немного понимающий русский язык. Они всегда старались нас понять и быстро реагировать на интересующие наши вопросы и просьбы. Первое впечатление уже сложилось очень положительно, после долгого пути мы повеселели и нас быстро расселили в номер. Номер наш ( 109 ) выходил на оживленную часть улицы, но это нам нисколько не мешало, так как после экскурсий мы просто валились с ног, не слыша каких-либо звуков клаксона автомобилей и постороннего шума.В номере есть все необходимое: пакетики с кофе и чаем, чайник, 2 бутылки воды по 0,5 ( первые бесплатно ), тапочки, ванные принадлежности. Уборка номера производилась ежедневно, оставляли чаевые по 1 $. Питание в рестроне выше всяких похвал ( отдельное спасибо шеф-повару и его команде). Все вкусно, разнообразно, перечислять не буду, не уступает 5* отелям. Официанты работают хорошо. В ресторане все чисто, аккуратно. В спа -салон не ходили, не хватало времени, информацию не могу дать по нему. Расположение отеля , безусловно , не для возрастных людей будет трудновато подниматься в гору, к трамвайной остановке. В основном легко будет людям, имеющим физическую подготовку. На ней же на противоположной стороне находится Гранд Базар, но его только мельком осмотрели, очень уж велик. До голубой мечети, Айя София, цистерн Базилика можно идти пешком или 2 остановки на трамвае. Вход в голубую мечеть бесплатный. В цистерны базилика по 20 лир, в Айя София по 30 лир, на одну персону. Посетили также , дворец Топкапи ( очень долго ходили по нему, большая территория ), мечеть Сулеймание, Галатскую башню, дворец Долмабахче, восточный экспресс ( старинный вокзал ). Успели даже совершить небольшой шоппинг в Джеванхире ( станция Шешли )и в Форуме Истамбуле. При входе стоят секьюрити и проверяют все содержимое сумок, во избежание терроризма. Цены в моллах -демократичные, идут сейлы повсеместно, очень много интересных вещей можно приобрести. Здесь шоппинг мне больше понравился, чем в Дубае, поскольку всю одежду они производят сами и очень отличного качества.Пообедать можно в разнообразных харчевнях, недорого. В последний день нашли домашнюю кухню, очень приличные порции и очень восхитительно все приготовлено. До аэропорта Ататюрк добирались на такси за 50 лир, поскольку невозможно было в час пик сесть в метро. Стамбул поразил такой многолюдностью, что вначале я даже испугалась, что какие-то выступления или демонстрации здесь происходят. Очень суетной город, но очень колоритный. Жизнь здесь также нелегка. Видя , как не покладая рук трудятся все,от мала до велика,это немного сконфузило нас, но при том, мы не увидели на лицах никакого раздражения или агрессии. Народ , в основном приветливый.Движение, трафик- сумасшедший,но водители виртуозно водят автомобили, разворачиваются на таких крошечных пятачках, но не увидела ни одного accident ( аварии на дорогах). В очередной раз, Турция нас порадовала своим климатом, историческими местами, сервисом и отсутствием длительной процедуры получения визы. Спасибо всему персоналу, который незаметно для клиентов трудится в этом отеле, делая наш vacation комфортабельным. Мы постараемся еще раз вернуться сюда для посещения других городов и интересных исторических мест.",1
3764,"Отель находится в центре Барселоны. В отели очень маленькое кол-во одноместных номеров, поэтому бронировать лучше заранее, заранее. Номер чистый, аккуратный, в воздухе витает приятный запах. Ребята на ресепшн очень помогли с выбором оптимального пешего маршрута по достопримечательностям.",1
56301,"Делали кесарево
Прокололи пузырь, пошли слабые схватки. Пришла моя врач, и т. к. ребенок по результатам УЗИ был крупный - 4600, то решили мне добавить окситоцину, чтобы плод не страдал без вод. От окситоцина схватки шли сразу по минуте через пол минуты, а потом все слилось вообще в одну большую долгую схватку и не отпускало ни на секунду. Обезболивать так же было нельзя (со слов моего врача, т. к. большой плод). Кололи только но-шпу, свечки какие-то вставляли и один раз спазган. Все это время приходилось только лежать на животе, т. к. капельница в вене, ремень на животе (измерял серцебиение плода и частоту и мощность схваток) - вот именно ограничением моего положения я очень не довольна. Думаю, если бы разрешили свободно передвигаться, то переносилось бы все лучше и легче. В итоге, после 7 часов сильнейших схваток был поставлен диагноз - слабая родовая деятельность, раскрытие 3 см., больше ждать нельзя и кесарево. При этом сказано было следующее: если сейчас не согласишься на операцию, я за твоего ребенка ответственности нести не буду. Кто-нибудь после таких слов смог бы отказаться?? Вот и я не смогла. И в тот момент пожалела, что отказала мужу в присутствии - мне необходимо было и его решение в этой ситуации. Немного гложет чувство вины теперь и некоторые сомнения, что возможно врач просто не хотела больше со мной сидеть (что предусмотрено условиями контракта) и ей просто было пора домой, а тут прокесарить и все дела.
",2
13074,"В пятой колонне лузеры, это очевидно.  Потому что сделать нормальной жизнь здесь  патриоты  не хотят или не могут, а позаботиться о будущем своих детей, сев на потоки углеводородов и отправив детей жить и учиться за границу - вполне. Если для этого надо кормить народ духовными скрепами и вставанием с колен - значит, будут строить из себя  патриотов .  очевидно ж!продавшаяся колонна ждёт входа натовских войск и надеется, что детям достанутся хлебные посты в оккупационной администрации.а патриоты знают, что даже  тимуровцы  будут рисовать на их домах звёздочки и спасают детей от будущих люстраций, чтобы, собрав силы в изгнании, решительным ударом восстановить государство российское.  Тоже мне, бином Ньютона. Они выполняют ответственнейшие задания партии и правительства. С чегооо начинается Родинаааа.  потому что  пятая колонна  действует стратегически и будет вредить в течении многих поколений  патриотам  ничего не остается, как бежать ...   моя версия: все они разрушители.",0
12517,"Ужасное отношение к пациентам
Вчера подруга обратилась в приемное отделение с колотой раной ноги, (рана была глубокая, не могли остановить кровь) нам пообещали, что врач, а лично хирург Аберясев, спустится сразу после того как сделает операцию. Но в течение 2-х часов этот так называемый врач постоянно говорил, что он занят, просидев более 2-х часов в приемном отделении к нам так ни кто не подошел, даже медсестра не соизволила спуститься. После этого сказала, что пусть обратиться к гинекологу! (какое имеет отношение гинеколог к тому, что произошло вообще не понятно). Нам пришлось уйти от туда ни с чем! Огромное спасибо за оказанную помощь тому врачу и медсестре Наталье, которые дежурили 21.12.2010 г. Очень жаль, что люди которые должны оказывать помощь просто издеваются над нами!
",2
18568,"Отличное расположение, практически в центре Хельсинки. Стандартное обслуживание, уютные номера, все лежит на своих местах, за время пребывания не было ни одной претензии. Стоимость номера ниже, по сравнению с ценами в других отелях в центре. Осталась довольна.",1
36287,"Странно,но отель вроде как понравился сначала,но потом...Кондиционер не справляется с заданной температурой,проще окно открыть и сквозняк сделать!Поставили очень слабый!Когда я там был,курить там можно было только в коридоре!Вода плохо уходила в трап!То есть,что с себя смыл,в том и стоишь!Ужасно!На требование,чтобы устранили...ноль.приехал через час,ничего не исправлено!Бомжатник с немеренными ценами!",2
37149,"Слепой доктор
Всем здоровья! Приходил на прием лечить насморк, не проходил несколько месяцев. Решил сходить в БОГОЛЮБОВО. Заплатил в общем 5000 р. за насморк.
",2
27437,"Просто класс !  Блюда очень вкусные .  У меня появилось желание сделать уголок в своей квартире в Стиле а-ля Кишмиш .  Просто как на родине . тепло , уютно , отличное место для всех !  ",2
29059,"Отмечал в данном заведении свой ДР. Официант попался неплохой , еда тоже была неплохая .  НО ...  Во-первых , просил в тихом зале - посадили прямо под колонкой .  Во-вторых , в 11-30 совсем невежливо попросили покинуть помещение или заплатить по 1000 руб за каждый следующий час нахождения , хотя на сайте написано - работа до последнего посетителя !!! Такого я вообще нигде не встречал !  В-третьих , сумма в итоге получилась отнюдь немаленькая .  Большую роль тут сыграла отечественная ( белорусская ) водка по 25 уе за бутылку !!! И вообще - если хотите провести время в совке , то это отличное место .  Больше туда ни ногой .  ",2
12444,"Были в этом ресторане в начале октября 2006го .  Корпоративный ужин .  Самое интересное в этом ресторане это его расположение – напротив теле-башни .  Подъем в ресторан происходит на стеклянном лифте на высоту где-то 8и-10и этажного дома ( по ощущениям ) – тем , кто боится высоты сопровождающий - обязателен :) .  Вечерний вид на реку и TV башню завораживает .  Красивый вид .  Про интерьер : модный , на сегодняшний день , стиль японского ресторана . ( хотя как он относится к итальянской кухне – не понятно ) Основные цвета : черный и красный .  К сожалению , на этом его плюсы заканчиваются .  Как писали в предыдущем посте , действительно , напоминает столовку .  И что самое главное , там не уютно .  Обслуживание - средненькое : официанты – молоденькие ребята , которые хоть и стараются ( что приятно ) , но не справляются : не помнят , кто что заказал ( да , нас было 10 человек , но надо записывать , если не можешь запомнить ) , нестандартные в их понимании ситуации реагируют удивлением и сами решить не могут ( каждый раз бегут к администратору ) .  В тот день , когда мы были , не принимали кредитные карты ( нонсенс для ресторана ) .  Хотя , надо отдать им должное , везде ( и даже в лифте ) об этом было написано .  В ресторане было очень холодно , при том , что в гардеробе нам предложили раздеться .  Еда была средненькой .  Возможно , мне так показалось из-за холода , но факт остается фактом .  Резюме : на мой взгляд , пока слабенький ресторан .  ",0
7284,"Раз уж пост про FNW, воспользуюсь ситуацией. Есть тут такие, кто играл в NW на новых компах и Windows 10? Не было проблем с бесконечной загрузкой? Может кто знает как исправить?
",0
20146,"Была в кафе с подругами в ноябре .  Отзывы положительные .  Очень понравилось Рулле и салаты из авокадо .  Приятная атмосфера , отличное живое-музыкальное исполнение .  Все понравилось .  Только официант ( горилло-образной формы , словно скала ) , который нас обслуживал имел "" мраморное "" ( хмурое ) лицо , будто мы его чем-то обидели .  ",2
5890,"Мангистауские нефтяники, которых привлекают к суду после голодовки в поддержку Конфедерации независимых профсоюзов, жалуются на начавшиеся увольнения. Компания-работодатель отказывается комментировать ситуацию.   Нефтяники компании Oil Construction Company (OCC), которые держали голодовку в Мангистауской области с требованием остановить ликвидацию Конфедерации независимых профсоюзов, сообщают, что их привлекли к административной и гражданской ответственности, а теперь лишают работы. В ходе судебных заседаний в Каракиянском, Мунайлинском районных судах и в селе Шетпе Мангистауской области 23-24 января были рассмотрены дела в отношении еще 36 человек. В соответствии с решением суда, 14 нефтяников обязаны выплатить штрафы в размере 20 МРП (1 месячный расчетный показатель равен 2269 тенге) по обвинению в нарушении порядка проведения митинга. За объявление голодовки 19 человек по решению суда должны выплатить ущерб компании в размере 500 276 тенге.   После вынесения судебного решения были уволены три нефтяника – Кусаин Жылкышиев, Жамбыл Бегешев и Кайрат Ерекешов. Нефтяники говорят, что продолжают испытывать давление, их вызывают на допросы.   Державшие голодовку работники OCC на оглашении решения суда по иску работодателя - о взыскании с нефтяников предполагаемого ущерба. Актау, 22 января 2017 года.      «ИСКАЛ СПРАВЕДЛИВОСТЬ – ОСТАЛСЯ БЕЗ РАБОТЫ»   49-летнего Кусаина Жылкышиева уволили одним из первых после суда. Он работал на предприятии ОСС с 2003 года. Электрогазосварщик 6-го разряда Кусаин Жылкышиев говорит, что приказ работодателя о расторжении трудового договора ему вручили 25 января в 20 часов по местному времени. В приказе за подписью директора компании ОСС Серика Абденова со ссылкой на статью 52 Трудового кодекса было сказано, что работник, отказавшись от приема пищи, нарушил правила трудового распорядка. Отмечается, что основанием для приказа стало решение Мангистауского районного суда от 23 января.   - Мне сказали, чтобы я сразу освободил рабочее место. В приказе было написано, чтобы меня незамедлительно вывели за территорию месторождения Каламкас. В 22 часа ночи меня увезли, - говорит Жылкышиев.   По словам уволенного специалиста, в компании у него потребовали написания объяснительной о причинах объявления голодовки, сказав, что в противном случае составят акт.   - В объяснительной я написал, что мой отказ от приема пищи не сказался на производственном процессе и что я выполнил план, - говорит он Азаттыку.   Участники голодовки слушают судебных исполнителей, которые пришли в офис профсоюза зачитать постановление суда о признании голодовки незаконной. Актау, 19 января 2017 года.      Кусаин Жылкышиев запомнился своими острыми высказываниями во время голодовки нефтяников, продолжавшейся в течение двух недель с 5 января. Актауский городской суд № 2 19 января удовлетворил иск компании ОСС и признал акцию голодовки «незаконной» и обязал восьмерых из сотен ее участников в срочном порядке освободить помещение профсоюза, где находились протестующие. Кусаин Жылкышиев выполнил решение суда и с 20 января не приходил в офис профсоюза в городе Актау. Специализированный административный суд города Актау 21 января на основании протокола городского управления внутренних дел об административном правонарушении обвинил его в «нарушении порядка проведения митинга» и оштрафовал на сумму 45 382 тенге.   - Из суда я вышел после полуночи. Затем в управлении внутренних дел меня сфотографировали, взяли отпечатки пальцев. Я освободился лишь к утру. На следующий день, в воскресенье, я поехал к себе домой в Шетпе. В 17 часов вечера получил повестку в суд Актау на 23 января, - рассказывает Кусаин Жылкышиев.   23 января Мангистауский районный суд на выездном заседании в здании специализированного суда по уголовным делам в городе Актау рассмотрел другой иск компании ОСС в отношении Кусаина Жылкышиева и других нефтяников. Судья Жасулан Салиев признал голодовку обвиняемых «незаконной» и постановил, что компании был нанесен ущерб в размере 3 354 594 тенге. Эта сумма была разделена в равных долях на всех ответчиков, Жылкышиева обязали выплатить 124 244 тенге.   На следующий день Кусаин Жылкышиев заступил на смену на месторождении Каламкас. Утром того дня судебные исполнители, пришедшие в сопровождении полиции, вручили ему решение Мангистауского районного суда, которое он еще не успел получить.   У Кусаина Жылкышиева дочь и двое сыновей. Его дети совершеннолетние, однако он единственный кормилец семьи, у других нет работы.   - Теперь и я остался безработным. Слов нет, искал справедливость – остался без работы. Но не жалею об этом. Однако с каждым разом будущее моих детей кажется всё более туманным. Если они не могут открыть рот, значит, будут жить рабами, - сказал Кусаин Жылкышиев.   Он говорит, что подаст апелляционные жалобы на все три судебных решения, вынесенных в его отношении. Объявившие голодовку в начале января другие работники считают, что Конфедерация независимых профсоюзов и их профсоюзная организация были «золотым мостом» между ними и работодателем, единственной организацией, которая защищала их социальные права. Поэтому ликвидацию независимой профсоюзной организации они считают «несправедливым действием» со стороны властей.   Суды после голодовки нефтяников. Репортаж Азаттыка: Get Adobe Flash Player Embed code   Copy and paste the embed code below. The code changes based on your selection.   The code has been copied to your clipboard.   Video size width x height pixels Суды после голодовки нефтяников Share this video    http://rus.azattyq.org/a/mangistau-neftyaniki-uvolnenia-posle-golodovki/28260717.html 0:09:31 ▶ 0:00:00 /0:09:31 ▶ ▶ Прямая ссылка 270p | 26,4MB 360p | 40,2MB 720p | 86,3MB   ​   Заместитель директора компании ОСС Дуйсен Атшыбаев отказался прокомментировать Азаттыку увольнение Жылкышиева.   ОПЛАТА ШТРАФА БЕЗ РЕШЕНИЯ   Мангистауский районный суд в селе Шетпе 23 января привлек к административной ответственности 15 нефтяников. Их обвинили в нарушении порядка проведения митинга и обязали каждого выплатить штраф в размере 20 МРП.   Нефтяники говорят, что им не предоставили адвоката, и ввиду незнания ими законов они не смогли защитить свои права. Некоторые из них, услышав о штрафе, не получив решения суда на руки, тут же оплатили его. Нургиса Отемагамбетов говорит, что штраф оплатил 26 января.   - Мы не знаем законов. Сказали, что мы виновны и должны выплатить эту сумму, поэтому сегодня сходил и оплатил. Какая польза от того, что не оплатишь? В суде было плохо слышно. Даже если это незаконно, для них это законно, - говорит он.   Судья Мангистауского районного суда Сериккали Бердибеков, который вел это дело, говорит Азаттыку, что суд дал разъяснения:   - Решением суда [обвиняемые] должны оплатить[штраф] за правонарушение. Им было сказано, что можно оплатить после получения заработной платы.   Работники нефтесервисного предприятия Oil Construction Company в суде в городе Актау. 23 января 2017 года.      На вопрос репортера Азаттыка, есть ли у работников право подать апелляционную жалобу [не оплачивая штраф], он ответил:   - Конечно, право есть. Если не хотят платить, могут не оплачивать.   23 января Мунайлинский районный суд признал незаконной голодовку трех нефтяников. Каракиянский районный суд 24 января вынес решение в отношении 19 нефтяников, работающих на месторождении Жетыбай в этом районе, обязав их возместить якобы нанесенный компании ОСС ущерб в размере 500 276 тенге.   Одна из работниц компании ОСС Акзер Нуржанова, которую тоже обязали выплатить »ущерб», говорит, что нескольких нефтяников обвинили в агитации голодовки.   - Я привел свои доводы касательно того, что эти требования [работодателя] незаконны. Сказал, что с самого начала деньги на питание были выделены компанией, выступившей заказчиком, и это нельзя считать ущербом, - говорит один из державших голодовку работников Тахир Ерданов.   Предприятие Oil Construction Company было создано в 2003 году в результате слияния трех крупных предприятий акционерного общества «Мангистаумунайгаз»: «Мангистаумунара», «Нефтестрой» и «Мангистаумунайжолдары». Это предприятие оказывает строительно-ремонтные и монтажные услуги на месторождениях Каламкас и Жетыбай, разрабатываемых компанией «Мангистаумунайгаз». В компании трудится более двух тысяч человек. 1611 из них являются членами профсоюзной организации ОСС.   Работники OCC, подключившиеся к голодовке, во дворе здания профсоюза. Актау, 18 января 2017 года.      Решение о ликвидации Конфедерации независимых профсоюзов Казахстана, головной офис которой располагается в городе Шымкенте, вынес 4 января Южно-Казахстанский областной специализированный экономический суд. Нефтяники компании ОСС с 5 января в знак протеста объявили голодовку. Акция голодовки в течение двух недель проходила в офисе профсоюза предприятия в городе Актау и по месту работы нефтяников на месторождениях Каламкас и Жетыбай. Нефтяники надеялись, что их требования будут услышаны правительством, властями, партией «Нур Отан». После того, как прокурор города Актау потребовал от нефтяников выполнения решения суда и расценил их протест как «выступление против государства», участники акции 22 января покинули офис профсоюза, затем прекратили голодовку. С 19 по 24 января 63 нефтяника предстали перед гражданским и административным судами. Их обязали выплатить штрафы от 20 до 50 МРП и возместить ущерб на общую сумму 3 854 870 тенге. Сания ТОЙКЕН      Сания Тойкен работает на Азаттыке с 2007 года, репортёр в Мангистауской области. Окончила факультет журналистики Казахского национального университета имени Аль-Фараби. После окончания университета работала в газетах «Қазақстан пионері» и «Халық кеңесі» Была пресс-секретарём государственного комитета Казахстана по приватизации. Работала корреспондентом, затем редактором казахской редакции Атырауской областной газеты «Ак Жайық». До июля 2015 года была редактором еженедельника «Не хабар?!» в городе Актау.    Подписаться ",0
50153,"Все хорошо
Небольшие накладки в работе, типа потери анализов, не меняют моего положительного впечатления о поликлинике, потому, что относятся хорошо, с ребенком общаются ласково. Наш врач общается со мной на приеме подробно, а не выдавливая из себя ответы.
",1
15261,"Сегодня обедал у Вас в ресторане .  Более отвратительно обеда у меня не было со времен прохождения военной службы на космодроме Плесецк .  Хотя там , по крайне мере за это не брали деньги .  Грустно наблюдать , когда портится ресторан : поварам наплевать на свои блюда , официантам наплевать , ЧТО разносить , а Администратора волнует только оплаченный счет , а не мнение клиента .  Салат состоит из одной картошки с добавлением 2 оливок разрезанных на 10 частей .  В супе почему-то лежит каша ? !  Если вы стали просто « заводской столовкой для менеджеров » , тогда снимите вывеску « Ресторан-пивоварня » , оставьте просто « Пивнуха » , так будет честнее .  ",2
59343,"Советую ничего не покупать
Купила 2 года тому назад очки, брендовая оправа за 7000 (хотя как всегда голимый Китай) + суперлинзы, каждая за 4000 руб. Итого отдали 15000 руб., думала навека, а они развалились. Причем ни в одной мастерской не могут ничего сделать, итог - выброшенные зря деньги и при этом начало после носки этих очков падать зрение.
",2
47106,"В этом отели остановились в первые и не пожалели. Здесь все для тебя, начиная от вкусного и сытного завтра. На пляж тебя возят и забирают, когда пожелаешь. тел. предоставляют для связи. Вечером бесплатный коктейль. Отель очень чистенький, каждый день в номере уборка.",1
56224,"Все чудесно и замечательно
Все отлично. Все чудесно и замечательно. Навстречу идут во всем. Мне не сделали не единого укола, как и просила. Врач Шиганова Наталья Павловна очень спокойная, очень ответственная, уверенная, ей я доверяла полностью. У меня это были вторые роды. Первые длились 5 часов. Вторые же всего 1,35. Один разрыв, избежать которого было невозможно, так как голова моего мальчика большая 36 см., и на том же месте уже был разрыв с дочкой 4 года назад. Это, видимо, моя личная особенность - неэластичность тканей. Муж все время был рядом, ни на шаг не отходила Наталья Павловна и акушерка. Позже пришли сразу два педиатра. Наш мальчик родился весом в 3500 и ростом 52 см. С баллами по апгару 9/9.
",1
7024,"Насколько я знаю, там довольно много тех же вещей, что и на али, только еще дешевле - смотрела как-то по приложению модели. Сама люблю рынки, ходила бы, будь у меня время, из-за одной только атмосферы.
",0
7674,"Зачем Героев предлагать? Я, например, до сих пор играю с другом партию, которую начал лет 6-7 назад
",0
3065,"АСТАНА. КАЗИНФОРМ - Глава государства Нурсултан Назарбаев внес изменения в некоторые указы о создании специальных экономических зон, сообщает пресс-служба Акорды. Казинформ публикует полный текст данных документов.     О внесении изменений в некоторые указы Президента Республики Казахстан ПОСТАНОВЛЯЮ: 1. Внести изменения в следующие указы Президента Республики Казахстан: 1) в Указ Президента Республики Казахстан от 29 июня 2001 года   № 645 «О создании специальной экономической зоны «Астана - новый город» (САПП Республики Казахстан, 2001 г., № 22, ст. 270): в Положении о специальной экономической зоне «Астана - новый город», утвержденном вышеназванным Указом: пункт 3 изложить в следующей редакции: «3. Видами деятельности на территории СЭЗ являются: 1) обрабатывающая промышленность, за исключением: производства напитков; производства табачных изделий; производства деревянных и пробковых изделий, кроме мебели; производства изделий из соломки и материалов для плетения; печати и воспроизведения записанных материалов; ремонта и установки машин и оборудования; 2) складское хозяйство и вспомогательная транспортная деятельность; 3) строительство и ввод в эксплуатацию объектов инфраструктуры, административного и жилого комплексов в соответствии с проектно-сметной документацией; 4) строительство и ввод в эксплуатацию больниц, поликлиник, школ, детских садов, музеев, театров, высших и средних учебных заведений, библиотек, дворцов школьников, спортивных комплексов в соответствии   с проектно-сметной документацией; 5) строительство и ввод в эксплуатацию объектов, предназначенных непосредственно для осуществления видов деятельности, предусмотренных подпунктами 1) и 2) настоящего пункта, в пределах проектно-сметной документации.»; пункт 4 исключить; 2) в Указ Президента Республики Казахстан от 26 апреля 2002 года   № 853 «О создании специальной экономической зоны «Морпорт Актау» (САПП Республики Казахстан, 2002 г., № 10, ст. 94): в Положении о специальной экономической зоне «Морпорт Актау», утвержденном вышеназванным Указом: пункт 4 изложить в следующей редакции: «4. Видами деятельности на территории СЭЗ являются: 1) обрабатывающая промышленность, за исключением: производства продуктов питания; производства напитков; производства табачных изделий; производства деревянных и пробковых изделий, кроме мебели; производства изделий из соломки и материалов для плетения; печати и воспроизведения записанных материалов; производства мебели; ремонта и установки машин и оборудования; 2) складское хозяйство и вспомогательная транспортная деятельность; 3) строительство и ввод в эксплуатацию объектов, предназначенных непосредственно для осуществления видов деятельности, предусмотренных подпунктами 1) и 2) настоящего пункта, в пределах проектно-сметной документации.»; 3) в Указ Президента Республики Казахстан от 18 августа 2003 года   № 1166 «О создании специальной экономической зоны «Парк инновационных технологий» (САПП Республики Казахстан, 2003 г., № 33, ст. 322): в Положении о специальной экономической зоне «Парк инновационных технологий», утвержденном вышеназванным Указом: абзац второй подпункта 1) пункта 2 изложить в следующей редакции: «информационно-коммуникационные технологии;»; пункт 3 изложить в следующей редакции: «3. Видами деятельности на территории СЭЗ являются: 1) обрабатывающая промышленность, за исключением: производства продуктов питания; производства напитков; производства табачных изделий; производства текстильных изделий; производства одежды; производства деревянных и пробковых изделий, кроме мебели; производства изделий из соломки и материалов для плетения; производства продуктов химической промышленности; металлургической промышленности; производства мебели; производства автотранспортных средств; ремонта и установки машин и оборудования; 2) информация и связь; 3) профессиональная, научная и техническая деятельность; 4) строительство и ввод в эксплуатацию объектов, предназначенных непосредственно для осуществления видов деятельности, предусмотренных подпунктами 1), 2), 3) настоящего пункта, в пределах проектно-сметной документации.»; пункт 5 изложить в следующей редакции: «5. Для участников СЭЗ в сфере информационно-коммуникационных технологий и инновационных технологий требование осуществления деятельности на территории СЭЗ не будет являться обязательным условием   до 1 января 2018 года для следующих видов деятельности: 1)       проектирование, разработка, внедрение, опытное производство и производство программного обеспечения, баз данных и аппаратных средств информационно-коммуникационных технологий, а также услуги дата-центров, электронные услуги; 2)       проведение научно-исследовательских и опытно-конструкторских работ по созданию и внедрению проектов в отрасли информационно-коммуникационных технологий.»; 4) в Указ Президента Республики Казахстан от 6 июля 2005 года   № 1605 «О создании специальной экономической зоны «Оңтүстік»   (САПП Республики Казахстан, 2005 г., № 28, ст. 344): в Положении о специальной экономической зоне «Оңтүстік», утвержденном вышеназванным Указом: пункт 4 изложить в следующей редакции: «4. Видами деятельности на территории СЭЗ являются: 1) обрабатывающая промышленность, за исключением: производства продуктов питания; производства напитков; производства табачных изделий; производства деревянных и пробковых изделий, кроме мебели; производства изделий из соломки и материалов для плетения; печати и воспроизведения записанных материалов; производства мебели; ремонта и установки машин и оборудования; 2) строительство и ввод в эксплуатацию объектов, предназначенных непосредственно для осуществления видов деятельности, предусмотренных подпунктом 1) настоящего пункта, в пределах проектно-сметной документации.»; 5) в Указ Президента Республики Казахстан от 19 декабря 2007 года   № 495 «О создании специальной экономической зоны «Национальный индустриальный нефтехимический технопарк» (САПП Республики Казахстан, 2007 г., № 47, ст. 560): в Положении о специальной экономической зоне «Национальный индустриальный нефтехимический технопарк», утвержденном вышеназванным Указом: пункт 4 изложить в следующей редакции: «4. Видами деятельности на территории СЭЗ являются: 1) обрабатывающая промышленность, за исключением: производства продуктов питания; производства напитков; производства табачных изделий; производства деревянных и пробковых изделий, кроме мебели; производства изделий из соломки и материалов для плетения; печати и воспроизведения записанных материалов; производства мебели; ремонта и установки машин и оборудования; 2) строительство и ввод в эксплуатацию объектов, предназначенных непосредственно для осуществления видов деятельности, предусмотренных подпунктом 1) настоящего пункта, в пределах проектно-сметной документации; 3) строительство и ввод в эксплуатацию объектов инфраструктуры   в соответствии с проектно-сметной документацией.»; 6) в Указ Президента Республики Казахстан от 15 января 2008 года   № 512 «О создании специальной экономической зоны «Бурабай»   (САПП Республики Казахстан, 2008 г., № 2, ст. 21): в Положении о специальной экономической зоне «Бурабай», утвержденном вышеназванным Указом: абзац первый пункта 4 изложить в следующей редакции: «4. Видами деятельности на территории СЭЗ являются:»; 7) в Указ Президента Республики Казахстан от 24 ноября 2011 года   № 181 «О создании специальной экономической зоны «Сарыарқа»   (САПП Республики Казахстан, 2012 г., № 2, ст. 17): в Положении о специальной экономической зоне «Сарыарқа», утвержденном вышеназванным Указом: пункт 4 изложить в следующей редакции: «4. Видами деятельности на территории СЭЗ являются: 1) обрабатывающая промышленность, за исключением: производства продуктов питания; производства напитков; производства табачных изделий; производства деревянных и пробковых изделий, кроме мебели; производства изделий из соломки и материалов для плетения; печати и воспроизведения записанных материалов; производства мебели; ремонта и установки машин и оборудования; 2) строительство и ввод в эксплуатацию объектов, предназначенных непосредственно для осуществления видов деятельности, предусмотренных подпунктом 1) настоящего пункта, в пределах проектно-сметной документации.»; 8) в Указ Президента Республики Казахстан от 29 ноября 2011 года   № 186 «О создании специальной экономической зоны «Павлодар»   (САПП Республики Казахстан, 2012 г., № 3, ст. 47): в Положении о специальной экономической зоне «Павлодар», утвержденном вышеназванным Указом: пункт 4 изложить в следующей редакции: «4. Видами деятельности на территории СЭЗ являются: 1) обрабатывающая промышленность, за исключением: производства продуктов питания; производства напитков; производства табачных изделий; производства деревянных и пробковых изделий, кроме мебели; производства изделий из соломки и материалов для плетения; печати и воспроизведения записанных материалов; производства мебели; ремонта и установки машин и оборудования; 2) строительство и ввод в эксплуатацию объектов, предназначенных непосредственно для осуществления видов деятельности, предусмотренных подпунктом 1) настоящего пункта, в пределах проектно-сметной документации.»; 9) в Указ Президента Республики Казахстан от 29 ноября 2011 года   № 187 «О создании специальной экономической зоны «Хоргос - Восточные ворота» (САПП Республики Казахстан, 2012 г., № 4, ст. 74): в Положении о специальной экономической зоне «Хоргос - Восточные ворота», утвержденном вышеназванным Указом: пункт 4 изложить в следующей редакции: «4. Видами деятельности на территории СЭЗ являются: 1) обрабатывающая промышленность, за исключением: производства напитков; производства табачных изделий; производства деревянных и пробковых изделий, кроме мебели; производства изделий из соломки и материалов для плетения; печати и воспроизведения записанных материалов; производства мебели; ремонта и установки машин и оборудования; 2) складское хозяйство и вспомогательная транспортная деятельность; 3) строительство и ввод в эксплуатацию объектов, предназначенных непосредственно для осуществления видов деятельности, предусмотренных подпунктом 1) настоящего пункта, в пределах проектно-сметной документации; 4) строительство в соответствии с проектно-сметной документацией зданий для организации выставок, музеев, складских и административных зданий.»; 10) в Указ Президента Республики Казахстан от 13 ноября 2012 года   № 426 «О создании специальной экономической зоны «Химический парк Тараз»: в Положении о специальной экономической зоне «Химический парк Тараз», утвержденном вышеназванным Указом: пункт 4 изложить в следующей редакции: «4. Видами деятельности на территории СЭЗ являются: 1) обрабатывающая промышленность, за исключением: производства продуктов питания; производства напитков; производства табачных изделий; производства деревянных и пробковых изделий, кроме мебели; производства изделий из соломки и материалов для плетения; печати и воспроизведения записанных материалов; производства мебели; ремонта и установки машин и оборудования; 2) строительство и ввод в эксплуатацию объектов, предназначенных непосредственно для осуществления видов деятельности, предусмотренных подпунктом 1) настоящего пункта, в пределах проектно-сметной документации.». 2. Настоящий Указ вводится в действие со дня первого официального опубликования.                Президент Республики Казахстан                                                                    Н.Назарбаев          Астана, Акорда,   25 ноября  2016 года                   № 377     ",0
584,"Можно самому приготовить
Многие лекарственные сборы можно самому приготовить. Просто все думают, что в лес идти надо - нет! Все здесь купить можно!
",1
134,"сть одно такое лицо.Жуткий вампир.  Да-да-да, полностью согласен. У так называемых  жертв , которые активно демонстрируют свою слабость, при этом почему-то находится очень много сил, чтобы за эту свою слабость держаться :) Эту бы энергию да в мирное русло....  Плохо, когда такая жертва, вечная страдалица и героиня - мама :(  благодарствую за пост) очень актуальная тема, волонтерим с девушками на досуге , насмотрелась и на потерпевших, и на таких вот  жертв , последних, как правило, больше. Они говорят -  помогите  (отнесу к  орущим жертвам ) , но расшифровывается это как-  дайте мне денег /вещи/еду, а я дальше буду нифига не делать и играть жертву...  и иногда это не определишь с первого взгляда. Мы отказались отказались от сборов денег - возим вещи... Радуют люди (потерпевшие, в данном случае я не говорю об авариях и прочем, говорю о быте в областях где зарплата средняя 2000 р., нули не перепутала) которые умудряются не терять присутствия духа, растить детей, за счет своего хозяйства, огорода, они не просят помощи (вот если только что одеть бы детишкам привези - говорят), это замечательные люди, не Жертвы, побольше им радости и присутствия духа)))   Работаю над своими ошибками ,после достаточно долго общения с такой персоной. Так же у нее(жертвы) есть фантастическое умение манипулировать окружающими ее людьми и всегда находить причину из-за кого или чего она такая бедная и несчастная",0
25131,"Вчера мы вместе с нашей коллегой из Цюриха , которая очень любит грузинскую кухню , посетили этот замечательный ресторан .  Нас обслуживала милая и улыбчивая девушка Мария .  Окружила нас заботой и вниманием .  Кухня выше всяких похвал .  Отличные блюда !  Мы заказали много разных закусок : лобио из красной ( очень рекомендую ) и зеленой фасоли , баклажаны печеные с орехами , сациви , ачму , хачапури .  Все было необычайно вкусно .  Отдельное спасибо музыкантам .  Мы с большим удовольствием танцевали весь вечер под старые любимые хиты .  Даже не ожидали , что вечер окажется настолько приятным .  Отдохнули от души .  От ресторана , его кухни , персонала , музакантов остались только самые лучшие впечатления .  Мы , как-будто , провели вечер в гостях у лучших друзей .  Спасибо за прекрасный вечер !  Обязательно придем к Вам в гости еще много раз .  С уважением , Иванова Светлана  ",2
9538,"Отличный отель!! Останавливались с мужем на пару дней. Отличное расположение,центр, все магазины, все остановки, берлинский зоопарк все рядом!! Легко добраться из аэропорт. Вкусные завтраки! Чистые и новые комнаты!!",1
3750,"Березовский такой живчик всегда был. Совсем на старичка не похож был.  +1у меня так же было c М. Джексоном. После его смерти узнала сколько точно ему лет...Kажется, что вот такие люди-эпохи, не стареют совсем  еще пишут, что как раз в ванной застрелился...  а где пишут?  да, месяц выдался, конечно...  да просто как лондонскому инсайдеру.  надо посмотреть будет пару новостных сюжетов сегодняшних.  Не, ну ты зря. Хорошо все сказал. И про призрака и про все остальное... Ну и приятно было тебя услышать, в конце концов :)  В целом они уже идут по этой тропе.",1
35680,"Спасибо кардиологу
Я с он клиник только недавно столкнулась, у меня отец у их кардиолога лечение проходил, сейчас только периодически на консультации ходит. Ему в этой клиники реально помогли, я очень благодарна. И хочу сказать спасибо доктору Думикян Анаит, это она оказала ему своевременную и квалифицированную помощь.
",1
5272,"Рекомендую всем желающим посетить уникальный город - северную столицу России: отель Достоевский. 150 метров от Невского проспекта, рядом с вокзалом. Маленькие номера, но кому интересна поездка в Питер для прогулок, а отель только для того, чтобы отдохнуть - то что надо! Крутой завтрак, большое разнообразие блюд, хорошая возможность подкрепиться, чтобы дальше ничего не отвлекало от свидания с этим прекрасным городом!",1
18178,"05/02/13 посетили ресторан Якитория возле м. Беляево !  Надо сказать были неоднократно , тк офис рядом .  Но видимо изменился менеджер ресторана , тк качество его явно ухудшилось .  Заказали какао по новому меню .  Принесли почти холодное , с нерастворившимися кусочками порошка и густым осадком внизу .  Надо сказать , что в меню оно выглядело довольно симпотично , на деле оказалось , что ни вид , ни содержание не соответствуют заявленному .  После нам принесли роллы "" Калифорния "" и "" Бостон "" .. о ужас ! такое ощуение что они были с селедкой , пахли кислятиной .  Надо заметить , что за соседним столиком пара тоже возмущалась .  Мы вызвали менеджера ресторана и соседний столик тоже .  Подошла девушка Марьяна .  Или Марианна .  После того , как мы показали нерастворившийся какао и роллы она так удивилась сказанному , что мы были просто удивлены ее реакцией .  Возникла пауза )) Она продолжала улыбаться и мы тоже )) Не выдержав , мы все же спросили , она хоть примет это к сведению ? она сказала конечно , широко улыбаясь .  Но мы то поняли что все это полная ересь ) После чего она предложила нам переделать все это дело , но мы отказались .  За соседним столиком все же выказали желание пределать ) У нас не было желания ругаться или переделывать , попросили счет и прождав его еще минут 15 и напомнив неоднократно об этом мы отправилси домой , навсегда попрощавшись с этой якиторией .  Благо в окруже полно ресторанов !  ",2
333,"Антисоветских достаточно. И вы так говорите, как будто это что-то плохое. Слава богу, ваш проклятый совок закончился. Сейчас ваш хозяин ворошит эту тему вашими руками, но второй совок ему не построить. И либеральных тоже. Да, я либерал, по-вашему - либераст (как будто ваши инвективные искажения слов исказят их смысл, надейтесь дальше). Я рожден свободным. Кто-то выбирает лизание сапог хозяину, это их право, тоже вариант свободы. Что же касается русофобии - это просто ваша манипуляция. Безграничная любовь к начальству, поклонение жестоким демиургам туманного прошлого, боязнь свободы и привычка к стойлу и узде - это не обязательные черты русского характера, и если они кому-то не присущи - не обязательно это русофоб.
",2
29901,"Отель как новый, местоположение хорошее -тихое замоскворечье. Состояние номера отличное. Заказ еды по телефону через room service был принят, но не был исполнен, еду в номер не принесли и не предупредили о невозможности исполнения заказа. Просто не принесли. Это был вечер. На следующий день девушка на reception была искренне удивлена сложившейся ситуации и говорила о том, что это ... мы обратим на это внимание, как-то так...",0
11283,"Из практики: да, они подойду и да, они составят протокол. И проблема не в них, а в законодательных дырах.
",0
6938,"Был в Ёкселе 2 раза , бизнес-ланч понравился !  Пиво вкусное нефильтрованное ))) Приду еще обязательно ) футбол смотреть !  ",1
48378,"Прошу обратить внимание на поликлинику
Прошу обратить внимание гл. врача этой поликлиники на работу регистратуры - до нее дозвониться нереально. Звонили с 8:00. К 12:00 мы еще не дозвонились, постоянно занято раньше наша поликлиника отличалась от других тем, что со второго раза максимум с третьего можно было дозвониться, а сейчас наоборот отличается тем, что в нее вообще не дозвонишься. Примите меры.
",2
17238,"Хочу поблагодарить Олега Юрьевича Яценко
24 сентября 2012 года я была прооперирована во 2 отделении (3 этаж) Яценко Олегом Юрьевичем с диагнозом глаукома 3 стадии. Кто не знает, это далеко зашедшая форма заболевания и риск ослепнуть после операции был велик. А ведь мне всего 46 лет. Огромные планы могли рухнуть в одночасье. Но, благодаря высокому профессионализму Олега Юрьевича Яценко операция и послеоперационный период прошли без осложнений. Я благодарна Олегу Юрьевичу за его профессионализм, лояльность, гуманность. За его внимание, доброту, чуткость и индивидуальный подход к каждому пациенту. Именно такими качествами должен обладать врач с большой буквы, каким Олег Юрьевич и является! И большая благодарность всему персоналу 2 отделению и его заведующей Нине Фёдоровне! Вы дали мне право на счастье и полноценную жизнь! Будьте здоровы и счастливы!
…. Для меня 24 сентября на небе зажглась новая звезда. Её название знаю только я, а вы можете лишь догадываться.
",1
14699,"После тяжелой рабочей недели всегда хочется отдохнуть , и несмотря на то , что есть не хотелось , решили зайти в новое для нас заведение - ресторан Итали .  На 4 этаж нас доставил лифт со стеклянными стенами , из которых приятно смотреть , как воспаряешь над Большим проспектом .  Ресторан небольшой , столики у окна и на диванчиках очень удобные .  С самого порога нас встретила приятная девушка и "" раздела "" ) Нам повезло , и перед тем , как мы вошли , освободился столик у окна и его очень быстро подготовили для нас .  В этот вечер наш выбор пал на : 1/2 вителло тонато , вок с уткой и кумкватами , талиателли с пармой и горгонзолой , грушевый мусс и чизкейк .  Так же бокал розового вина ( Мальбек , очень приятное , органическое вино ) и липовый чай с чабрецом .  Кухня была на высоте , порции были в самый раз .  И очень приятное обслуживание .  Официант Иван , ты молодец ! ) Долго мы не ждали , все приносили быстро и в самый нужный момент убирали посуду .  В общем , только приятные впечатления .  Вернуться хочется и не раз !  Общий счет : 2020 руб. Разве не чудненько ? ! )  ",1
30263,"Великолепно приготовленные медальоны из телятины , необыкновенно нежные и ароматные ! ) ... просто рекомендую попробовать это чудо куленарного искусства в этом уютном ресторанчике в теплой дружеской атмосфере )  ",2
27775,"На прошлой неделе отмечала день рождения в Винограднике .  Поняла , что совсем необязательно идти в ресторан в центре - раньше ходила в Тифлис .  Такого хачапури не ела даже у свекрови в Батуми .  Очень понравилась музыка - широкий репертуар от европы до востока .  Хотелось бы пожелать разнообразия в выборе мороженого - я его очень люблю .  Большое спасибо всем работникам , особенно официантке Алине и администратору Инне .  ",2
34154,"Благодарю
Хотела выразить благодарность квалифицированным врачам (в наше время это редкость) за помощь в болезни моего ребенка. У моего ребенка аутический спектр, мы долго это не признавали и думали, что все пройдет, но ребенок рос и сильно отличался от других детей. Само признание этой болезни и это всегда тяжелый шаг. До похода в Нейропсихолог мы обошли много врачей и уже опустили руки, но по рекомендации мы пришли в медцентр и через два месяца увидели улучшения! Важно, что не только ребенку дают возможность преодолеть болезнь, но и родителей учат правильно разговаривать со своим ребенком. Спасибо!
",1
21563,"Мне очень понравилось.Главное достоинство этого отеля - удивительно гостеприимный, квалифицированный персонал. Расположение отеля очень удачное. Здесь много ресторанов, магазинов и мест отдыха. Отличная погода даже зимой. Все было восхитительно. Всем советую этот отель .",1
20272,"Прекрасный отель на берегу.Изысканная кухня и превосходный сервис. Это заслуженная 5ка с плюсом. Обслуживание на высоте.Если говорить о минусах, то надо очень хотеть их найти и это будет сложно. Этот отель подарит вам яркие воспоминания.",1
26508,"Работаем рядом , долго собирались сходить , наконец сегодня свершилось .  Слов нет , как вкусно !  Хинкали-объеденье .  Давно таких вкусных не ела .  Обязательно расскажу всем родственникам , знакомым и друзьям про это чудное место .  Рекомендую всем гурманам и просто любителям вкусно поесть .  Это просто праздник какой-то .  ",2
8778,"Этот прекрасный современный отель располагается в непосредственной близости от Alexander Platz. Номера современные, очень удобные кровати, вкусный завтрак. К номеру, уборке, ресепшен нет никаких претензий - всё было очень достойно. В отеле есть отличный бар, в то время, когда мы там были, было полно народу. Рядом с отелем находится знаменитый Hofbraeuhaus, где по воскресеньям рекомендую не пропустить воскресный бранч, всего за 11 евро можно отведать огромное количество блюд (шведский стол).",1
3800,"Останавливались на 5 ночей в 3-местном номере. Никаких причин для недовольства за это время не было. Номер нам достался удобный, снабжённый всем необходимым. Кондиционер работал исправно, Интернет скоростной. Сейфа не было, но при необходимости можно воспользоваться персональной ячейкой на ресепшн без дополнительной оплаты.Персонал на ресепшн приветливый и услужливый. С их помощью мы взяли машину напрокат и заказывали такси в аэропорт. Завтраки достаточные - голодным не останешься.Расположение отеля неплохое, относительно недалеко от станции метро. В округе много мест, где можно поесть и поздним вечером в том числе.В общем и целом - приличный отель за небольшие деньги.",1
3582,"Сейчас Синьцзянский Автономный Район процветает за счёт приезжих китайцев-ханьцев, а остатки местного населения маргинализованы и буквально превращены в бомжей.Аналогичная судьба ждёт  и  бывш.  советскую Среднюю Азию , т.е. Западный Туркестан. Но есть проблема, которую в условиях 21-го века решить затруднительно: на подлежащей освоению территории сосредоточено огромное количество местного  человеческого фактора  - крайне недисциплинированного, безграмотного, начисто лишённого элементарных трудовых навыков, в значительной степени инфильтрованного идеологией радикального исламизма да вдобавок ещё и размножающегося со скоростью тараканов. Фактически, присутствует мощный природный фактор, препятствующий эффективному хозяйствованию на подлежащей освоению территории (как гнус в Сибири или схожие природные факторы на  курортах Северного Кавказа ). И решить эту проблему в рамках китайской исторической традиции невозможно: геноцида мировое сообщество не поймёт-с.Но выход найден: страдающие иррациональной муслофилией правители РФ любезно согласились принять на контролируемой ими территории ЛЮБОЕ количество этого  человеческого фактора . Скорее всего, в обмен на гарантии неприкосновенности дальневосточных границ РФ. Разумеется, это примерно то же самое, как если бы Сталин в обмен на гарантии неприкосновенности дальневосточных границ, полученные весной 1941 года от императора Маньчжоу-Го, согласился разместить в подмосковных казармах несколько дивизий СС с оружием и тяжёлой техникой.",1
12000,"Благодарю
Спасибо всему персоналу Сходненской больницы. Спасибо лечащему врачу Наталье Михайловне. Спасибо медсестрам. Их отношение к пациентам очень хорошее. Более того чувствуется, что люди очень любят свою профессию.
Спасибо.
",1
7520,"Так нравится, когда показывают здоровенную ванную с туалетом, а не вот это все 1м2
",0
12949,"Идеальное расположение гостиницы. Невозможно заблудиться, расположенная поблизости телебашня видна из любой точки города. Оправданно дорогой завтрак. Удобное расположение. Красивый вид из окна, прекрасная точка старта для прогулок в любых направлениях.",1
19938,"Останавливалась в разных отелях одной ценовой категории в этом районе Стамбула, но могу сказать, что Рояль - один из худших. Во-первых, меня удивила неприветливость персонала, ощущается предвзятое отношение к русскоговорящим туристам. Во-вторых, в моем номере стоял дореволюционный кондиционер, который плохо работал, а окна выходили на улицу, где всё время было шумно. На завтрак можно вообще не ходить, очень много людей, а выбор еды очень ограничен, от кофе одно название.",0
16513,"Всё отлично .  Но мне не понравилась музыка которую вы используете для своего заведения . советую вам крутить Этнику , регги , даб .  ",2
56651,"Благодарность сотрудникам клинского роддома
Меня зовут Юля. У меня трое деток. Всех троих рожала в Клину. Рожала 13 сентября 2015 г. Роддом просто супер. Персонал очень хороший, внимательный. Особенно выражаю благодарность заведующей детского отделения Амине Арсалиевне. Это врач от бога.))))
",1
201,"Вначале небольшое вступление относительно салона автомобиля. Машина стала намного тише по сравнению со старым Соболем, панельки имеют эргономичный дизайн, удобное расположение блокировки дифференциала заднего моста, аварийка немного не удобна в использовании, приходится руку засовывать за руль, но это абсолютно не критично. Салон обогревается за считанные минуты, благодаря мощному обогревателю, что крайне необходимо, на мой взгляд, всё-таки в России по большей мере ездить приходиться в холода. В целом салон оформлен без излишков, имеет всё необходимое для использования. Недавно читал отзыв про Соболь, из которого было недостаточно понятно, штатные шины «вывезут» ли по бездорожью, или всё же есть необходимость заменить. Так вот по своему опыту могу сказать, что штатные шины вполне сносно едут по бездорожью, в одно время казалось, что вот-вот придется доставать лопату и помогать, Соболь выезжал своим ходом. Наверняка, для серьезных путешествий автомобиль необходимо готовить, что вполне естественно для абсолютно любого транспортного средства (лично я бы заменил амортизаторы на усиленные, возможно установил бы дополнительный свет, немного поработал бы с салоном). Машина вполне функциональная, я считаю, этого вполне достаточно. ",0
8733,"Никаких отрицательных моментов
Лежала в эндокринной хирургии. Все врачи от Бога. Медсестры - душки. Большущее спасибо хирургу Марачевой Марине Петровне. И всему персоналу отделения. НИКАКИХ ОТРИЦАТЕЛЬНЫХ МОМЕНТОВ!
",1
37881,"Вариант, и вправду, хороший. Номера чистые и уютные. Уборка хорошего качества. В номере есть чайный набор. При этом большой минус - не предоставляют питьевую воду. Одна бутылочка при въезде и все. Куллеров тоже нет. Ответ ресепшен: вы можете взять воду в лобби баре. За 250 рублей 0,5л. Так что запасайтесь водой заранее. Магазинов рядом нет. WIFI есть и работает. Завтраки на хорошем уровне: разнообразные и на любой вкус.",0
60725,"Обходите стороной
Работала в этой клинике год назад. Отвратительное отношение к пациентам, как к денежному мешку. Припишут и диагноз неверный, и лечение - лишь бы содрать побольше денег. К персоналу администрация относится аналогично - огромная текучка кадров, в месяц увольняются и приходят работать по 5-7 человек.
",2
19716,"Все супер , обстановка очень приятная , не накурено , классный звук и богатый выбор песен .  Вкусно кормят .  Спасибо большое !  Обязательно еще прийду .  ",2
36607,"Замечательный своим уютом и отличным расположением отельчик. Сразу поразил громадный холл в в 4 этажа, большой. Удобный конгресс-холл. Как всегда радует кухня. В номерах всё что надо( не придерешься)-как родной пиджак, всё на своём месте, въезжай и живи. Бесплатный интернет в холле.",1
67483,"Врачи хорошие, но ресешн ужасный
Клиника хорошая, врачи замечательные. Но Огромный минус - ресепшн такого не видела нигде, администратор вечно отсутствует, обзвон клиентов не производится, лично мне ни разу не напомнили о времени приема. Однажды вообще неправильно посчитали стоимость, звонили, говорили о доплате. между прочим не маленькой в районе 2000-00 рублей, если бы я не пришла больше, врач бы не получил деньги? По халатности администратора. Такого совка, по-моему, вообще нигде нет давно, а ведь ресепшн - лицо клиники. Повторяюсь, врачи замечательные, ходила и к хирургу, и к терапевту, и сама, и с ребенком - просто здорово!
",2
49944,"Множество услуг
Поликлиника очень нравится множеством оказываемых услуг в одном месте. Врачей можно пройти практически всех. Есть лфк, бассейн, лаборатория. Много диагностических и лечебных аппаратов, как-будто и не поликлиника, а больница. Персонал квалифицированный, культурный. Я довольна, что попали в бесплатную поликлинику уровня платной.
",1
1088,"Это очень важно. Тут недавно функцию пиарили, все теперь могут видеть ваше сохраненное, если захотите. Пока не понятно, чей конкретно был плюс, но над этим работают. Так что просто сообщайте, когда плюсанули.",0
9242,"вижение -всё! Конечная цель -ничто! Столько бабла попилить! На это не только пенсий бабушек не жалко, но и всего бюджета страны!  подборка интересная, бейсбола надеюсь больше не будет на олимпийских играх. В целом олимпиада это крепкий развод на деньги, тезис о том, что дескать вот останется куча спортивных объектов, как видно, работает не всегда.  Если кто из хомячков подзабыл, то Сараево было местом ожесточенных боев. Была даже осада Сараево. Удивительно, что там вообще что то осталось от Олимпийских объектов  Ну с Сараевом все понятно, вспомните что было в Югославии в конце 80-х, 90-х, да и сейчас. Афинская Олимпиада была одной из самых дорогих, потом её Пекин переплюнул, может стоит в этом искать корни греческого кризиса?  Во Львове стадион к Евро-2012 заброшен.никому нафиг не нужен.  казалось бы, причем тут Сочи ...  Почему же убыточное?Все внимание, в этот период времени, обращено на данное мероприятие. Весь мир наблюдает за ходом событий",0
48931,"Благодарность врачу Перминовой Ирине Валентиновне
Поликлиника №3, Мытищи. Хочу поблагодарить нашего врача педиатра Перминову И. В. за чуткость к своим маленьким пациентам, читая на сайте отзывы о том, что врачи не принимают без записи. Наша Ирина Валентиновна всегда относится с пониманием и даже если сложилась такая ситуация, что нет записи - примет. Всегда встречает с улыбкой. Приятно посещать такого врача. Спасибо Вам Ирина Валентиновна, крепкого Вам здоровья и благополучия.
",1
26300,"Номера очень маленькие, но приятные. Для одного человека подойдёт. Плохая шумоизоляция. В душе сильно протекал потолок, была лужа на полу. Персонал был в курсе и развел руками. Видимо, протекает систематически. Завтрак нормальный, туристический. Прекрасное месторасположение, доступная цена. Из плюсов также доброжелательный персонал. Я забыла заказать себе обратный трансферт в аэропорт, но сотрудники отеля утром оперативно связались с водителем и все уладили, за чтот им спасибо.",0
3284,"не играл в мгс, так что кефир, лично для меня - Джек Бауэр. навсегда
",0
14076,"Отель прекрасно расположен, номера с видом на Шпрее. Находится в центре Берлина на одной из центральных улиц города, очень удобно для осмотра достопримечательностей. Хорошее обслуживание, приветливый персонал, отличные завтраки.",1
23908,"Много раз проеезжали с мужем мимо ресторана и всегда засматривались !  Потресающий фасад !  Муж посещал ресторан и его впечатления были достойны этой сказки !  От отмосферы царившей в даном заведение , от лодьи переполненной всем великолепием русской кухни , от обслуживающего персонала .  Все достаточно вежливо , величественно , вкусно !  Я уверена что персонал делает все возможное чтобы мы провели лучшие минуты своей жизни в ресторане Ермак .  ",2
26291,"Мы с друзьями сидели у вас в пятницу компанией из 7 человек в маленьком зале , привел нас друг который рассказал о вашем заведении .  Если честно то в округе этот паб нам понравился больше всего , спасибо за прекрасное обслуживание и вкусную еду , одно огорчение за вечер это точто у вас нет сигарной карты которая очень проситься в атмосферу вашего заведения , атак все очень мило и уютно . надеюсь руководство вашего заведения примит к сведению наш запрос .  Уже постоянные гости - удачи .  ",2
2734,"Хороший отель) жили на последнем этаже, президентский номер, староватая мебель правда, но в целом все понравилось))) завтраки просто сумасшедшие!!! очень вкусно: хамон, йогурты со всевозможными вкусами, круассаны, сыры... только ради завтрака побывал бы ещё раз)))",0
9563,"А мы снова посетили Орандж .. )) Стабильно раз в год ( 9 декабря ) мы ходим отмечать туда годовщину знакомства .  Кухня , как всегда , не разочаровала , за исключением десерта (( Чизкейк , который я брала уж очень заветренный сверху был .  Прям такая корочка (( А так , конечно , все хорошо .  Спасибо вам еще раз за гостеприимство :) P.S. пытаюсь уже который год получить там обещанную карту , но то карт нет , то компьютер зависает .  Радует , что при этом все равно всегда делают скидку .  ",1
19929," богатой и успешной муж и дети - первый, но не единственный источник радости.У бедной и неудачливой - единственное и последнее утешение.***Ведь природой так предназначено, что карьеру делает мужчина, а рожает и создает семейный уют женщина.***Природа не планировала карьеру, уверяю вас. И семейный уют тоже. И вообще уют. В природе вообще все очень прагматично. Мужчина получает секс, женщина - еду для себя и своих детенышей. Не факт, что детеныши будут от этого мужчины",1
31738,"О биоревитализации
Биоревитализация - хорошая процедура, тем более, что помогла мне решить ряд моих постоянных проблем с цветом лица и сухостью. И, что мне особенно понравилось, что я делала ее накануне своего юбилея - а это множество приглашенных людей, ресторан. Реабилитация была короткой, а на празднике я выглядела шикарно! Делала в GMT-clinic, там, кстати есть великое множество хороших процедур для кожи, присоединяйтесь!
",1
31867,"Хорошее место для проживания в шаговой доступности от Шереметьево. Попал по серьезному переносу рейса, спасибо Аэрофлоту, несколько часов в комфортном номере, легкий ужин. Номера достойные, есть все что нужно, на первом этаже уютный бар",1
23536,"Оплата бесплатных услуг
Всем привет! Нам 20 недель, стою на учете у Цветковой Э. В., как врач она ооочень хороший! Но направлена она на деньги! встала я на учет в 10 недель! И за все время бесплатно сдала только мочу, все остальные анализы (кровь, мазки и даже узи (при наличии 3 узистов в ЖК сдавала платно). Никаких медикаментов и бесплатного молоко я так и не получила! Последней каплей был очередной анализ стоимостью 3 500 р. Позвонила в Минестерство здравоохранения. Обещали помочь и разобраться. Всем кто не знает, ставшим на учет до 12 недель положено: бесплатно медикаменты и молоко ежемесячно. Если этого не получаете, требуйте. 1 числа иду на прием, посмотрим изменилось что-нибудь после моего звонка в Минздрав или нет! На всякий случай пишу тел.: 532-57-44, Свешникова Татьяна Александровна, и абсолютно всё рассказывайте, женщина адекватная. Только потом отписывайте о своих звонках, обсудим.))) Объявление от 26.05.2011 г.
",2
1547,"Нас сегодня собрали, хлопцев 30, и поздравили Кофе Nescafe Подарочный набор , и пораньше отпустили с работы.",0
16855,"Спасибо завотделению
Лежала с 14.05.11 г. по 20.05.11 г. Всё очень хорошо: Чистая палата, хороший персонал, вкусная еда! Спасибо Вам!
",1
27040,"В бизнес ланче порции маленькие , обсуживание от раза к разу , а если во время обеда заказывать еду из меню , то ее недождешься ! что там можно есть - только пицца  ",2
24554,"Если окна вашего номера выходят на шумную улицу- поспать не удастся! Жаль, что не поставлены шумоизоляционные окна. Интерьер номера стильный умелый и с кофе машиной несколько сглаживает дискомфорт. Но ночью хочется убежать в просторную ванную и наконец-то отдохнуть! Да, хамам в номере это незабываемое впечатление! Сервис в номере и ресторане на пятёрку!",0
19654,"От первого посещения были в восторге
От первого посещения были в восторге. Ни с чем несравнимый сервис. Наблюдаемся по контракту у Натальи Витальевны. Замечательный, очень внимательный врач. Очень довольны. Особая благодарность медсестре Кристине. Заряжаемся положительными эмоциями после посещения клиники.
",1
20131,"Прилетели в Стамбул,выбрали этот отель,спонтанно ,ехали с аэропорта на метро,такси не брали ,был час пик ,огромные пробки,метро быстрее всего,вышли на центральную улицу на станции Aksaray ,первый красивый отель,зашли ,на входе сразу подбежал швейцар ,вещи уже получили в номере,очень добродушный персонал по их рекомендации взяли люкс.Вот тут и началась необычность этого отеля,впервые в жизни прежде ,чем зайти в номер захотелось наделать огромное количество фотографий,стиль отеля нас поразил,он в Турецком стиле но дизайн не обычный,мы сделали огромное количество фотографий на память ,только после этого зашли в номер,даже стало не удобно,мы забыли про вещи и про швейцара ,правда потом всё разрулили .Номер соответствовал люксу и даже больше,идеальная чистота ,богатая ванная комната.С дороги решили спустится в бассейн,бассейн просто суперрр...,с красивейшей подсветкой и дизайном,впервые в отелях за все наши путешествия ,нас вежливо попросили купить резиновые шапочки на голову,вот это я понимаю ,отель заботится о чистоте и здоровье гостей,рядом с бассейном две сауны ,тоже очень оригинальные Хамим и Финская .На завтрак шведский стол ,в большом уютном ресторане,Турецкая кухня,вкусно и всё в большом изобилии.Самое интересное ,все подарки и покупки ,мы купили прямо,в одном здании с отелем это и красивая шуба и кожаная куртка,оказалось ,что зря ходили по всему Лалели ,оказывается всё в этом отеле.",1
23745,"емцы, накормленные нацистской пропагандой относились к нам ещё более предубеждённо, чем вы относитесь к зулусам.Вырезать поголовно всех белорусов, как это говорили в СССР, немцы бы вряд ли стали. Это накладно и с материальной, и с политической точки зрения. Победи они, у нас бы было точь в точь то, что сейчас происходит в Африке. Из страны, где большинство населения голодает, выкачивали бы сырьё в Германию, очень узкая прослойка немецких специалистов и местной  элиты  жила бы по стандартам Германии в закрытых крепостях-резервациях, часть территории бы контролировалась партизанами всех расцветок, немецкие военные спецы и местное пушечное мясо из полиции воевали бы с ними с переменным успехом. А жирноватые бюргеры читали бы об этом в благопристойных газетах и лениво рассуждали:  Они же тупые и до прихода фюрера жили в каменном веке .  Мне не особо хочется раcсказывать про равенство эсесовцам, да и тема была не про это. Дискуссия началась с того, чтоНельсон Мандела принял ЮАР с атомной бомбой, а оставил ее с сохой.(с)Вопрос в том, кем его считать 1) мудаком, который под знаменем освобождения довел развитую страну до постапокалиптичной разрухи, при которой сильно лучше не стало ни черным ни белым",0
49373,"Отель имеет прекрасное расположение перешел улицу море, все в шаговой доступности и Бангла роад и торговые центры недалеко, територия супер на улице шум и т.д. заходишь тихо, два выхода, парковка если взял авто или байк бесплатно, номерной фонд не самый новый но и не ужас. Рекомендую.",1
35259,"Довольна отношением
Нам к сожалению в два месяца пришлось обращаться в Он клиник. У дочки расстройства были постоянные, поэтому направили на анализы. Но такую крошечку по больницам возить не очень хотелось. Решили найти клинику, что бы анализы сдать на дому. Оказалось в Он клиник есть такая услуга. Анализы уже забирала сама в клинике, гастроэнтеролог поставила на учет. Она же нам и лечение назначала, которое помогло. Стул наладился, дочка стала спокойной, потому, что ничего не беспокоило. Нам уже 3, и до сих пор стоим на учете в клинике, периодически ходим на прием.
",1
39527,"Гинекология
Хочу сделать свой вклад и оставить отзыв о Медицинском центре КлиНика. К сожалению, в наше время бесплатная медицина явно не привлекает, а некоторые заведения - вовсе наоборот, отпугивают. Запах больницы, хамоватый персонал и унылая плитка на полу - хамят в регистратуре, телефоны всегда заняты. перечислять можно бесконечно. Про гинекологию я и вовсе молчу, беременеть просто страшно! По любому найдут что-то и положат в род-дом, обколят уколами и запугают так, что жить не хочется.
В общем, натерпелась я этой бесплатной медицины (хотя там дай 500 рублей, здесь 350. и уже не бесплатная она вовсе).
Сходила в КлиНику в прошлом году на УЗИ, и теперь забыла - каково это: сидеть в очереди и нюхать хлорку. Цены, конечно серьёзные, особенно для тех, кто имеет маленькую зарплату, но здоровье тоже дело серьёзное!
Зато я точно знаю за, что плачу: я приду в чистое и красивое помещение к приятным людям, которые позаботятся обо мне, сделают всё необходимое и без лишней волокиты выдадут нужные документы.
В общем, берегите своё время и здоровье - лучше потратиться пару раз, зато нервы сбережете!
",1
2610,"Очень маленький отель.На 3 звезды вообще не тянет.Там рядом все отели такие, очень маленькие, завтраки горячего ни кашки ничего нету, только кофе, чай и молоко. Расположение отеля: не далеко метро и автобусная остановка.",0
28052,"Доволен результатами лечения
Лечил геморрой в разных больницах, а результатом остался доволен только после посещения «Медикал Он Груп». И впредь готов платить деньги, лишь бы качество было такое, как у них. Молодцы, ребята! Так держать! С...мин Ю.А.
",1
15000,"Работа больницы
Легла со здоровым ребенком на операцию, через 7 дней сбежала подцепив ребеночку отравление и ротовирус и никакой операции. Да, собирают по 300 руб. на бумагу туалетную, пакеты одноразовые для памперсов и моющие средства, которым красная цена 15 руб. И на кухне весит график дежурств кто что и когда моет. КУДА СМОТРИТ СЭС!
",2
53760,"Огромное спасибо
Сегодня поехали с дочкой. Подозрение было на флюс. Врач был супер, подход к детям на высшем уровне. Удалили зуб, сначала не поняла даже, что ей укол сделали, а про удаление вообще молчу! Спасибо огромное врачу, побольше бы таких!
",1
7256,"Делаю выводы
Зашла посмотреть отзывы о Раменском ЦРБ, т. к. переехала в этот город и хотела встать здесь на медобслуживание, прочитала и волосы зашевелились, до какой степени обижают людей, какие доктора их лечат. Я уверенна, что хоть 50% правды есть! А в эту поликлинику РПЗ, вообще страшно идти. Прям хочется все эти жалобы послать в Минздрав РФ. Пусть почитают и разберутся. Нет дыма без огня! А лечиться я буду по старому месту жительства. Безопаснее!
",2
37625,"Есть и хорошие врачи
В Скандинавском Центре обслуживаюсь по страховке уже около полугода. Совсем уж плохих врачей мне не попадалось, хотя я перед тем как идти - отзывы читаю и записываюсь только к тем про кого плохих отзывов нет =)
Плюс врачи иногда сами друг друга рекомендуют. В итоге:
ЛОР Томин - отличный доктор, решил мою проблему с носом, с которым я мучалась уже незнамо сколько лет;
Гинеколог Брушлинская - очень популярный врач, к ней такие очереди выстраиваются, за 2 недели надо записываться, очень квалифицированная и опытная;
Иммунолог Кузнецова - тоже очень все хвалят, очень деликатная, милая женщина, до результатов моего лечения пока далеко, но читала про нее массу хороших отзывов и очень ей доверяю;
Врач УЗИ Андреева - многие врачи рекомендуют записываться к ней, видимо она тоже очень хороший доктор;
Терапевт Болотина - внимательная, адекватная, приятная женщина =)
Желаю всем не болеть!;)
",1
16588,"Я год назад на это попалась - просто вообще такого опыта не имела и сильно раскрылась в открытом всем ветрам пространстве. Получила удар, казалось бы - приобрела опыт, но люди часто самонадеянны и редко - мудры. На этот раз он вышел ко мне с похвалами - то-се, у нас с вами был конфликт в прошлом, но я вам так благодарен за то, что вы делаете. Я не растаяла, я не поверила - но я сдуру захотела его прощупать: шизик, отаку прыщавый или гордая одинокая душа (ну, все барышни к таким склонны в глубине души). И вот что я вам скажу - у меня есть определенная сенсорность: подключился он ко мне на первом же слове - моем к нему - и протянулась веревка, и она какие-то гадкие образы поднимала во мне и вообще баламутила... Короче, когда он перешел на хамство спустя пару дней, - то есть я первая перешла, душно уже очень стало, - веревка с треском лопнула, возникла явная энергетическая брешь, и то, что там его забанят теперь, мне никак уже не поможет, придется березки обнимать :) А лучше - помолиться как следует, конечно. У вас очень смешная и очень интересная работа получилась, но тут сказали уже выше (и я с этим совершенно согласна) - энергия не может быть абы какая - плохая, черная, грязная энергия хуже, чем никакая, - это иллюзия, что вы ею зарядились, - она вас будет разрушать. С энергиями вообще все очень жестко - никакой игры, если не владеешь этими практиками. Поэтому я на сегодня не знаю другого выхода, кроме абсолютного, необратимого игнора, - мысленно ставить стекло непроницаемое (как круг раньше рисовали против нечистой силы, помните - в  Вие ), завихривать мысленно потоки энергетические по кругу и настраиваться на то, что это иллюзия - этого просто не существует. Мерзотная эта энергия, че сло, - бррр!   упырить упырей - это круто)если подойти к этому вопросу с умом, то очень хорошая прокачкано не заиграться)  Маша - чудо прекрасное.",1
18369,"Отличное место !  Встретила улыбчивая девушка-менеджер , официантка помогла выбрать блюда , подробно рассказала о каждом .  Я ела суп с тыквой и креветками и потрясающую рыбу с мелко нарезанными фруктами .  Каждое блюдо выглядело как шедевр !!!!! эстетическое и вкусовое совершенство !  Спасибо всем за добрый вкусный вечер !  ",2
13841,"Сделайте медицину платной
Впервые столкнулась с такой наглостью врача, Черевко Дмитрий Владимирович требует денег за операцию, помимо денег на запчасти для кисти. И не краснеет. Говорит, что государство не вознаграждает его труд должным образом. Сделайте медицину тогда платной, будет честней.
",2
16936,"Много раз лежала в этой больничке
И каждый раз разное мнение, когда безысходное положение и нет денег на платную клинику, можно крепануться и в семнашке!
Закалывают конечно убойными препаратами, и всегда возникают проблемы с возможностью уйти домой! Почему? Непонятно, может и правда им доплачивают за это. Главное, это хорошая компания! Тогда и 28 дней полежать там можно! Хотя от тюрьмы эта больница мало чем отличается, но если хочешь перекумарить и больше не употреблять всякую отраву, можно и потерпеть!
",2
56381,"Хороший роддом № 18
Рожала там два раза в 1998 и 2005г. дочек. Сына тоже буду рожать там. Роддом нормальный, не наглый. Спасибо Анне Павловне за Настюшу. А сейчас, Татьяне Дмитревне, она мне писарий в апреле 2008 г. поставила. Вот скоро снимут, и начнуться роды.
",1
61114,"Ужасная клиника
Ужасная клиника! Никогда никогда туда не ходите, зря потратите нервы и деньги. Не работает ни одна машина нормально. Анастезия берет только уже дома, а не в кресле!
",2
33092,"Плохое отношние к клиентам
Вызывали взять анализ на дому. Заказ был на субботу 21.11.15 г. на 9 утра. НИКТО НЕ ПРИЕХАЛ! И не перезвонил! Телефон, указанный на сайте, просто не отвечал. Сегодня дозвонились туда, спрашиваем почему не приехали? Девушка на телефоне сказала, что сейчас все выясним и перезвоним Естественно, никто не перезвонил с объяснениями. НЕ СВЯЗЫВАЙТЕСЬ С ЭТОЙ ФИРМОЙ!
",2
2160,"Минусы:- Катастрофически маленький номер- Нет интернета в номерах- В нашем номере окно выходило в узкий колодец, поэтому было как в склепе, непонятно какая погода и проснуться невозможно.- Видимо из-за плохой вентиляции вещи в номере и постель казались сыроватыми пока не нагреешь )Плюсы:- Удобный и вместительный шкаф- Более-менее чисто (кроме одеяла с непонятными пятнами и плесневелой занавеской в ванной)- Близко к метро- Очень много мест рядом с отелем, где можно недорого поесть.Отель на твердую троечку в общем.",0
1715,"Это действительно один из лучших отелей Барселоны, в которых я была. Отель новый, дизайн - выдержан в едином стиле. Сам номер средних размеров, зато размеры ванной комнаты приятно удивили. Летом рекомендую брать номера с террасами, очень приятно посидеть теплым вечером. Бассейн небольшой, но три человека одновременно будут плавать свободно. Рядом метро и улица полная магазинов. Кстати, в воскресенье они не работают. Особенно хотелось бы отметить ресторан отеля - обязательно для посещения. ужин (три блюда за 24 евро) - потрясающий!",1
21754,"Приходит ли вместе с ними умение анализировать и думать - не знаю.  Ну я лично шла за корочкой, но оказалось, что образование во многом помогло в реальной работе.  Да, согласна. Конечно, совок еще правит умами, главное - получить диплом. Когда моя подруга отучилась пять лет на инженера (родители устроили сразу после школы), мама спросила ее: дочь, вот теперь ты отучилась, и я могу спросить, кем ты хочешь быть? Ну не абсурд ли? )) Тем не менее, все немного меняется, появляются работодатели, которые хотят видеть результат, а не корочки, хотя они в меньшенстве. Люди задумываются о высшем образовании, о том, а всем ли оно надо, появляется молодежь, которая учится не в вузах, а самостоятельно, на курсах и т.п. и работает достаточно эффективно. Просто слой льда слишком толстый, и времени, чтобы он раскололся понадобится немало.  Стыдно признаться, но я пока только в процессе получения вышки. Выбор специальности обусловлен формальными требования к моей должности.",1
24616,"Хороший бизнес-отель в деловой части города со стандартным для своего сегмента набором услуг. Неплохой фитнес-центр и SPA с баней и хамамом, крытым и открытым бассейнами. Отличный выбор за эти деньги.",0
26421,"Отель в районе Кумкали, что недалеко от Гранд Базара,а вот до Гоулбой мечети и Софийского собора придется ехать на трамвае или идти довольно прилично.В номерах есть все необходимое для комфортного пребывания",0
264,"АСТАНА. КАЗИНФОРМ - Более тысячи платных парковочных мест появятся на новом железнодорожном вокзале. Открытие вокзала планируется в мае  текущего года, сообщает «Вечерняя Астана». Как отметил директор по транспорту ТОО «Астана LRT» Рустам Халилов, помимо уличной парковки, здесь возведут здание паркинга на несколько сотен автомобилей. На новом вокзале не должна повториться ситуация, которая произошла на старом вокзале. «Будут предусмотрены места для инвалидов и легальных перевозчиков такси. Мы не зря развиваем общественный транспорт, поэтому обязательно для людей будет предоставлена возможность пересадки на автобусы. Основная задача парковок в том, чтобы люди не бросали свой автомобиль на длительное время. В качестве примера возьмем введение платы на нынешней привокзальной площади», - рассказал Рустам Халилов. По его словам, раньше парковка была забита автомобилями на 80-90 процентов, в лучшем случае оставалось только 10 процентов свободных мест. Сегодня загруженность парковки составляет 60-70 процентов в часы пик. Теперь здесь свободно можно найти место для временной стоянки автомобиля. По завершении рассмотрения Программы транспортной системы ЭКСПО станут известны сроки ее реализации.      ",1
2981,"Жил в Бристоле к сожалению только один раз, пробовал и Крийон и Ритц, но Бристоль вспоминаю с любовью. Отлично работают консьержи, рум - сервис на высоте. Расположение - лучше не придумаешь. Отлично убирают номера, персонал очень приветливый. я рад, что в первую поездку жены в Париж мы остановились именно в Бристоле - это правильный выбор!",1
26749,"в контексте: [...] т страны бездельников и государственных иждивенцев (России) за 2012 год. Справочная информация. [...]  Экономика может вбухивать хоть 50% в пенсии, они от это выше не станут.Экономика подачек ущербна и обречена.  Согласна..Только ,может это  задолго ДО Путина позволили бездельничать всем?Раньше лоботрясы уголовно наказывались даже и отправлялись на принудительные работы.  это хорошо, что Вы поинтересовались вопросами бюджета. :)вот, и я вместе с Вами.вообще, не хорошо делить на  граждан  и  организиции  - физлица и юрлица, мы не видим здесь срез юрлиц по отраслям, но львиная доля налоговых поступлений это не общепринятая эксплуатация недр, а банальная торговля.",1
11402,"Ресторан очень понравился .  Обо всем по порядку .  С порога была удивлена "" приветливым "" насколько это возможно охранником : все-таки не очень приятно , когда на тебя буквально накидывается дяденька раза в два тебя больше со своим любезным "" Здрасьте "" .  Атмосфера ресторана немного противоречива : стремление создать что-то романтическое , с приглушенным светом , утопающее в зеркальных коридорах ( кстати , один из огромных плюсов ресторана : при минимуме пространства поддерживается иллюзия "" огромности "" залов ) не совсем сочетаемо со стилем и громкостью музыкального сопровождения .  Цветовая гамма ресторана достаточно агрессивна ( черый зал с красными световыми акцентами ) , однако это позволяет подчеркнуть азиатскую направленность заведения : классически японское сочетание черного с красным , не хватает только драконов по стенам ) Еду оставляю без комментариев - это надо пробовать !! Все было очень вкусно .  Особенно порадовали алкогольные коктейли .  Небольшая рекомендация : если надумаете пробовать тайское блюдо ( коих в меню совсем немного )) , то когда Вам предложат выбрать остроту блюда , не бойтесь заказывать сильную : это позволит Вам насладиться должным вкусом тайского блюда . Персонал ресторана приветливый , дружелюбный , профессиональный . Особенно запомнился сомелье . Качество обслуживания высокое , скорость обслуживания аналогичная . Удачен также дизайн уборной . Один момент : уж очень не хватало зеркала и салфеток в туалете . После выхода из ресторана хочется бродить по святыням Петербурга , дышать его влажным тягучим воздухом .. Благо , что все рядышком : вот и Исакий сверкает своим подсвеченным куполом , и ночь рисует силуэт Николая I ..  ",1
47518,"Мы очень довольны
Считаю, нам повезло с поликлиникой. Не я одна разделяю исключительно положительные и добрые отзывы о нашем участковом педиатре Зинаиде Николаевне Мельник - опытнейший доктор с огромным стажем, никогда не ""залечивает"", грамотно описывает как проблему, так и путь решения. Из других специалистов, кого мы ценим - великолепный невролог Попова Елена Николаевна (сочетание профессионализма и педагогического дара, умеет общаться прежде всего с пациентом-ребенком), любимый окулист Алма Калиулловна Молдагалиева, квалифицированный ортопед Елена Витальевна Скрипка.
Два минуса, о которых нельзя не сказать.
Первый - работа регистратуры. Дозвониться крайне сложно, а уж если идет эпидемия ОРВИ - вообще пиши пропало. Слава Богу, что мы живем близко и я работаю тоже близко, оформляю вызовы на дом письменно в очереди.
Второй - побывав у эндокринолога Астраханцевой Ольги Петровны, вышли с сильным перегибом палки по диагнозу младшему сыну, диагноз потом был опровергнут детским отделением ЭНЦ РАМН, но править ""замаранную"" школьную карту куда дольше, чем не марать ее изначально. Запугивание не по делу не прибавит пациенту здоровья, а только добавит клиентов неврологам и психологам. И потом, ну если так охота, пугайте на словах, но не на бумагах.
",1
23285,"Жалко, что не увидят много человек, но тем не менее.. Друзья, если решите посетить Стамбул, и если ваши мысли будут посвящены именно туризму, примерьте, пожалуйста ""Кафтан"", найдите Рухина, и передайте ему большой привет от нашей семьи. Человек, загадка, человек, большой харизмы и большая умница и...человек который вам даст полную поддержку. Отель - да все отлично, вы же не спать приехали, а путешествовать. Хорошего отдыха.",1
7809,"Хорошее месторасположение, рядом улица Рамбла. Большой плюс отеля, это бассейн на крыше с панорамным видом на Барселону. Завтраки не разнообразные, но вкусные. Вокруг отеля много баров и ресторанов где можно покушать и раслабиться, но советую вечером пойти на крышу в лаундж бар и попить коктейли. Крыша отеля это самый главный его плюс!",1
17197,"18.08.2012 отмечали свадьбу в этом замечательном ресторане .  Вкуснейшая еда , обслуживание на уровне , оформление зала , потрясающий торт !  Спасибо большое Нане и обслуживающему персоналу !!  ",2
23333,привет всем сотрудникам этого замечательного ресторана .  Вчера большой компанией отдыхали в ресторане . провели его здорово . спасибо большое всем вам !!!!!!!! так держать !!!!!!!!! Анатолий и компани .  ,2
112,"Будьте осторожны
Фальсификат в аптеке! Продают поддельный Энтеродез! Кому интересны подробности, пишите на почту, отвечу! Носила обратно в аптеку, меня отправили восвояси, показали сертификат, сказали, что у них все в порядке. Ездила к производителю, факт подделки мне подтвердили и сказали, что у Самсон Фарма это, оказывается не впервые. Люди пишут, что рады ценам, отсутствию очередей и проч. Опомнитесь, вы по доступной для вас цене и с улыбкой на губах фармацевта покупаете фальсификат. Для меня это катастрофа, если уж Самсон Фарма подделки продает, что говорить о мелких лавчонках! Я думаю, что раз Самсон Фарма даже никак не заинтересовались таким случаем, значит это для них в порядке вещей, значит одним лекарством они не ограничиваются. Сознательно убивают население что ли?
",2
15988,"Расположение отеля отличное. Станция метро Маркешез Музеум рядом с отелем. В другуюс торону от отеля другая станция метро SpittelMarkt. До Александрплатц пешком минут 10. Номер двухместный бизнес-класса ""Плюс"" большой, угловой, с мини-кухней (холодильник, микроволновка, электрочайник). Окна выходили на реку и улицу. 2 пива и 2 воды каждый день обновляли. По запросу дали посуду для кухни (сковорода, пару кастрюль, тарелки суповые 2 шт, большие 2 шт, десертные 2 шт. салатник большой и маленький, ложки, вилки, ножи, открывалка, половник, венчик, доска разделочная, тряпочки и жидкость для мытья посуды) и это стоит 10 евро разово.Нет кондиционера, было жарко. Открывали окна - шум с улицы (постоянный ремонт моста с 6.00 до 17.00, однажды ночью- крики и разборки пьяной немецкой молодежи, как следствие полиция с сиреной и мигалками, потом пожарные и скорая помощь, в итоге уснуть смогли часа в 3-4 утра). Через три дня после заселения горничные забрали 1 из 3 больших полотенец, а наследующий день и второе...(в номере проживал 1 взрослый и 2 маленьких детей). На ресепшене попросила вернуть полотенца не место, сказали окей и 2 дня ничего не менялось - жили втроем с 1 полотенцем. Потом поймала горничную в соседнем номере и выпросила еще 1 полотенце.",0
11665,"Платный прием мимо кассы
Пытались достать талон к эндокринологу. Бесплатно не получается. Решили пойти в платный день. Как добросовестные граждане обратились в кассу в поликлинике, цены указаны (кстати они не совпадают с реальными, т. е. реальные больше) на официальном сайте этой же поликлиники, там нам сказали идти сразу в кабинет к врачу и деньги отдать врачу. Естественно ни договора ни чека врач не предоставил.
",2
30285,"Неквалифицированный специалист
Врач-дерматолог Котвицкая Т. В. отвратительно ведет прием, начиная от грязного халата, хамского обращения и заканчивая неправильными диагнозами. При первом взгляде на руки ребенка поставила диагноз сифилис. И сказала сдать анализы. Пришлось обращаться в КВД по месту жительства, где сразу поставили кожный дерматит и выписали мазь и таблетки.
",2
11096,"Большое спасибо 2 хирургическому отделению
Здравствуйте, меня зовут Гусарова Марина,))))) я попала в эту больницу с полипом кишечника. Положили 20.07.15. Весь персонал приветливый, не хамит,)))))) всегда помогут, подскажут,))))) ну очень мне понравились.))) 21.07.15 сделали мне операцию. Оперировал Варганян Васкан Костанович и еще девушка хирург Аня, фамилию не помню, потрясающие врачи. Хотели оперировать под местным наркозом. Я трусливая, попросила общий. Так мне ни в чем не отказали. Это с условием того, что операционная уже была подготовлена для меня пришли все врачи и медсестры. Подождали, пока подействует,)))) но не ругали мол чего захотела и под местным сделаем. такого не было, пошли на встречу мне трусихи. Через часа два после операции пришли узнать как я себя чувствую,)))) а после операции я попросила обезболивающее, Вера пришла и сделала мне. Не заставила себя долго ждать,)))) утро начиналось так: 8:00 приходил врач осматривал. потом в 13-14 еще раз осматривал и делали перевязки. Раза три в день заходят мерить температуру. Кормят хорошо. я всем довольна и каши, супчики, мясное суфле, красную рыбу давали, компот, чай с молоком, кисель и многое другое,)))) спасибо большое докторам))))) ))) и всем девочкам на нашем этаже за добрые и приветливые глаза.))))))
",1
8015,"Вы правы отчасти, конечно никто не хочет сесть за взятки, но тут уже просто круг, а страдают пациенты. Я в тот момент не сообразил насчет подойти и спросить конкретно а что именно вы будете ставить? Возможно это бы сработало.
",0
18275,"Отвезите меня к Шели, прошу вас. Умоляю - к Шели, ну что вам стоит? Ироды!! Христопродавцы...  - это представление продолжалось вот уж вторую неделю...   разве не выглядит достаточно иронично то, что ШАС вдруг Ирония тут совершенно ни при чем. Это закономерно. ШАС сделают всё, чтобы остаться у (или вернуться к) кормушке. Тут, у Вас, кто-то (уже не помню, может быть и Вы сами) спорил со мной, когда я назвал ШАС НЕ-сионистской партией. Три раза  Ха! . Что, нужны еще какие-то доказательства? Эти и поселения выселят, и договр о дву-национальном государстве подпишут, и, наверное, массовое крещение примут.   ЩАСам глубоко плевать на поселения, сионизм и на все остальное... Им деньги плати и проводи какие хочешь законы. Они и за МЕРЕЦ проголосуют ..  Кроме того им сшили уже такое количество всяких законов и соглашений , что деньги они свои получат, но конечно одно дело брать, что дают и другое дело самим себе делить.....   Проведите, проведите меня к нему, я хочу видеть этого человека!   Рав Овадья будет разговаривать с женщиной? Да ты антисемит!  Ироничным, нет не выглядит.",0
44516,"Наша история
Здравствуйте, была в клинике Спасение с младшим братом, он у меня к сожалению наркоман (точнее был наркоманом, а теперь здоровый человек). Очень понравился персонал клиники - тебя прямо с порога окружают заботой и вниманием, и брат поначалу настроенный достаточно агрессивно - быстро оттаял почувствовал, что эти люди действительно хотят ему помочь. Прошли детоксикацию и после разговора с врачом, поняли, что нужно обязательно ехать на реабилитацию, через несколько месяцев я была потрясена как изменился мой братишка (никакой злости, агрессии) каким приятным человеком он снова стал. По его же словам к наркотикам его не тянет абсолютно, так, что мы избавились от этой заразы! Огромнейшее спасибо всем сотрудникам клиники ""Спасение""!
",1
50760,"Благодарность Ардеевой Ларисе Ивановне
Хочу сказать огромное спасибо Ардеевой Ларисе Ивановне, за профессионализм и позитивное общение с детьми))очень жаль, что она уходит с 1 сентября, будем скучать по ней. ( ( (
",1
6917,"мой первый приезд в Испанию и, как правильно был сделан выбор отеля! Cotton house удивляет своей элегантностью и изысканностью, очень красиво оформлены номера! Кровать, постель - это райское удовольствие, хороший выбор подушек, в номере тихо, качественный сон Вам обеспечен. Завтраки только за отдельную плату, что лично для меня является маленьким минусом, который компенсируется множеством др.преимуществ!",1
11332,"Можно регестрироваться в дюбрй момент – не только в 15:00, но и к примеру – в 9 утра, это очень удобно в случаях, когда самолёт, к примеру, прибывает рано утром, деловая встреча только днём и вместо того, чтобы гаситься по кафэ и шлындаться по городу – можно сразу идти в номер.Так же можно продлить выписку с 12:00 до 16. Единственный минус – нужно будет за это доплатить, но это сумма несущественная – 40€.",1
33330,"Регистратура плохо работает
Первый раз пришел лично записаться к одному доктору, записали, когда пришел на прием оказалось, что я записан к другому доктору. второй случай: записался заранее, пришел на прием, зарегистрировался, отправили в кабинет. сижу жду. в итоге оказалось, что доктор заболел, приема нет. никто не предупредил заранее и еще отравили под дверьми сидеть. Видимо, дожидаться когда доктор выздоровеет.
",2
26866,"Выбором отеля остались очень довольны. Прекрасное расположение, лучше не придумаешь. Прекрасная терраса на крыше, где сервируют завтраки. Приятный бонус: с 17 до 19 ч бесплатно подают чай, кофе с кексами.Отель очень чистый. Номера маленькие, но есть все необходимое. Приятный, доброжелательный персонал.",1
21219,"Абсолютно всех заставляют пройти обследование
Для получения справки в ГАИ заставляют делать энцефалограмму, услуги которой ""любезно"" предоставляет контора в соседнем здании. Причем рекламка этой конторы развешана по всему диспансеру. Почему такие правила только в Балашихинском диспансере действуют? Главврач открещивается кучей бумажек, а между тем контора уже неплохо заработала на несчастных водителях. Остается только догадываться, какое отношение имеет данная контора к руководству диспансера и почему её рекламой увешаны все стены.
",2
26358,"Был человек и не стало человека.  И овощеводство!хехе  Дочке Собянина можно зарабатыть  млн на госзаказах, а трактористу нельзя?двойный стандарты!!!Может быть у него таланты были скрытые. Дали человеку шанс, он их сразу проявилА вы сразу подозреваете в воровстве ((((  Россия - страна возможностей...  Мне одной кажется, что на фото категорически не хватает наколок?  Кстате, свидетелем на свадьбе у Валеры и Галины был некто Грызлов. Знакомая фамилия, не?  А бульдозер-погрузчик в собственности - это мечта тракторной юности :-)))  Суки. А у нас в РЖд заставляют работяг отдать двухдневный заработок в помощь хабаровскому краю  талантливый бизнесмен  Да, вломите ему пизды...Он, гад, жирует на наши деньги...пахарь хуев...Извините, за мой французский!  Как тракторист Пузиков пузо отрастил и 100500 генералов прокормил...Прям современный Салтыков-Щедрин. (  таки путин такое же животное. майора кгб (подпола получил по увольнению), рядового  топтуна , бородин с березовским сделали цезарем.  Ну молодцы, чЁ. Своих не бросают...  можно конечно выйти из трактора и пересесть в майбах.",2
54331,"Плохое отношение к пациентам
25 февраля 2015 года была на приеме у стоматолога Заводовской. Мне нужен был осмотр стоматолога для обходного листа беременной (16 недель). Врач предложила бесплатную цементную пломбу или платную световую. И так добровольно принудительно сказала мед. сестре выписать направление в кассу. Отстояла очередь в кассе и оказалось 2419 к оплате, у меня тупо не хватило 200 рублей, а выбраться в другой раз на прием мне сложно, поскольку не с кем оставить старшего ребенка. Сделала анестезию (тоже на выбор платно и бесплатно. Но тут еще по-божески 500 р.). Прихожу к врачу и почувствовала себя второсортным человеком, они прилюдно выстебали, что я не смогла заплатить, с невероятным пренебрежением врач начала свою работу. В прямом смысле затолкала пломбу пальцем, сверху помазала каким-то жгуче-кислым веществом (им всегда мажут, но не так похабно), которое попало мне и в желудок (а я беременна!) и после приема у меня на губах появилась белая сыпь и неприятное ощущение. После всего этого она даже не отшлифовала пломбу (всегда и везде так делали мне). Обычно кладут копировку и т. п. ничего этого не было, она просто сняла перчатки и отправила меня. В итоге: унижение, зуб, который нужно переделать. А дома я обнаружила пломбу между зубов! Отдирала зубочисткой! Просто ужасная работа! Не работа, а халтура!
",2
64134,"Благодарность Орлову Виктору Викторовичу
Хочу выразить большое спасибо Виктору Викторовичу за профессионально выполненное удаление. Мучилась с нижним зубом 3 дня и, когда уже припухла щека, обратилась в клинику. Доктор внимательно и обстоятельно меня выслушал, серьёзно отнёсся к моей беде, успокоил и предупредил, что будет сложно. Потом сделал заморозку и дальше было не больно. Очень быстро удалил. А на следующий день ничего не болело. Теперь буду лечиться у него.
",1
28455,"Бывают такие события в жизни , которые совершенно неповторимы , поэтому правильно выбрать ресторан , или выбрать правильный ресторан , очень и очень важно .  Этот наш отзыв про отличный ресторан "" Пресня "" , что на 1905 года .  Он Идеально подойдет для праздничных застолий на 30-50 гостей , да и просто для проведения хороших вечеров .  В наше время трудно найти более радушных , отзывчивых и внимательных людей .  Но обо всем по порядку : 1 .  Расположен недалеко от центральной станции метро , на тихой улочке , что во-первых , обеспечивает его доступность , а во-вторых , избавляет от шума тех , кто хочет покурить в тихом зеленом дворике на улице или на веранде ресторана . 2 .  Симпатичный интерьер , мы большей частью из-за него и попали в этот ресторан .  То есть , встретили по одежке . 3 .  Есть внутренняя отдельная комната , которую можно использовать под чиллаут . 4 .  Можно свой алкоголь , торт , музыку , ведущих , цветы и украшения .  При этом никаких поборов , при этом украшения в зале снимать не обязательно , все можно завести заранее .  Можно даже использовать висящие в зале плазмы для показа чего-нибудь личного . в любом вопросе пойдут на встречу , потому что здесь понимают - это ваш день и ваш праздник ! 4 .  Довольно большой зал позволяет легко разместить порядка 40-50 гостей , пульт диджея и еще останется площадка для танцев . 5 .  Действительно вкусная еда и отличные официанты .  Подкладывают , подливают , приносят , уносят .  Все на хорошем уровне .  Встретить такое можно только в очень дорогом ресторане . 6 .  Цены на любой карман .  Можно сказать уверенно , что цены и меню вас порадуют .  Менеджеры очень внимательны .  Сразу видно , что Гость для них на первом месте в списке приоритетов . 7 .  Ну и наконец - просто вкусно и приятно !  Все свежее , все чистое , все хорошо приготовлено .  Мы провели незабываемый вечер , совершенно не беспокоясь о том , хватит ли еды ( хватило и осталось ) , все ли сыты ( все сыты и вмеру пьяны ) , все ли во время подадут ( с этим полный порядок ) , сколько в результате будет чек ( сумма нас приятно удивила ) .  Без колебаний , откровенно и честно , ставим ресторану "" Пресня "" самый высший балл и еще раз благодарим за отлично проведенное торжество .  Браво , продолжайте в том же духе и ваши Гости вас никогда не забудут .  ",2
8578,"... были на открытии - видимо тогда же , когда и ГлавныйКритик и Леля ! ))) Были шумной компанией , все мужчины заказали разные стейки - они супер ... было оч весело и шумно ... музыка играла отрывная - что - то типа Шатунов ! ))) но было все равно здорово ! с алкоголем , конечно , ребята не подсуетились - жаль ! так как после пива нам захотелось виски , а дамам шампанского , пришлось , с разрешения официантов , позвонить другу и заказать все с собой ! в общем все были пьяные и довольные - особенно я - выиграл пивную кружку из кот , мы нарушая все традиции потом пили шампанское ) отдельное спасибо официанту похожему на Расела Кроу ;-))))) придем еще не раз ! 2 Ольга : банкомат есть на против Тенькоффа в Буржуа ;-)  ",1
20362,Очень хороший отель. Отличное местоположение. Рядом станция метро. Таксим в в пятнадцати минутах ходьбы. Старый элитный район Стамбула. Много достопримечательностей. В отеле хорошая кухня. На последнем этаже спортзал и хамам.,1
8133,"Все крайне субъективно, батенька))И что за шовинизм, как мальчикам - так можно все и сразу, а как девочкам - выбирайте одно из двух.  Секс имеет важное значение.Но лично для меня всегда на первом месте были отношения. А к ним и секс.  хороший пост ..секс нужен больше тому, у кого выше темперамент.секс нужен больше женщине, она без него вянет, чахнет, становится мегерой/невротичкой.женщине получить случайный секс легко, но многие дамы массу барьеров выстраивают в силу разных причин.большинству или многим дамам предпочтительнее секс по любви, по симпатии и они его не отделяют от отношений, как это делают многие, но далеко не все мужчины  Секс одинаково важен и для мужчины и для женщины. Скорее зависит не от пола, а от человека.",1
4244,"Останавливались в отеле ""Старый Невский"" в июле 2013 года. Никаких нареканий у нас нет. Приехали мы московским поездом в 6 утра. С чемоданами по Питеру таскаться не хотелось, пришли в отель. Молодой человек на ресепшене (если не ошибаюсь Саша) встретил нас очень приветливо, разрешил нам оставить вещи, сам их отнес в камеру хранения.Наш номер утром был занят, поэтому заселились мы в 12 часов, как и положено. Номер был очень чистый, уютный. Кровати абсолютно не продавлены, мягкие. спалось мне, как дома. В ванной комнате тоже все работало. Лифт всегда был исправен.Про персонал вообще отдельная история- отзывчивые, очень культурные люди. По любому вопросу- мгновенная помощь. спросила- как доехать до Мариинского театра - тут же нашли в интернете оптимально быстрый путь, номера автобусов, маршруток. Нужно было мне распечатать документ, причем немаленький по размеру - распечатали, про деньги ни слова. Получили огромное удовольствие. Если еще раз поедем в Питер, то только в Старый Невский.",1
10964,"2350. На русский 11356 идут серийные, отработанные изделия, за исключением ЗРК с ВПУ, который еще как комплекс не готов.Модернизацию (небольшую) 11356Р в будущем никто не отменяет.ЗЫЖ. Почитал вашу дискуссию ниже -  ПЛО, ПВО не то , и т.п. -- вы что-то очень многого хотите от этого морально, и во многом технически устаревшего проекта. И потом 11356 изначально экспортный проект, т.е. с традиционно заниженными возможностями (индусам он первоначально в еще более убогом виде предлагался, например).11356Р строятся от безысходности -- нужны новые корабли. Вообще могли бы давно их забабахать, умные люди нашему главкомату ВМФ предлагали еще в конце 90-х строить их, 11356-ые (параллельно с индусами) дык тогда погнались за  мощнее, дальше, вышеЕ и глыбже  (12441, потом 22350) - вот и результат, 15 лет прошло и ... только один 11540-й достроили.  Понятно, что геморройный",1
43061,"Хорошие специалисты
Никогда бы не поверила, что придется столкнуться с подобной клиникой. Но мой племянник чуть с катушек не слетел из-за несчастной любви. Начал очень сильно выпивать, при чем начинал с самого утра, не успевая просыхать со вчерашнего ( ( ( А потом и недельные запои начались, а ведь мальчик совсем молодой. Невестке кто-то подсказал за клинику Воробьёва, она сразу и записала сына на прием. После осмотра было решено оформлять стационар, пришлось парня кодировать. Сейчас уже все хорошо, племяш вернулся к обычному ритму жизни и уже даже встречается с другой девочкой) Так что, благодарю весь персонал этой клиники за их человечное отношение и проделанный труд!
",1
6679,Была здесь на юбилее коллеги .  Очень понравилось .  Внимательный и доброжелательный обслуживающий персонал .  Интерьер - идальное сочетание уюта и торжественности .  Накормили вкусно - пальчики оближешь .  Великолепное соотношение цены и качества .  Решили с мужем отмечать здесь серебряную свадьбу .  ,1
40742,"Хорошая гостиница в хорошем месте. Тихий спокойный район, можно погулять в саду. Есть где поставить на стоянку автомобиль. Останавливаемся уже второй раз. При поездках в Москву так же выберем эту гостиницу. Спасибо обслуживающему персоналу.",1
3300,"Зачем обманываете, у всех фильмов, которыми я интересовался, бюджет раскрыт. Может приведете хоть пару примеров фильмов с прокатом, но не раскрывших бюджет?
",0
41342,"Грыжа пояснично-крестцового отдела
Центр Валентина Дикуля, Миклухо-Маклая, 44, «А». Внесу свои «пять копеек» в копилку здешних отзывов и рассуждений. Во-первых, для меня дорого. Не могу сказать, что в других дикулевских клиниках дешевле, но когда говорят: вам нужно и это, и то, и таблетки и физио, а потом еще иголки, массаж… набегает приличная сумма.
Во-вторых, не дают никаких гарантий. Я два месяца отходил в МРЦ «Беляево» на лечение грыжи пояснично-крестцового отдела. На это время стало немного лучше. Но когда напрямую спросил Марину Валерьевну (Хоркину), сколько продержится эффект от лечения, и сколько вообще нужно к вам ходить, ответ был таким: все зависит от того, как будет вести себя грыжа. А как она будет вести? Я затем и пришел лечиться, чтобы не идти на операцию. Но получается, что сколько бы курсов не отзанимался, перспектива лечь на стол в любом случае остается.
В-третьих, хотя и старался выбирать время, когда меньше людей приходит, все равно где-нибудь да приходилось подождать. Пусть не создастся впечатление, что я тут брюзжу по-стариковски (мне 49 лет), но уж очень хочется, чтобы было так: если платишь деньги, то пусть мед. учреждение работает, как часы.
",1
19044,"Благодарность сотрудникам гинекологического отделения
У меня была экстирпация матки с придатками (находилась в отделении с 18.12 по 25.12.13 г. в палате № 437) бесплатно. Операция была плановая.
Мой лечащий врач Азиев Олег Владимирович. Хочу выразить моему замечательному доктору огромную благодарность и признательность за его труд, а также всему коллективу отделения. Я понимаю, что такая операция это коллективный труд целой команды врачей и медсестер. Хочу поздравить весь коллектив отделения с наступающим Новым 2014 годом и пожелать Олегу Владимировичу и его коллегам Стражникову Илье Андреевичу, Саркисовой Анне Петровне, Кабаидзе Николаю Михайловичу, Болдиной Елене Борисовне, всем анестезиологам (к сожалению, не знаю их имен), медицинским сестричкам - здоровья, терпения, исполнения всех желаний, счастья и конечно, любви!
",1
22242,"Прикреплена давно
Прикреплена давно и с каждым годом там все хуже и хуже, мало того, что приходится каждый год прикрепляться, время уходит, ну да ладно не в этом суть. За 7 лет врачей постоянных нет, все время меняются, по крайней мере на моем участке. Врачам некогда лечить, постоянно пить чай ходят, завтракать, обедать, ужинать, покурить, люди сидят в очередях (я однажды беременная сидела 5 часов в очереди, я была в шоке). Не могу понять, почему такая текучка кадров. Врач должен быть один постоянный. У меня такое ощущение, что они меняются каждый месяц. Сейчас врач - такую хамку и человека не любящего свою работу я еще не видела, ей видите ли мало платят. Ну я бы лично ей вообще не платила, знаний у нее на две копейки.
",2
27175,очень удобное место расположение....в районе лалели...все разговаривают на русском языке...много магазинчиков рядом....не далеко от достопримечательностей...недавно там сделали ремонт...обновленная мебель...завтрак входит в цену...приветливый персонал....в номерах чисто,1
3779,"Часто попадал раньше на просрочку. Сейчас вроде-бы поосторожнее стал - даты смотрю обязательно.   Несколько раз попадались такие продукты. Всегда сдаём обратно.  Пользователь  сослался на вашу запись в записи  В идеале покупаем в магазинах только хлеб.  в контексте: [...] Оригинал взят у  в В идеале покупаем в магазинах только хлеб. [...]  Только написала у себя по сметану с плесенью, прихожу и вижу тут про неё, вот они совпадения. хотя какие совпадения... продукты такие в магазинах...Сегодня подруга купила в Мск 4 граната, два из них внутри оказались гнилыми, она сдала - не поленилась, вернули деньги.  Это точно-лень идти, но конечно с этим надо что то делать!))) Я считаю надо поднять сильно штрафы и тогда подумают!  А ты какой запечатанный покупаешь, скажи мне? Они все просто крышкой закрыты и всё.  Их не запечатывают.",0
60668,"Зуб спас
Была у Павла Игоревича на консультации в Дентавита на Новокузнецкой! Осталась очень довольна! Все подробно объяснил, спас мой зуб. Хочу выразить Вам большое спасибо! Побольше таких врачей!
",1
58928,"Врачи меня бросили рожать одну
Плюсы этого роддома:
1) послеродовые палаты новые, после ремонта;
2) ребенку были сделаны все нужные прививки, оформлены документы;
3) ни меня ни ребенка ничем не заразили.
Минусы роддома (может лично мне так не повезло):
1) врачи, которые должны были следить за моими родами просто бросили меня рожать одну! Сказали, что ушли за лекарствами и 25 минут никого рядом со мной не было. Когда ребенок стал выходить на свет Божий, я звала, чтобы ко мне пришли, но никто ко мне так и не пришел (. Врачи появились только когда уже ребенок лежал рядом со мной. Это хорошо, что ни со мной, ни с ребенком ничего не случилось, а вот представьте: если что-то плохое случится во время родов - останется Вам только лежать там и помирать ( (. Но конечно в карте ребенка написано, что врачи при родах использовали обезболивающее - их ложь просто смешна! Участие врачей при моих родах ограничилось тем, что они: нажали мне на живот, чтобы вышло детское место, посмотрели все ли со мной в порядке после родов, произвели уход за новорожденным. Что ж - и на том спасибо.
2)когда я пришла рожать, не смотря на то, что у меня схватки, меня заставили застелить самой себе кушетку;
3)грубый, раздраженный и даже злой персонал (это, что касается отслуживающего персонала, не касается врачей);
4) послеродовых палат не хватает на всех рожениц. Я и другие женщины после родов лежали на кушетках к каком-то закутке;
5) когда я только зашла в этот роддом и заполняла документы, от стены отвалился металлическая панель (довольно тяжелая) и упала мне на руку (хорошо, что еще не по голове или животу) - видимо хороший ремонт у них не везде.
Итог - к моим рода врачи этого роддома отнеслись крайне безответственно. Да и вообще весь персонал не соблюдает правила и не выполняет свои обязанности должным образом. Персонал начинает шевелиться только когда приходит заведующая. Атмосфера там неприятная, персонал грубый.
Я ни за что НИКОГДА больше не пойду рожать в этот роддом!
",2
20073,"Плюсы: Место расположения отличное: недалеко трамвай и основные достопримечательности, а также минимаркеты, сувениры и милые кафешки. Завтрак - шведский стол. Чай, кофе, соки - доступны в течении дня. Очень милый, гостепреимный персонал, знают свою работу.Минусы:Терасса - нужно привести в порядок, облагородить. Мне кажется ей недостаточно уделено внимания.",0
13138,"По моему мнению , ресторан располагает и к бизнес встрече , и к дружескому общению и к романтическому свиданию .  Приглушенный свет , темные интерьеры , световые акценты создают уютную , камерную атмосферу .  Обслуживание под стать заведению .  Ненавязчивый , внимательный персонал .  Эстетика подачи и качества блюд - хорошая десятка .  Не кривя душой .  Вернусь .  Обязательно .  Не раз .  К употреблению обязательны : паэлья на двоих мясо ягненка с чесноком крема каталана  ",1
4650,"Найти картинку не смог, дома скрин сделаю в фильме, очень похожая машина просто
",0
69662,"Хорошая клиника и специалисты
На мрт шейного отдела позвоночника записалась в филиал Сфера-СМ. Процедура не долгая и безболезненная, персонал вежливый, все прошло просто отлично. Оборудование современное, мне даже дали пульт на случай, если что-то пойдет не так, но я даже, не воспользовалась им. Процедура прошла хорошо, снимки на руки выдали через несколько минут, с подробным описанием. Доктор рентгенолог даже дал несколько рекомендаций по моим заключениям. Хорошая клиника, отличные специалисты. Рада, что обратилась за помощью именно к ним.
",1
21903,"Проживали в этом отеле 3 дня. Могу сказать что всё было супер. Чек ин занял всего 5 минут и несмотря на то что мы приехали рано заселили нас пораньше. Грамотно обяснили на русском языке о расписании спа, ресторана и достопримечательностей в округе. После анталии где мы сейчас отдыхаем собираемся остановится в яшмаке еще на 2 дня. Яшмак стал нашим вторым домом в стамбуле.",1
36809,Приличная гостиница в центре города. Хорошо подходит для остановок в деловых поездках. Качественный завтрак гарантирован. Также и ужин в ресторане находится на уровне. В остальном чисто и уютно. В качестве бонуса можно наблюдать регулярные скачки на ипподроме).,0
69539,"Благодарность травматологу
30.05.2015 года меня привезли на скорой помощи в травмпункт. Благодарю врача травматолога. (не помню как зовут). Выражаю огромную благодарность за проделанную работу! Все было быстро, качественно и профессионально! Так держать! А вот мед. сестра старушка там сидит хамло и ей нельзя с людьми работать!
",1
6681,"з пятерых бунтавщиков обратно взял троих. Новый год пережили. Штат пополнили. Чуть позже когда нашел кем заменить  слабое звено  избавился и от них.   А вообще всё это невозможно по-настоящему понять, не будучи предпринимателем. Или хотя бы руководителем.А ну ОК :)))))  А мне вот любопытно стало, а как оценить мотивацию при приеме на работу (не ту которую соискатель декларирует, а фактическую движущую силу) и какой толк от знания интересов? Тем более если говорить о перспективе.Это не коим образом не расшифрует его  забег  по работодателям. Потому что соискаль то же не дибил, если идет на топовую позицию и весь набор интересов и рассказов о личной мотивации будет отличным оправданием почему нигде дольше 3-6 месяцев он не задержался",1
13839,"Это верно. Он оставил после себя заметный след в мировой истории.  да чо она тамвыдолась то  незнаюа с ним хренштоли  Что ж так об усопших-то? Это ж не Бокасса.  А была ли она в нашей стране?  новерно нети нахрен ненадо  th          ank   s                     for           no  thi             ng  да уже видемо перегрзылись  Да, по этой части к нему действительно много вопросов. И многие так и останутся без ответов.  просто нестрона ажэсть кокая то  Беда.  Тоже Кононенко читаете? )))   охиреть  Я не могу в это поверить.  педзец просто  С де Клерк шикарно просто! За что боролись...Зато премию отхватил нобелевскую.",0
23658,"Хороший отель. Второй раз в Стамбуле все очень понравилось. Отличное местоположение отеля, меньше минуты до Цистерны, рядом остановка трамвая Султанахмет. Все основные достопримечательности в шаговой доступности 5-10мин. Убирались каждый день. Дружелюбный и отзывчивый персонал, говорят на английском. Сытный завтрак и вкусное кофе. Спасибо! Вернемся в Стамбул-остановимся здесь.",1
36584,"Удобное для моей поездки расположение, тихая улочка, спокойная атмосфера. минут 20 пешком до ближайшей станции метро. Столько же до Красной площади. Чисто, уютно, цены московские))) Случайно зхлопнул дверь номера, забыв внутри ключ.Решилось в течение пяти минут выпуском нового ключа-- быстро и просто.",0
46867,"Первый раз были в Таиланде. Отель выбрали почти самый дешевый из предложенного списка, и не прогадали. Номера чистые персонал приветливый, хороший завтрак. Все близко и кафешки и ночной рынок в храме и пляж.",1
17276,очень удобное расположение в самом центре города (рядом с портом и рынком). запомнилась очень функциональная кухня (бесплатный чай/кофе) и вежливый персонал. хостел отлично подходит для ночевки в центре за относительно небольшие деньги (по финским меркам),1
14599,"......  Если рынки существуют и туда ходят люди, зачем же сносить.   Семь раз отмерь...  Все сносят, вместо того, что бы навести порядок. Конечно проще запретить :(Интересно, что закрывая рынки, автоматически вводят монополизм в районе города.Это приводит только к повышению цен и отсутствию нужного товара.Чисто совковый принцип:  ВСЕ ЗАПРЕТИТЬ!   Юрий.. был в Германии. Мюнхен.. Виктуалмаркт - замечательнейшее место.. высокая культура продавцов.. да и по всему Мюнхену куча мест, где торгуют действительно качественными овощами и фруктами.. В Дрездене то же самое.. и это не хрустящая  клубника  из пятерочки или же их Альди, это дейсчтительно вкусная и ароматная клубника и естесственно, она несколько дороже, чем в сетевых магазинах. все надо регулировать и пытаться жить по закону, а не по понятиям.. тогда и порядок будет)) ворую Вашу фразу Юрий..  Попробуй творожку вкусного развесного в магазине найти. Да и цена на овощи фрукты на рынке самая рыночная, то есть продукт стоит столько за сколько его можно продать, поставишь выше и клиент уйдет к конкуренту а продукт испортится.  Всяким Ашанам и Метро на это плевать, они фурами вывозят просроченные продукты на помойку.",1
4525,"Машинка очень даже неплохая, учитывая свою цену. Катаем ее уже три года, т.к. покупали новую в 2012 году. Нам с мужем очень нравиться. Но, есть нюансы.В первых полгода полетел бачек омывателя лобового стекла. И пробовал что-то муж клеить, а толку. И в сервис ездил, но сказали бачек отдельно покупать и кто-знает когда его привезут (такой сервиз походу). Так как муж у меня мягкий, плюнул он на это и ездит так (немного подремонтировав конечно). Также были проблемы с тормозными колодками, но думаю это больше проблема дорог (уж очень много ям) и мы очень много ездим. А так весьма неплохой вариант машинки.  ",0
31718,"Большой номер на последнем этаже под крышей, очень уютно. Огромная кровать с мягким матрасом. В номере были абсолютно все необходимые принадлежности: халаты, одноразовые зубные щетки, бритва. В качестве комплимента на 8 марта в номере были вино и фрукты. Очень вкусные и разнообразные завтраки.НО есть большой минус: джакузи в номере была грязная! Наполнив джакузи, увидели грязь и чужие волосы!",0
64962,"Очень довольна
Очень доброжелательные сотрудники, профессиональные специалисты. Была на Ворошилова. Девушка, которая пришла на прием к хирургу, на удаление с очень сложным зубом, после приема смеялась. Это был не нервный смех, а смех радости. Она пообещала ходить лечить зубы только в эту стоматологическую клиннику.
",1
752,"о есть, данная ответственность может распространяться только на тех лиц, которые производят регистрацию на основании поданных сведений и документов.Собственники жилья (равно как и другие проживающие лица) не обладают полномочиями ставить на регистрационный учет (регистрировать) кого-бы то ни было. Соответственно на них, действие ст. 322 УК РФ (в случае принятия закона в нынешней редакции) распространяться не может.На кого же будет распространяться эта ответственность?Закон  О праве граждан российской федерации на свободу передвижения, выбор места пребывания и жительства в пределах Российской Федерации  содержит ответ на этот вопрос: Статья 4. Органы регистрационного учета граждан Российской Федерации по месту пребывания и по месту жительства в пределах Российской ФедерацииВ городах, поселках, сельских населенных пунктах, закрытых военных городках, а также в населенных пунктах, расположенных в пограничной полосе или закрытых административно-территориальных образованиях, в которых имеются территориальные органы федерального органа исполнительной власти, уполномоченного на осуществление функций по контролю и надзору в сфере миграции, органами регистрационного учета граждан Российской Федерации по месту пребывания и по месту жительства в пределах Российской Федерации являются территориальные органы федерального органа исполнительной власти, уполномоченного на осуществление функций по контролю и надзору в сфере миграции, в остальных населенных пунктах - местная администрация.Таким образом, ответственность по ст. 322 УК РФ предусматривается исключительно для чиновников, осуществляющих регистрацию, а никак не для собственников жилища (и не для других проживающих лиц).  Если Вы принесете чужой паспорт с переклеенной фото - да",1
22243,"Это невероятно-душевное место от куда ну просто не хочется уходить , да к тому же демократические цены , вкусная кухня , и вообще атмосфера невероятно приятная .  Мне очень понравилось !  ",2
3148,"Франция?  Румыния?   Голландия?  Италия или франция  Италия?  Германия?)  А я думаю юга какие-нибудь (италия, испания?)  Латинская Америка? :)  Италия?  германия?  Немец что ли?))  Италия-Испания?  эммммя вполне могла такое сказать, будучи из Украины в девичьем кругу)но это явно не Финляндия и не Швеция, они тут слово секс все боятся произнести вслух)  Не мучай читателей, раскрывай карты!Правда я не понял, ты это насчет страны мучившего или измученной женщины?  Португалия (ее из европейских вроде еще не назвали...)  Ставлю на Испанию!  Италия? :)  Турок?   Что здесь все Франция, германиа итд...а я ставлю на Латвию!   Греция?  немка!  Беларусь!  Германия  Великобритания  Я вот тоже за Голландию, они обычно режут правду-матку не стесняясь :)  +1   девочки из Европейских стран  были.  )  Эт ващет, очень важный факт!   Пропустила! Никакого attention to details , ну и у кого что болит :)))))))))))))))   А пардон, европейские страны.... ну пусть будет франция что ли.   Они из одной страны... Я про открытость  )  Ватикан?  ааа ну тогдааа Голландия ... или Германия.",1
6444,"Казахстан в этом году планирует вступить в Комитет по инвестициям ОЭСР   Казахстан планирует уже в этом году вступить в Комитет по инвестициям Организации экономического сотрудничества и развития (ОЭСР). Об этом сегодня заявил министр национальной экономики РК Тимур Сулейменов, передает корреспондент МИА «Казинформ». «Мы активно работаем с этой организацией. Мы вступили в один из комитетов ОЭСР - это Комитет по конкуренции. В этом году планируем вступить в Комитет по инвестициям. Будем присоединяться к определённым правовым инструментам, то есть документам ОЭСР. Это достаточно хорошая, последовательная и институциональная системная работа по улучшению инвестиционного климата. И она тоже будет продолжена», - сказал Сулейменов в ходе пресс-конференции в Астане после заседания Правительства. Также глава МНЭ РК озвучил основные направления ежегодного Послания Президента народу Казахстана. Он напомнил, что в стратегическом документе «прозвучала чёткая установка на приведение нашего законодательства к стандартам Организации экономического сотрудничества и развития (ОЭСР)». Ранее сообщалось, что в Казахстане будет создана нацкомпания, которая будет заниматься привлечением инвестиций.     ",1
40848,"Прекрасно отбеливают зубы
Отбеливала зубы у Эдгулова Анзора Залимовича в Добромеде на ул. Яблочкова, 12. Результат превзошел все мои ожидания, уже неделю получаю комплименты! Рекомендую всем этого доктора!
",1
54630,"Спасибо за помощь
Огромное спасибо за помощь Врачам! А точнее Галкиной Светлане Владимировне и Мезирову Янису Одисеевичу. Я тронут их вниманием, заботой и бескорыстии! Такой поход к пациенту и внимание я давно не получал! Огромное Вам спасибо.
",1
20585,"Мы ездили вдвоем с маленьким ребенком и отель произвел очень хорошее впечатление: номер небольшой, но для Стамбула это обычное дело. Удобные кровати, ванная (что для нас было очень важно,потому что ребенок боится душа), убирают каждый день, ставят большую бутылку воды, чай в пакетиках. Есть чайник и небольшой холодильник. Завтрак хороший, с большим выбором- свежая выпечка, омлет или яичница -делают при тебе, свежие фрукты и овощи, сыр, колбаса,ветчина, мюсли, джемы, мед. Дочке очень нравилось еще смотреть на море - просыпаешься и сразу видишь такую красоту из окна! Персонал вежливый, если бронировать с сайта отеля - бесплатный трансфер до аэропорта. Кондиционер в номере. До исторического центра (Голубая Мечеть, Святая София) - минут 5-10 пешком, напротив отеля остановка автобуса, на котором можно за 10мин доехать до порта Эминоню-а оттуда уже до любых других частей города (Таксима, монастыря Хоры). Пешком вдоль набережной-15мин до рыбного базара.Ели несколько раз в ресторане отеля - очень вкусно! Конечно, в городе можно найти и дешевле (но необязательно вкусно - мы много раз ели совершенно невкусную еду, платя больше, чем в ресторане отеля!) Остановимся здесь обязательно в следующий раз!",1
7198,"Честное слово, это хорошо. По суду крановщик 500 будет возмещать часть ущерба.
",0
19587,"21 июля в этом замечательном ресторане отмечали венчание моей дочери ( в соседнем зале было подобное мероприятие ) .  Мы работали с администратором Сергеем .  К выбору ресторана подходили очень тщательно .  Когда я первый раз появилась в этом ресторане он мне понравился сразу .  Наш банкет проходил в голубом зале и Венское кафе тоже было в нашем распоряжении .  Не смотря на роскошные интерьеры все наши гости чувствовали себя как дома , настолько там уютно и комфортно , просто замечательная атмосфера .  К Сергею я прониклась доверием с первых же минут общения и до окончания праздничного вечера .  Я не знаю , как выразить словами свою благодарность этому человеку !  Находясь в ресторане я ни о чем не думала - я отдыхала !  И это благодаря Сергею : он все контролировал , подсказывал , предупреждал , советовал .  Отдельное спасибо официантам !  Нас обслуживали Сергей и Влад .  Очень предупредительные и внимательные .  Я не знаю , что еще написать , есть много отзывов , где написано и про вкуснейшие блюда , и про торт , и про помощь в выборе вина и составлении меню .  Напишу наверное главное : ПОНРАВИЛОСЬ ВСЕ !  Вечер прошел просто замечательно !  Молодым очень понравилось !  Я рада , что выбрали мы именно этот ресторан .  Еще раз хочу и от себя и от моих детей сказать огромное спасибо всем сотрудникам ресторана Бельэтаж за проведение нашего банкета !  И еще хочется выразить огромную благодарность хозяйке этого ресторана за то , что она с такой любовью и с таким вкусом устроила этот ресторан !  С большим уважением и благодарностью Марина Буглаева  ",2
7584,"Отель находится прямо возле парка и в 400 метрах от Триумфальной Арки. Возле отеля остановка автобуса H16, 39 и 51. Метро возле триумфальной арки. Рядом есть остановка City Bus Tour. Номера малюсенькие, но чистые. Холодильника, телефона, фена нет. Есть ТВ и хороший WIFI. Окна выходили во внутренний ""двор"" площадью 4 кв.м. Но в этом есть и плюсы, солнце не тревожит если надо отоспаться. Внизу есть ресторан, весьма популярный у местных жителей. Секрет популярности остался для меня загадкой. Персонал доброжелательный и вежливый. Без проблем оставили чемодан в камере хранения, для позднего вылета. В целом неплохо, за эти деньги. ",0
2362,"Первая и единственная машина такого класса в моей жизни поэтому сравнивать могу только с машинами других классов. Но хочу сказать что она лучшая. Просторный тихий!!!!!!! Салон. На заднем диване спокойно помещалось 4 не толстых девушки, пи этом никакого диском форта во время поездки. На дальнее расстояние это вообще песня. Никакой усталости как спереди так и сзади. Отличный дизайн, всякие удобные мелочи. Один недостаток низко вата она для наших раз долбанных дорог. ",1
29187,"Отмечала день рождение в ресторане "" Империя Востока "" 21 декабря 2011г .  Все очень понравилось , отличный сервис ( особая благодарность администратору Асе и официантке Оксане ) , уютная обстановка , хорошая музыка .  Гости были в восторге от возможности разнообразно провести отдых .  Ресторан , караоке и бильярд .  Все просто СУПЕР .  ",2
15749,"Посещаем заведение с его открытия всей семьёй .  Считали отличным местом по критерию цена-качество .  Рекомендовали своим знакомым .  Приводили своих гостей ( официальных и личных ) .  Бывали , конечно , моменты невнимания со стороны официантов , но это было очень редко .  Поэтому закрывали на это глаза , понимая , что от личностных качеств официанта тоже многое зависит .  Обслуживали всегда быстро .  Что радовало .  От заказа до блюда на столе проходило не больше 20 минут .  К концу потребления 1-го блюда , на столе уже стояло второе .  Официанты ( обычно юноши ) подходили часто , каждый раз желая приятного аппетита и хорошего отдыха .  Вообщем все было прекрасно до сегодняшнего посещения !  В очередной раз решили поужинать всей семьей в уже полюбившемся месте .  Когда пришли в ресторан , в зале для некурящих был занят один столик .  Сделали заказ .  Девушка вежливо его приняла .  Немного посидев , почувствовали едкий запах дыма .  На вопрос девушке : "" Что - то у вас сегодня сильно дымом тянет в зале для некурящих . Может быть вентиляция не включена ? "" Девушка ответила : "" Может быть "" И ушла .  Так мы и остались нюхать дым в некурящем зале .  Минут через 25 мы начали волноваться .  Т. к. за это время к нам ни разу не подошли и заказ наш не несли .  Напомнили официантке о своем заказе .  Вероятно она просто о нас забыла , т. к. суп , который она принесла был уже остывший , а не горячий , как обычно .  Причем из трех порций принесли только две .  Третью пришлось ждать еще несколько минут .  Дети обрадовались - любимый суп .  Но на этом радость и закончилась .  Второе блюдо пришлось ждать еще около получаса .  Т. е. в сумме по времени от заказа до получения его прошло 50 минут !  На вопрос , почему сегодня так долго обслуживают .  Официатка ответила , что много посетителей .  Да , их стало много .  Но когда мы пришли , в зале был занят только один столик !!! И наш заказ был первым !!! Т. е. после того , как мы поели суп , нужно было сидеть и ждать пол-часа второго блюда .  Напомню , что мы все-таки пришли поужинать !  Далее еще веселее .  Девушка-официан нас продолжала игнорировать . чтобы чем-то себя занять и заглушить нарастающий голод молодых растущих организмов сыновей , мы попросили долить кипятка в чайник .  На это нам ответили , что чайник не вскипел и надо тоже ждать !!! Т. к. официант к нам не подходила пришлось её звать через весь зал и просить , чтобы ускорили наше обслуживание .  Вдруг , как в сказке , выбежала откуда-то женщина и стала предлагать нам отказаться от заказанных блюд , если мы недовольны .  На что было сказано , что мы сюда пришли с намерением поесть и уже ждем 50 мин. своего заказа .  Женщила ответила , что она не причем и во всем виноват повар и что она может его пригласить .  Мы согласились поговорить с поваром , но она , естественно , никого звать не стала .  Ушла .  Наконец-то нам принесли 3 из четырех заказанных блюд .  Мы все едим , а наш папа продолжает глотать слюнки ( кипятка нам в чайник так и не долили ) .  На просьбу принести все-таки оставшееся заказанное блюдо , опять прибежала странная женщина и , о , боже !  Стала просто кричать на нас !!! Мы сидели просто в шоке !!! Мало того , что она не представилась , она хамила и кричала на нас , постоянных клиентов !  Кроме того , за столом сидели мои дети , которые потом долго отходили от увиденного и услышанного !!! На вопрос , на каком основании вы повышаете голос и просьбу представиться , женщина стала кричать , что она директор .  Я еще раз попросила назвать её фамилию , но она только продолжала махать руками и кричать , что она директор .  К слову сказать , ни один из сотрудников ресторана не имеет бейджиков с ФИО .  Семейный ужин был испорчен .  Настроение тоже .  И уже больше от того , что столкнулись с хамством в любимом ресторане .  Очень хочется задать вопрос администрации ресторана : "" За чтоже вы так не любите своих посетителей ? Они же вам денежки платят ! Неужели так трудно быть внимательными , отзывчивыми . И не только потому , что это ваша работа , а мы вам несем свои деньги , за которые хочется пусть не получить качественное обслуживание , но , хотябы , чтобы тебе не портили настроение ! А просто потому , что есть такие понятия , как доброта , внимание , уважение . Или вы забыли об этом ? "" Дети не смогли больше сидеть и ушли .  Мы остались дожидаться своего салата , который был принесен после того , как все уже было съедено .  Настроение было ужасное !  Но самое ужасное , что администрация , даже не принесла своих извинений и не попыталась как-то сгладить возникшую ситуацию .  Т. е. нам просто сразу предложили : "" Не нравится - идите вон ! "" Опасаюсь теперь кому-либо рекомендовать данный ресторан .  Вдруг нарвутся на кричащую тетеньку - "" директора "" .  Дети всегда рвались в этот ресторан , также рекомендовали его друзьям , а теперь слышать про него не хотят .  Ужасный осадок !!! Вот так за одно мгновение можно перечеркнуть многолетние положительные впечатления к заведению !  ",0
22502,"Ерунда с больничными
Всем доброго дня! Сегодня очередной раз вышла из ЖК в ужасном настроении! Я стою на учете у Гусейновой. Не могу ничего сказать плохого о данном враче, но и ничего хорошего говорить тоже не буду, т. к. сказать нечего. У меня срок 24 недели. Последние две недели мучаюсь отеками ног, ломит спину, после работы немного потягивает живот. С работы иду как с каторги. Пожаловалась врачу. Она дает направление на госпитализацию и говорит полежите в больнице, отдохните. С тем же успехом я могу полежать и дома. Кто лежал в красногорской больнице знают, какие там условия для просто полежать! Почему бы ей не выписать больничный? Может я не понимаю чего-то? Естественно я написала отказ, мучиться лежать там себе дороже, но и ребеночка жалко.
",2
35866,"Была в отеле в апреле. Очень понравился отель. Просторные, уютные номера с чайно-кофейной станцией. Большие кровати с великолепными ортопедическими матрасами и 5! подушками! Питание было не только на завтраки, поэтому мастерством шеф-поваров насладились понастоящему! 5+ все очень вкусно, продукты свежайшие и очень разнообразное меню. А кондитер просто превзошел все ожидания! Таких десертов в отелях никогда не пробовала. Рекомендую отель. Спасибо, все очень понравилось!",1
69622,"О неудовлетворительном обслуживании травмобольных
В 9 ч. 45 м. привез жену с травмой ноги. Попали к врачу только (примерно) в 11 ч. 45 мин. при этом был незаслуженно оскорблен молодым хирургом-травматологом, который проводил первичный прием.
На мой вопрос: ""Почему принимаете женщину без очереди"" поступил ""хамский"" ответ: ""Закрой рот"", причем несколько раз. Пытался найти заведующего отделением, не оказалось на месте, книгу жалоб и предложений не предоставили. После общения с хирургом-травматологом, на халате которого не было бейджа, а на двери не было Фамилии врача, смог пообщаться только с сотрудником охраны. После этого сложилось впечатление, что он молодец, является старшим во всей поликлинике. На мой взгляд надо навести порядок в отделении, а врача привлечь к ответственности или хотя бы пусть извинится.
Ветеран боевых действий, ветеран ВС РФ, кавалер ордена ""За службу родине в ВС"" А. Игонин.
",2
2958,"Алматы. 21 декабря. Центр информации. Сложившегося рынка и ощутимых объемов спроса на электромобили в Казахстане нет по причине дороговизны, передает корреспондент МИА «Казинформ».        «Пока что сложившегося рынка в значимых масштабах и ощутимых объемов спроса на эту категорию транспорта, в силу его дороговизны, даже не по причине отсутствия инфраструктуры, в конечно счете можно приобрести оборудование для зарядки, можно пользоваться и бытовым источником электроэнергии для зарядки этих автомобилей. Основным барьером для развития этого сегмента остается  чрезвычайно высокая цена продажи», - отметил председатель правления союза предприятий  автомобильной отрасли Казахстана «КазАвтоПром» Олег Алферов.   По его мнению, развитие этого  сегмента возможно только в случае, если государство  обеспечит субсидирование приобретения автомобилей на электрической тяге. Но ожидать этого в казахстанских условиях не стоит, констатирует эксперт.    «Предполагалось, что уже к 2020 году, и это зафиксировано в программе индустриально-инновационного развития, объемы казахстанского рынка - рынка новых автомобилей достигнет отметки 300 тысяч единиц, это создаст возможность для локализации производства автокомпонентов. И как следствие приведет снижению зависимости от импортных поставок и снижению зависимости от валютных колебаний, но пока эти планы отодвигаются, но и не отменяются», - отметил глава союза  «КазАвтоПром».    По его данным, по итогам 11 месяцев в Казахстане было выпущено свыше 10 125 единиц автотранспорта, что на 22% ниже результатов 2015 года. За указанный период  официальными дилерами  реализовано 38,8 тыс легковых авто, что на 56% ниже показателей аналогичного периода 2015 года (88,4 тыс.)   Фото: damer.ru ",2
2769,"Останавливались несколько разКаждый раз в апартаментахТ.к.у нас маленький ребенок и есть необходимость в кухнеАпартаменты нуждаются в ремонте!!!Главный недостаток -это ужасные скрипучие паркетные полыНе работает термостат в душе и сливА так претензий нетЕще хотелось бы завтраки(горячая их часть)через день меняласьИ каких-то овощей по мимо помидорВ шаговой доступности зоопарк,пляж, большой парк,аквариум-есть чем занять дите",0
11752,"Оригинально.Осталось инженеру по ТБ спеть : мокрые кроссы или нарушение ТБ при использовании СИЗ:-)
",0
37786,"Молодцы
Очень благодарна мед. Центру вы изменили мое отношение к медицине и подходу к излечению, профессор Кривошапкин Алексей Леонидович просто молодец: так развернуто все объяснил по поводу предстоящей операции и послеоперационного периода, информация исчерпывающая, мед. персонал очень внимательный и тактичный! Реанимации отдельное спасибо! В общем, молодцы!
Операция нейрохирургическая ( удаление новообразования головного мозга) 25.11.2014 г.
",1
506,"Очень хороший отель в соотношении цена-качество! Отель чистый,современный и имеет все необходимое для хорошего сна и отдыха. Главный козырь отеля -это расположение, он находиться в непосредственной близости от улицы Рамбла! Если вы едите на несколько дней, чтобы посмотреть Барселону, а не сидеть в отеле, то вам сюда! Еще рекомендую обратить внимание на рестораны напротив-вкусно!",0
13063,"Ужинали вчера семьей в Афиете , прекрасное место !  Уютный интерьер , отлично сочетающий краски Востока и европейскую современность .  Меню разнообразное и цены не кусаются .  Что касаемо кухни , нигде и никогда не ела такой вкусной баранины , без специфического запаха , нежная , сочная ... мммм восторг восторг !! Обязательно придем ещё !  ",1
9038,"Сбер вроде только своим клиентам звонит, а не всем подряд
",0
11125,"как щирий ын своего народу , хочу сказать . 1 .  Сало не настоящее . 2 .  В меню руссизмы и ошибки . 3 .  Борщ таким на Украине не бывает . 4 . иногда хорошо вместо русской попсы поставить хотя бы океан Эльзы или Вопли видоплясова . 5 . после 11-ти вечера чувствовалась некая неуютность .  Если бы не праздничное мероприятие семейного направления ( день рождения друга ) , нам было бы скучно .  В этом отношении моковская сеть Тарас Бульбы выигрывает !  P / S / В ресторанах на Украин не принято торопить клиентов рассчитаться пораньше так как кому-то из персонала надо домой !  ",0
23335,"Бывала в этом ресторане неоднократно .  Чаще всего на корпоративных банкетах .  Обслуживание отвратительное .  Ждать заказ приходится вечность .  За это время можно съездить на другой конец Москвы .  Думала за такие деньги принесут что-то очень вкусное .  Нет .  После шашлыка из осетрины тошнило два дня .  Про водку и спиртные напитки разговор отдельный .  Такое ощущение что где-то в подвале технический спирт разливали вьетнамцы в фирменные бутылки .  Думала умру через пол часа , когда прихватило желудок .  Плюс ко всему мы ждали столик в фае наверно пол часа .  Бизнес ланч не меняется по пол года .  Ходила туда только потому что работала в этом здании , а время на обед было ограниченно .  В Макдоналдсе и то вкуснее кормят , да и денег намного меньше ...  ",2
46665,"Хочу поблагодарить врача-проктолога
Хочу поблагодарить врача-проктолога Захарьяна Валерия Григорьевича и его коллегу Горбенко О. Г. за профессионализм, внимание и просто человеческое отношение. Побольше таких врачей. Дерматолог Сафонова Т. Г. тоже большая умница и деликатная. И вообще мне со специалистами пока как-то везет.
",1
6603,"В этом отеле все прекрасно!!! Каждый номер имеет вид на море и небо, кровать стоит так, что просыпаясь и засыпая ты видишь линию горизонта и рейд из кораблей вдали. Из кровати выходить совсем не хочется, она потрясающе удобная, как будто обволакивает и не отпускает. Окно во всю стену, вдоль стоит мягкий пуф с подушками, сидеть на нем, смотреть на море и ощущать как будто-то ты паришь над ниб без каких либо преград. Отель идеально подойдет влюбленным романтикам, молодоженам или одиноким писателям )))",1
11165,"Я пилю таким диском иногда, но крайне осторожно. И у меня болгарка с регулируемой скоростью вращения. Ставлю такую скорость, что чуть закусит - так и останавливается, из рук тоже не вырвет. Кожух, щиток - само собой. И диаметр не больше 150 мм.
",0
31789,"Оставновились вдвоём, проездом, на один день. Очень уютный отель. Три звезды для него мало :).Персонал, обслуживание, номер - всё приятно порадовало.Рядом метро. В пешей доступности Воробьёвы горы, Нескушный сад, Новодевийчий монастырь...В относительный минус можно только звукоизоляцию записать.",1
7414,"Очень-очень вскусные коктейли , очень приятное обслуживание ( при заказе можно сказать : хочу , сама не совсем понимаю , что , но чтобы было сладко / кисло / горько и со вкусом ананаса / яблока / кокоса - приносят , и понимаешь , что это и есть то , что сама не зная , хочу ) .  А еще очень вкусно готовят - один из самых вкусных салатов цезарь я пробывала именно там .  А еще я там отмечала день рождение - все плучилось просто обалденно и до сих пор практически все мои гости вспоминают "" те вкусные коктейли и тот вкусный фуршет "" .  Жалко , что отсутсвуют танцы ((((  ",1
12756,"В Вчера , наконец , посетили с мужем этот ресторан , поскольку он находится возле нашего дома .  Зря потратили деньги и время .  Салат с тунцом абсолютно невкусный , просила дораду на гриле , а принесли засушенное филе сибаса .  Сухое вино ( просили ) оказалось розовым полусладким .  Не хотелось портить себе настроение , поэтому покорно съели и выпили то , что дали .  Обслуживание крайне навязчивое , при этом попытки изложить нам банальные , давно известные истины по поводу вина и еды раздражали в отдельности .  Кроме того запахи прогорклого рыбьего жира из кухни не добавили уверенности в свежести подаваемых блюд .  Собственно абсолютно пустой ресторан в вечернее время - самое яркое свидетельство его привлекательности .  ",0
14096,"Благодарность сотрудникам
Поступил 02.02.2013 в городскую больницу №19 во 2-е отделение кардиологии (зав. отделением Мозель А. И.) с АД 190/100.
За время лечения до 15.02.2013 АД устойчиво снизилось до 130/80. Отмечаю высокую квалификацию врачецй и медицинских сестер.
Выражаю благодарность медицинскому и обслуживающему персоналу 2-го кардиологического отделения гор. больницы №19.
",1
46832,"Отдыхали с мужем на Пхукете первый раз. Была до этого 3 раза в Паттайе. Отель небольшой, достаточно тихий, в 5 минутах ходьбы до пляжа.Пляж Карон очень понравился, хотя другие и не видели. Местные говорят, что на нем круглый год волны шарашат и только в феврале почти штиль. И правда, волн почти не было, нам повезло, 2 дня перед отъездом только были небольшие. Море классное, прозрачное, минус- планктон жжет сильно, особенно озверел 2 дня до отъезда, жалил так, что все руки в пятнах были(( и в море больше 3 минут выдержать не могла((Отель понравился- удачное расположение, на улочке все есть- магазины, обменники, салоны, рестораны- хорошо, что выбрали его, а не 1 линию. Прогулялись по ней- скучно, мне показалось, что туристы с 1 линии на нашей улице тусили)) персонал в отеле хороший, правда, на русском не говорят, только английский, но у нас проблем с языком нет, поэтому общались без проблем. Номер Стандарт на 1 этаже (подвал), пишут в отзывах, что если номер выходит на бассейн, но брызги летят в окно, у нас номер попался с другой стороны и окна выходили на бамбуковую стену, под окном посажены кустики в горшках, чтобы скрасить вид. Мы приходили в номер спать, поэтому вид меня вообще не заботил. Убирались каждый день и пляжные полотенца тоже меняли постоянно (кстати, очень удобно, что они выдаются в пляжной сумке). Минус номера - балкона нет, одежда и снаряга (мы дайверы) плохо сохла. Второй минус- завтраки. Не шведский стол, а официанты обслуживают, причем достаточно медленно, меню абсолютно одно и то же все дни, описано в других отзывах, надоедает, хотя по объему наедались. А вообще ресторан хороший, чуть дороже остальных на улице, но с 20% скидкой постояльцев примерно цена как везде получается. Вечером полно народу. В номере вай фай бесплатный, днем муж даже фильмы на своем планшете смотрел, в интернет спокойно выходили, все работает, вечерами помедленнее, конечно. Территории нет, но она нам и не нужна была, и в бассейне ни разу не купались, зачем он нужен, когда в 5 минутах хотьбы отличный пляж и море))) Все рядом - куча ресторанчиков, в разные ужинать ходили, массаж делали в салоне через дорогу, на территории храма по соседству с отелем рынок ночной вт и сб, одежда там дорогая, я на улице нашей такую же в магазинчиках дешевле прикупила, а вот мази можно подешевле там взять. В общем, не пожалели, что взяли этот отель. Поехала бы еще раз туда отдохнуть с удовольствием.",1
17794,"Итог лечения
Лечилась я как-то в этой больнице, так я это лечение на всю жизнь теперь запомнила. ВРАЧ была с 5-о отделения. Но как меня можно было довести до такого состояния! И не видеть какие последствия (последствия были ужасные). В целом скажу, что таких врачей как она нужно просто гнать! Слава Богу мы ей деньги не давали - за такое отношение и невнимательность для меня она теперь не врач. А позора для нее я еще найду (На всех сайтах!). У меня такое ощущение, что у нее не институт, а ПТУ. Пожалуйста, будьте внимательнее с ней! Слава Богу, что в другом месте мне помогли, но я хочу сказать, что их профессионализм и профессионализм этого врача на одну планку ставить нельзя.
",2
3721,"Благодарность
Владимир Викторович Швец - огромное спасибо вам за проделанный труд!
Сергей Васильевич Колесов, ну тут без слов - Бог!
Максим Леонидович Сажнев, большое спасибо.
Медсестры: Любочка, Леночка, Оксана - Вы на высоте.
Дай бог вам всего хорошего.
",1
8154,"Классный,стильный отель.Номера чистые,персонал вежлив.Расположение отличное.Рядом торговый центр,станция метро.Пляж недалеко.открытый сезонный бассейн,турецкая сауна,в номерах бесплатный интернет.Вид из номера был потрясающий",0
8590,"Впечатление хорошее - стандартный двойной номер достаточно просторный, чисто, персонал любезен. Расположение, действительно, очень удачное - от станции метро 2 минуты. Хороший район - не столько потому, что это Ку-дамм с дорогими магазинами и ресторанами. Немножко вглубь района и вы найдете более скромные, но ничуть не худшие магазины, рестораны и пиццерии, которыми пользуются жители района. Завтрак хороший. Мы специально просили номер потише - с окнами на улицу может быть несколько шумно. У нас окна выходили во внутренний дворик, было тихо. Инетернет не быстрый, но пользоваться можно. Минус - долгий путь на завтрак и не очень удобный лифт (работает от карты гостя, но далеко не сразу это получается).",0
13258,"Путешествовали на машине и останавливались тут на одну ночь. Очень удобно для тех кто едет дальше на юг, можно не заезжая в город переночевать и продолжить поездку максимально комфортно. Навигатор находит отель без проблем, так как находится прям у дороги, плутать не придется. Есть платная парковка, относительно дешевая, но мы парковались на городской бесплатной парковке на прилегающей улице прям перед входом в отель. Единственное что, дорога узкая и надо прятать боковые зеркала и даже не думайте заезжать на бардюр колесом, местные полисмены это контролируют.Сам отель бюджетный, особых надежд не возлагайте, но номера большие и чистые, на очень понравилось, за те деньги что мы заплатили большего требовать просто неприлично. Завтрак докупили отдельно, несколь не пожалели, очень достойны шведский стол. Интернет покупали на ресепции, тоже в стоимость номера не входит.С нами была собака, за нее тоже полагается доплата, вокруг отеля парковая зона, наш цвергпинчер был доволен. Отель могу смело советовать.",1
43280,"Нормальный отель . Просторный номер . Интересный дизайн . Бассейн есть , но не пользовались . Не очень уютно то , что пол бетонный - но есть тапочки . Есть полотенца для пляжа . Персонал очень доброжелательный-это явный плюс . ",1
4545,"Я спокойно таскала достаточно объемные сумки всю первую беременность, ничего не случилось. Беременность это норма, даже лучше работают все органы. Если без патологий, конечно. И большинство ахов по поводу этого состояния просто надуманы и провоцируют психозы. Мы сами себе внушаем что мы любим, а что нет, так что я бы предостерегла беременных слушать всякие ужасы о беременностях.  ну чтоб совсем долго не рыть (хотя у меня в друзьях несколько девочек, не боящихся штанги - визуально хрупких, тоненьких, изящных) -  Лена Миро. не женственная фигура?  Вы гинеколог или акушер?А у Миро есть кубики? Как бы это чаще говорит просто о низком проценте жира, а не о сильных мышцах пресса.  в таких случаях я за науку, а не за собственные умозаключения. если наука скажет: неблагоразумно (учитывая все вводные данные данной конкретной женщины) - соглашусь.",1
28768,"08/10/2011 отмечали свадьбу , все было превосходно .  Обслуживание отличное , спасибо им большое !  Огромное спасибо Анжелле Бондаренко и Марату , так же спасибо Шеф-кондитеру !!! Торт просто обалденно-вкусный !!!! Еда , обслуживание все на высшем уровне !  Огромное Вам спасибо за хороший , веселый , вкусный праздник !!!  ",2
54819,"Вспоминаю с удовольствием
Рожали третьего ребенка в 8 роддоме, в октябре 2010. Спасибо всему персоналу роддома, заведующей Захаренко Наталье Львовне, акушерке Елене Владимировне за их высочайший профессионализм! Благодаря их стараниям у нас родился здоровый малыш, роды прошли благополучно. Рожали по контракту. Условия пребывания отличные - отдельная палата, новая мебель, хороший ремонт. Туалет и душ на двоих с соседней палатой. Питание 4-х разовое, очень вкусно. Отношение персонала просто замечательное. Все, начиная с приемного отделения и кончая работниками столовой, относились к нам очень доброжелательно. Разрешены посещения, каждый день по нескольку часов. Каждую минутку, проведенную в роддоме, вспоминаю с удовольствием. Рожала третий раз, есть с чем сравнить!
",1
41166,"Огромная благодарность Богу и ребятам
Был в Рето Истра 7 лет назад, прошел курс 1.5 года, естественно было трудно (8 лет на игле), увидел как изменились пацаны, самому захотелось, поверил в Бога, набрался терпения, и Бог изменил мою жизнь, с центра уехал нормально, никаких проблем, родители выслали деньги, мне отдали, довезли до вокзала, т. ч не надо там наговаривать на пацанов, если ты изменился, то к тебе нормально отнесутся. Сейчас у меня все Слава Богу наладилось, прекрасная жена (христианка), замечательная дочь, хорошая работа, и самое главное пропало все желание к наркотикам, как будто и не было их в моей жизни. Привет пацам, Бучу, Альмендра, Хуан Полео, Витьку Борунову, Мопсу, дядя Толя, короче всем и пусть Бог вас благословляет всегда!
",1
8921,"... бывал на Петроградской и на Марата .. Как-то запомнились , что и там и там "" качели "" с парковкой автотранспорта ... если ничего не путаю , то на П. парковка на улице с односторонним движением ( стало быть , заезд вокруг квартала ) , а на М. - ну , там понятно всё :) Дифирамбы петь не стану , всё прилично .  Несколько раз встречался там с архитекторами - так очень удобно обсудить технические детали , тут же изобразив их на скатерти , очень конструктивный получается обед и диалог :) А если зайти с девушкой , то , в процессе беседы , можно изобразить для неё на скатерти средечко там , ну , или её имя написать .... это им нравится - действует безотказно ! :) :) :)  ",0
4023,"День выдался отличный солнечный , но правда ветер сдувал с улицы и занес нас в кафе Sal De Riso :)) Зашли , нас встретил приятный молодой человек , предложил столик у окна и сразу дал меню и удалился , оставив нас выбирать :) Глаза разбегались , хотелось попробовать все , но тогда мы не смогли выйти через двери ::)) Подошел молодой человек и помог сделать выбор , я взяла торт Чувство ( 230 ) и кофе Макачино ( 240 ) и еще заказали Капучино ( 200 ) вот он какой красивый и вкусный с нарисованной пенкой ::)))) к нему торт Джиффонезе ( 220 ) .  Все было подано быстро , красиво , обслуживание хорошее .  Интерьер спокойный в выдержанном все стиле .  На большом экране можно посмотреть как делаются десерты .  Кофе хороший , торты вкусные .  Но вот очень уж сладкие оооочень , желудок как , то ошалел немного и отказался слопать весь торт :::((( Думаю надо было , выбрать , что - то другое , что и планирую сделать , посетив еще раз кафе .  Да вопрос скажите , пожалуйста , как и в какие сроки все это доставляется в Россию ?  ",1
38256,"В клинике четвертый месяц
Лечусь в клинике четвертый месяц и наконец могу поделиться своим впечатлением. Точнее тем, какое впечатление я произвела на своих подруг. Недавно встречались за долгое время и первое, что они заметили - это мои волосы. С волосами у меня всегда были проблемы, а тут, первое, что спросили - это, что я сделала со своим волосами. Тут я раскрыла им свой секрет, что лечусь в клинике Антек. Я очень благодарна своим врачам - огромное спасибо за новые волосы!
",1
42820,"Не верьте положительным отзывам
Крайне непрофессиональный подход. Выколачивание денег. Результаты анализов со стороны игнорируют. Требуют провести в их клинике. Капельница 1 шт 2700 рублей, а курс 5. Вот и считайте. Разводилово на деньги.
",2
13092,"В начале сентября 2012 отмечали юбилей моей супруги в банкетном зале ПСБ на Шаумяна , 20 .  Собрались около 15 человек родственников и друзей .  Зал расположен в тихом месте , отдельный , посторонних нет .  По заказу , зал был украшен воздушными шариками .  Банкетное меню "" Premium "" - 2400 руб. / чел. всем понравилось , торжественный вынос шоу-блюда "" Фаршированная стерлядь "" вызвал овацию гостей .  Пробочного сбора нет , любые напитки можно привезти с собой или заранее .  Для развлечения гостей были приглашены артисты : Вадим - ведущий и DJ организовал забавные конкурсы и провел мастер-класс по танцам .  Фокусник Владимир пол часа весело дурачил гостей , очень зрелищный номер с летающим столиком , провожали Владимира апплодисментами .  Когда на улице стемнело , кульминацией праздничного верчера стало выступление артистов фаэр-шоу .  На улице шел дождь и были огромные лужи .  Ребята выступали с различными факелами прямо под дождём .  Сочетание двух стихий - воды и огня , оставило потрясающее впечатление .  Шоу завершилось фейерверком .  Отдельное спасибо менеджеру Яне Хруцкой , которая четко организовала нам этот праздник .  ",0
1896,"Прекрасный специалист
Постернак Людмила - очень классная, как специалист и как хороший человек. Всегда даёт квалифицированные консультации в своей отрасли и всегда выслушает, как родной и близкий человек. Спасибо Вам, Людмила, что Вы есть!
",1
37448,"Огромное спасибо Вам
Хочу поблагодарить доктора-остеопата Петрова Андрея Эдуардовича за реальную помощь в лечении моей спины. Перед тем, как попасть к нему, я принимал таблетки, натирал спину разными гелями, но честно говоря, без особого эффекта, всё равно позвоночник болел. А Андрей Эдуардович за несколько сеансов действительно избавил меня от боли. Огромное спасибо Вам!
",1
57358,"Будто я им родная
Очень внимательные врач и акушерка. Будто я им родная. Такое отношение ни за какие деньги не ""купишь"", это в самом человеке заложено. Потом врач заходила узнать, как у нас дела. В будущем - только туда! После: Врач - супер, педиатры - хамили и откровенно намекали на вознаграждение, медсестры тоже хорошие и внимательные. Белье чистое, хоть и рваненькое, меняют часто. Пожаловалась на плохое самочувствие (как при месячных) - тут же выписали и дали Но-шпу, в нормальной дозе, а не 1 таблетку!
",1
26341,"Мы путешествовали семьей и решили остановиться в этом отеле на 4 ночи, о чем не пожалели! Хотела бы поделиться со всеми своими впечатлениями! Мы прилетели утром, и несмотря что check-in начинается в 2 часа, они любезно предложили нам спустится на завтрак, а в это время приготовили нам комнату! Номер нам дали из двух комнат, что было очень кстати, так как нашей дочери уже 18 лет. Комната выполнена в традиционном стиле, с красивым балкончиком! Нельзя обойти вниманием и прекрасное расположение отеле, прямо в центре исторического района Султанахмет, в 5 минутах от основных достопримечательностей города. На последнем этаже находится ресторан Падишах, с захватывающим видом на Босфор, профессиональным сервисом, вкусной едой и красивым декором. Там же Вам предложат угостить Вас кофе или чаем в послеобеденное время! И хотя я редко возвращаюсь в одни и те же места, в этом отеле я бы остановилась и во время следующей своей поездки в Стабул!",1
13409,"Мы остановились в отеле Ivbergs Berlin Messe, чтобы посетить Берлинский Марафон 2013.Отель имеет хорошее расположение и предлагает хорошие и очень чистые комнаты. Завтрак был недорогой, персонал дружелюбный и любезный.Мы заплатили 110,00 ЕВРО за две ночи на двух человек, включая завтрак, который был недорог. Мы определенно остановились бы там снова в нашей следующей поездке, если цена будет приемлемой.",1
22100,"Мой юбилей я отмечал в ресторане "" Астория "" .  Этот ресторан пользуется репутацией одного из наиболее уважаемых заведений .  В праздновании юбилея приняло участие более 80 человек , в составе гостей преобладали ученые и руководители крупных фирм .  Дирекция ресторана сумела создать обстановку уюта , максимально приближенную к домашней .  Следует особо отметить качество и разнообразие блюд , приготовленных не только вкусно , но и с большой выдумкой - оформление осетров и поросят выглядело , как произведение искусства .  Все гости были единодушны в самой высокой оценке кухни ресторана , уровня обслуживания и гостеприимства .  Хотнелось бы еще раз выразить благодарность руководству ресторана и его коллективу .  А. К. Шрейбер , Вице-Президент Российской инженерной академии  ",2
2326,"Отлично встретили, разместили в роскошном номере с огромной террасой и с видом на башню, и когда заезжали вечером она была подсвечена, отличное начало путешествия.Сотрудники отеля отзывчивые и счастливые! Встречал нас Омар хорошо говорит по английски и порекомендовал нам, что посетить и во многом помогал советами! По его рекомендации сходили на шоу Фламенко, жена даже прослезилась от эмоций и страсти, которые разыгрались на сцене. Классное расположение отеля в 5 минутах от 3 станций метро, 2-е из них различные линии. Рядом много ресторанчиков и большой рынок, а в 1,5км большой торговый центр. Хотя по поводу расположения в Барселоне с метро, автобусами, велосипедами и тп все очень близко.Брали через сотрудников отеля автомобиль на прокат, так по цене бюджетного ниссана микра с ручкой, нам подкатили мини Купер с автоматом и извинились: ""мол извините ниссан уже забрали"". И очень удобно, что отель не в самом центре, т.к. Были места с бесплатной парковой возле отеля, в отличия от центра где были вынуждены платить за паркинг, при чем примерно стоимость аренды авто.Барселона супер. Обязательно приеду еще летом!:)",1
10478,"Была в Васаби на ст. метро Сенная .  Во первых ресторан оказался маленьким , так там еще не все меню ( карты вин нет , горячего тоже и т. д ) В итоге спустилась и зашла в суши-бар .  Суши были или не свежие или плохо сготовленные ( были очень сухими и вкус не тот ) .  А вот мороженое , вино и суп порадовали ) .  Но эти суши все испортили , больше в васаби не пойду (( А вот обслуживание хорошее ))  ",0
4028,"Ребята не стоит смотреть этот фильм. Вы молодые, шутливые, вам все легко. Это не то. Это не Зеленый слоник и даже не Сербский фильм . Сюда лучше не лезть. Серьезно, любой из вас будет жалеть. Лучше закройте плеер и забудьте что там видели. Я вполне понимаю что данным сообщением вызову дополнительный интерес, но хочу сразу предостеречь пытливых - стоп. Остальные просто не найдут.
",0
4830,"Про махание руками нигде  не нашел.  Почему сегодня обостряются отношения между Россией и США.Сергей Кара-МурзаСоединенные Штаты и Россия уже в XIX веке воспринимались как две сверхдержавы которые предлагали миру разные проекты.Соединенные Штаты были созданы диссидентами-протестантами из Европы, которых можно назвать фундаменталистами определенного проекта. В этом смысле они были  большей Европой, чем сама Европа . Они были носителями мессианизма. А у России произошел взлет православной мессианской философии после войны с Наполеоном. Было ощущение, что она тоже выходит со своим проектом, который выразился, в частности, в классической русской литературе. В мире она очень внимательно читалась и изучалась.",1
